0,0.838568
0.5,0.838143
1,0.837718
1.5,0.837293
2,0.836868
2.5,0.836443
3,0.836018
3.5,0.835593
4,0.835168
4.5,0.834743
5,0.834318
5.5,-0.0428767
6,-0.0433017
6.5,-0.0437267
7,-0.0441517
7.5,-0.0445767
8,-0.0450017
8.5,-0.0454267
9,-0.0458517
9.5,-0.0462767
10,-0.0467017
10.5,-0.0471267
11,-0.0475517
11.5,-0.0479767
12,-0.0484017
12.5,-0.0488267
13,-0.0492517
13.5,-0.0496767
14,-0.0501017
14.5,-0.0505267
15,-0.0509517
15.5,-0.0513767
16,-0.0518017
16.5,-0.0522267
17,-0.0526517
17.5,-0.0530767
18,-0.0535017
18.5,-0.0539267
19,-0.0543517
19.5,-0.0547767
20,-0.0552017
20.5,-0.0556267
21,-0.0560517
21.5,-0.0564767
22,-0.0569017
22.5,-0.0573267
23,-0.0577517
23.5,-0.0581767
24,-0.0586017
24.5,-0.0590267
25,-0.0594517
25.5,-0.0598767
26,-0.0603017
26.5,-0.0607267
27,-0.0611517
27.5,-0.0615767
28,-0.0620017
28.5,-0.0624267
29,-0.0628517
29.5,-0.0632767
30,-0.0637017
30.5,-0.0641267
31,-0.0645517
31.5,-0.0649767
32,-0.0654017
32.5,0.810943
33,0.810518
33.5,0.810093
34,0.809668
34.5,0.809243
35,0.808818
35.5,0.808393
36,0.807968
36.5,0.807543
37,0.807118
37.5,0.806693
38,0.806268
38.5,0.805843
39,0.805418
39.5,0.804993
40,0.804568
40.5,0.804143
41,0.803718
41.5,0.803293
42,0.802868
42.5,0.802443
43,0.802018
43.5,0.801593
44,0.801168
44.5,0.800743
45,0.800318
45.5,0.799893
46,0.799468
46.5,0.799043
47,0.798618
47.5,0.798193
48,0.797768
48.5,0.797343
49,-0.0798517
49.5,-0.0802767
50,-0.0807017
50.5,-0.0811267
51,-0.0815517
51.5,-0.0819767
52,-0.0824017
52.5,-0.0828267
53,-0.0832517
53.5,-0.0836767
54,-0.0841017
54.5,-0.0845267
55,-0.0849517
55.5,-0.0853767
56,-0.0858017
56.5,-0.0862267
57,-0.0866517
57.5,-0.0870767
58,-0.0875017
58.5,-0.0879267
59,-0.0883517
59.5,-0.0887767
60,-0.0892017
60.5,-0.0896267
61,-0.0900517
61.5,-0.0904767
62,-0.0909017
62.5,-0.0913267
63,-0.0917517
63.5,-0.0921767
64,-0.0926017
64.5,-0.0930267
65,-0.0934517
65.5,-0.0938767
66,-0.0943017
66.5,-0.0947267
67,-0.0951517
67.5,-0.0955767
68,-0.0960017
68.5,-0.0964267
69,-0.0968517
69.5,-0.0972767
70,-0.0977017
70.5,-0.0981267
71,-0.0985517
71.5,-0.0989767
72,-0.0994017
72.5,-0.0998267
73,-0.100252
73.5,-0.100677
74,-0.101102
74.5,-0.101527
75,0.774818
75.5,0.774393
76,0.773968
76.5,0.773543
77,0.773118
77.5,0.772693
78,0.772268
78.5,0.771843
79,0.771418
79.5,0.770993
80,0.770568
80.5,0.770143
81,0.769718
81.5,0.769293
82,0.768868
82.5,0.768443
83,0.768018
83.5,0.767593
84,0.767168
84.5,0.766743
85,0.766318
85.5,0.765893
86,0.765468
86.5,0.765043
87,0.764618
87.5,0.764193
88,0.763768
88.5,0.763343
89,0.762918
89.5,0.762493
90,0.762068
90.5,0.761643
91,0.761218
91.5,0.760793
92,0.760368
92.5,0.759943
93,-0.117252
93.5,-0.117677
94,-0.118102
94.5,-0.118527
95,-0.118952
95.5,-0.119377
96,-0.119802
96.5,-0.120227
97,-0.120652
97.5,-0.121077
98,-0.121502
98.5,-0.121927
99,-0.122352
99.5,-0.122777
100,-0.123202
100.5,-0.123627
101,-0.124052
101.5,-0.124477
102,-0.124902
102.5,-0.125327
103,-0.125752
103.5,-0.126177
104,-0.126602
104.5,-0.127027
105,-0.127452
105.5,-0.127877
106,-0.128302
106.5,-0.128727
107,-0.129152
107.5,-0.129577
108,-0.130002
108.5,-0.130427
109,-0.130852
109.5,-0.131277
110,-0.131702
110.5,-0.132127
111,-0.132552
111.5,-0.132977
112,-0.133402
112.5,-0.133827
113,-0.134252
113.5,-0.134677
114,-0.135102
114.5,0.741243
115,0.740818
115.5,0.740393
116,0.739968
116.5,0.739543
117,0.739118
117.5,0.738693
118,0.738268
118.5,0.737843
119,0.737418
119.5,0.736993
120,0.736568
120.5,0.736143
121,0.735718
121.5,0.735293
122,0.734868
122.5,0.734443
123,0.734018
123.5,0.733593
124,0.733168
124.5,0.732743
125,0.732318
125.5,0.731893
126,0.731468
126.5,0.731043
127,0.730618
127.5,0.730193
128,0.729768
128.5,0.729343
129,0.728918
129.5,0.728493
130,0.728068
130.5,0.727643
131,0.727218
131.5,0.726793
132,0.726368
132.5,0.725943
133,0.725518
133.5,0.725093
134,0.724668
134.5,0.724243
135,0.723818
135.5,0.723393
136,0.722968
136.5,0.722543
137,0.722118
137.5,0.721693
138,0.721268
138.5,0.720843
139,0.720418
139.5,0.719993
140,0.719568
140.5,0.719143
141,0.718718
141.5,0.718293
142,0.717868
142.5,0.717443
143,0.717018
143.5,0.716593
144,0.716168
144.5,0.715743
145,0.715318
145.5,0.714893
146,0.714468
146.5,-0.162727
147,-0.163152
147.5,-0.163577
148,-0.164002
148.5,-0.164427
149,-0.164852
149.5,-0.165277
150,-0.165702
150.5,-0.166127
151,-0.166552
151.5,-0.166977
152,-0.167402
152.5,-0.167827
153,-0.168252
153.5,-0.168677
154,-0.169102
154.5,-0.169527
155,-0.169952
155.5,-0.170377
156,-0.170802
156.5,-0.171227
157,-0.171652
157.5,-0.172077
158,-0.172502
158.5,-0.172927
159,-0.173352
159.5,-0.173777
160,-0.174202
160.5,-0.174627
161,-0.175052
161.5,-0.175477
162,-0.175902
162.5,-0.176327
163,-0.176752
163.5,-0.177177
164,-0.177602
164.5,-0.178027
165,-0.178452
165.5,-0.178877
166,-0.179302
166.5,-0.179727
167,-0.180152
167.5,-0.180577
168,-0.181002
168.5,-0.181427
169,-0.181852
169.5,-0.182277
170,-0.182702
170.5,-0.183127
171,-0.183552
171.5,-0.183977
172,-0.184402
172.5,-0.184827
173,-0.185252
173.5,-0.185677
174,-0.186102
174.5,-0.186527
175,-0.186952
175.5,-0.187377
176,-0.187802
176.5,-0.188227
177,-0.188652
177.5,-0.189077
178,-0.189502
178.5,-0.189927
179,-0.190352
179.5,-0.190777
180,-0.191202
180.5,-0.191627
181,-0.192052
181.5,-0.192477
182,-0.192902
182.5,-0.193327
183,-0.193752
183.5,-0.194177
184,-0.194602
184.5,-0.195027
185,-0.195452
185.5,-0.195877
186,-0.196302
186.5,-0.196727
187,-0.197152
187.5,-0.197577
188,-0.198002
188.5,-0.198427
189,-0.198852
189.5,-0.199277
190,-0.199702
190.5,-0.200127
191,-0.200552
191.5,-0.200977
192,-0.201402
192.5,-0.201827
193,-0.202252
193.5,-0.202677
194,-0.203102
194.5,-0.203527
195,-0.203952
195.5,-0.204377
196,-0.204802
196.5,-0.205227
197,-0.205652
197.5,-0.206077
198,-0.206502
198.5,0.669843
199,0.669418
199.5,0.668993
200,0.668568
200.5,0.668143
201,0.667718
201.5,0.667293
202,0.666868
202.5,0.666443
203,0.666018
203.5,0.665593
204,0.665168
204.5,0.664743
205,0.664318
205.5,0.663893
206,0.663468
206.5,0.663043
207,0.662618
207.5,0.662193
208,0.661768
208.5,0.661343
209,-0.215852
209.5,-0.216277
210,-0.216702
210.5,-0.217127
211,-0.217552
211.5,-0.217977
212,-0.218402
212.5,-0.218827
213,-0.219252
213.5,-0.219677
214,-0.220102
214.5,-0.220527
215,-0.220952
215.5,-0.221377
216,-0.221802
216.5,-0.222227
217,-0.222652
217.5,-0.223077
218,-0.223502
218.5,-0.223927
219,-0.224352
219.5,-0.224777
220,-0.225202
220.5,-0.225627
221,-0.226052
221.5,-0.226477
222,-0.226902
222.5,-0.227327
223,-0.227752
223.5,-0.228177
224,-0.228602
224.5,-0.229027
225,-0.229452
225.5,-0.229877
226,-0.230302
226.5,-0.230727
227,-0.231152
227.5,-0.231577
228,-0.232002
228.5,-0.232427
229,-0.232852
229.5,-0.233277
230,-0.233702
230.5,-0.234127
231,-0.234552
231.5,-0.234977
232,-0.235402
232.5,-0.235827
233,-0.236252
233.5,-0.236677
234,-0.237102
234.5,-0.237527
235,-0.237952
235.5,-0.238377
236,-0.238802
236.5,-0.239227
237,-0.239652
237.5,-0.240077
238,-0.240502
238.5,-0.240927
239,-0.241352
239.5,-0.241777
240,-0.242202
240.5,-0.242627
241,-0.243052
241.5,-0.243477
242,-0.243902
242.5,-0.244327
243,-0.244752
243.5,-0.245177
244,-0.245602
244.5,-0.246027
245,-0.246452
245.5,-0.246877
246,-0.247302
246.5,-0.247727
247,-0.248152
247.5,-0.248577
248,-0.249002
248.5,-0.249427
249,-0.249852
249.5,-0.250277
250,-0.250702
250.5,-0.251127
251,-0.251552
251.5,-0.251977
252,0.624368
252.5,0.623943
253,0.623518
253.5,0.623093
254,0.622668
254.5,0.622243
255,0.621818
255.5,0.621393
256,0.620968
256.5,0.620543
257,0.620118
257.5,0.619693
258,0.619268
258.5,0.618843
259,0.618418
259.5,0.617993
260,0.617568
260.5,-0.259627
261,-0.260052
261.5,-0.260477
262,-0.260902
262.5,-0.261327
263,-0.261752
263.5,-0.262177
264,-0.262602
264.5,-0.263027
265,-0.263452
265.5,-0.263877
266,-0.264302
266.5,-0.264727
267,-0.265152
267.5,-0.265577
268,-0.266002
268.5,-0.266427
269,-0.266852
269.5,-0.267277
270,-0.267702
270.5,-0.268127
271,-0.268552
271.5,-0.268977
272,-0.269402
272.5,-0.269827
273,-0.270252
273.5,-0.270677
274,-0.271102
274.5,-0.271527
275,-0.271952
275.5,-0.272377
276,-0.272802
276.5,-0.273227
277,-0.273652
277.5,-0.274077
278,-0.274502
278.5,-0.274927
279,-0.275352
279.5,-0.275777
280,-0.276202
280.5,-0.276627
281,-0.277052
281.5,-0.277477
282,-0.277902
282.5,-0.278327
283,-0.278752
283.5,-0.279177
284,-0.279602
284.5,-0.280027
285,-0.280452
285.5,-0.280877
286,-0.281302
286.5,-0.281727
287,-0.282152
287.5,-0.282577
288,-0.283002
288.5,-0.283427
289,-0.283852
289.5,-0.284277
290,-0.284702
290.5,-0.285127
291,-0.285552
291.5,-0.285977
292,-0.286402
292.5,-0.286827
293,-0.287252
293.5,-0.287677
294,-0.288102
294.5,-0.288527
295,-0.288952
295.5,-0.289377
296,-0.289802
296.5,0.586543
297,0.586118
297.5,0.585693
298,0.585268
298.5,0.584843
299,0.584418
299.5,0.583993
300,0.583568
300.5,0.583143
301,0.582718
301.5,0.582293
302,0.581868
302.5,0.581443
303,0.581018
303.5,0.580593
304,0.580168
304.5,0.579743
305,0.579318
305.5,0.578893
306,0.578468
306.5,0.578043
307,0.577618
307.5,0.577193
308,0.576768
308.5,0.576343
309,0.575918
309.5,0.575493
310,0.575068
310.5,0.574643
311,0.574218
311.5,0.573793
312,0.573368
312.5,-0.303827
313,-0.304252
313.5,-0.304677
314,-0.305102
314.5,-0.305527
315,-0.305952
315.5,-0.306377
316,-0.306802
316.5,-0.307227
317,-0.307652
317.5,-0.308077
318,-0.308502
318.5,-0.308927
319,-0.309352
319.5,-0.309777
320,-0.310202
320.5,-0.310627
321,-0.311052
321.5,-0.311477
322,-0.311902
322.5,-0.312327
323,-0.312752
323.5,-0.313177
324,-0.313602
324.5,-0.314027
325,-0.314452
325.5,-0.314877
326,-0.315302
326.5,-0.315727
327,-0.316152
327.5,-0.316577
328,-0.317002
328.5,-0.317427
329,-0.317852
329.5,-0.318277
330,-0.318702
330.5,-0.319127
331,-0.319552
331.5,-0.319977
332,-0.320402
332.5,-0.320827
333,-0.321252
333.5,-0.321677
334,-0.322102
334.5,-0.322527
335,-0.322952
335.5,-0.323377
336,-0.323802
336.5,-0.324227
337,-0.324652
337.5,-0.325077
338,-0.325502
338.5,-0.325927
339,-0.326352
339.5,0.549993
340,0.549568
340.5,0.549143
341,0.548718
341.5,0.548293
342,0.547868
342.5,0.547443
343,0.547018
343.5,0.546593
344,0.546168
344.5,0.545743
345,0.545318
345.5,0.544893
346,0.544468
346.5,0.544043
347,0.543618
347.5,0.543193
348,0.542768
348.5,0.542343
349,0.541918
349.5,0.541493
350,0.541068
350.5,0.540643
351,0.540218
351.5,0.539793
352,0.539368
352.5,0.538943
353,0.538518
353.5,0.538093
354,0.537668
354.5,0.537243
355,0.536818
355.5,0.536393
356,-0.340802
356.5,-0.341227
357,-0.341652
357.5,-0.342077
358,-0.342502
358.5,-0.342927
359,-0.343352
359.5,-0.343777
360,-0.344202
360.5,-0.344627
361,-0.345052
361.5,-0.345477
362,-0.345902
362.5,-0.346327
363,-0.346752
363.5,-0.347177
364,-0.347602
364.5,-0.348027
365,-0.348452
365.5,-0.348877
366,-0.349302
366.5,-0.349727
367,-0.350152
367.5,-0.350577
368,-0.351002
368.5,-0.351427
369,-0.351852
369.5,-0.352277
370,-0.352702
370.5,-0.353127
371,-0.353552
371.5,-0.353977
372,-0.354402
372.5,-0.354827
373,-0.355252
373.5,-0.355677
374,-0.356102
374.5,-0.356527
375,-0.356952
375.5,-0.357377
376,-0.357802
376.5,-0.358227
377,-0.358652
377.5,-0.359077
378,-0.359502
378.5,-0.359927
379,-0.360352
379.5,-0.360777
380,-0.361202
380.5,-0.361627
381,-0.362052
381.5,-0.362477
382,0.513868
382.5,0.513443
383,0.513018
383.5,0.512593
384,0.512168
384.5,0.511743
385,0.511318
385.5,0.510893
386,0.510468
386.5,0.510043
387,0.509618
387.5,0.509193
388,0.508768
388.5,0.508343
389,0.507918
389.5,0.507493
390,0.507068
390.5,0.506643
391,0.506218
391.5,0.505793
392,0.505368
392.5,0.504943
393,0.504518
393.5,0.504093
394,0.503668
394.5,0.503243
395,0.502818
395.5,0.502393
396,0.501968
396.5,0.501543
397,0.501118
397.5,0.500693
398,0.500268
398.5,0.499843
399,0.499418
399.5,0.498993
400,-0.378202
400.5,-0.378627
401,-0.379052
401.5,-0.379477
402,-0.379902
402.5,-0.380327
403,-0.380752
403.5,-0.381177
404,-0.381602
404.5,-0.382027
405,-0.382452
405.5,-0.382877
406,-0.383302
406.5,-0.383727
407,-0.384152
407.5,-0.384577
408,-0.385002
408.5,-0.385427
409,-0.385852
409.5,-0.386277
410,-0.386702
410.5,-0.387127
411,-0.387552
411.5,-0.387977
412,-0.388402
412.5,-0.388827
413,-0.389252
413.5,-0.389677
414,-0.390102
414.5,-0.390527
415,-0.390952
415.5,-0.391377
416,-0.391802
416.5,-0.392227
417,-0.392652
417.5,-0.393077
418,-0.393502
418.5,-0.393927
419,-0.394352
419.5,-0.394777
420,-0.395202
420.5,-0.395627
421,-0.396052
421.5,0.480293
422,0.479868
422.5,0.479443
423,0.479018
423.5,0.478593
424,0.478168
424.5,0.477743
425,0.477318
425.5,0.476893
426,0.476468
426.5,0.476043
427,0.475618
427.5,0.475193
428,0.474768
428.5,0.474343
429,0.473918
429.5,0.473493
430,0.473068
430.5,0.472643
431,0.472218
431.5,0.471793
432,0.471368
432.5,0.470943
433,0.470518
433.5,0.470093
434,0.469668
434.5,0.469243
435,0.468818
435.5,0.468393
436,0.467968
436.5,0.467543
437,0.467118
437.5,0.466693
438,0.466268
438.5,0.465843
439,0.465418
439.5,0.464993
440,0.464568
440.5,0.464143
441,0.463718
441.5,0.463293
442,0.462868
442.5,0.462443
443,0.462018
443.5,0.461593
444,0.461168
444.5,0.460743
445,0.460318
445.5,0.459893
446,0.459468
446.5,0.459043
447,0.458618
447.5,0.458193
448,0.457768
448.5,0.457343
449,0.456918
449.5,0.456493
450,0.456068
450.5,0.455643
451,0.455218
451.5,0.454793
452,0.454368
452.5,0.453943
453,0.453518
453.5,-0.423677
454,-0.424102
454.5,-0.424527
455,-0.424952
455.5,-0.425377
456,-0.425802
456.5,-0.426227
457,-0.426652
457.5,-0.427077
458,-0.427502
458.5,-0.427927
459,-0.428352
459.5,-0.428777
460,-0.429202
460.5,-0.429627
461,-0.430052
461.5,-0.430477
462,-0.430902
462.5,-0.431327
463,-0.431752
463.5,-0.432177
464,-0.432602
464.5,-0.433027
465,-0.433452
465.5,-0.433877
466,-0.434302
466.5,-0.434727
467,-0.435152
467.5,-0.435577
468,-0.436002
468.5,-0.436427
469,-0.436852
469.5,-0.437277
470,-0.437702
470.5,-0.438127
471,-0.438552
471.5,-0.438977
472,-0.439402
472.5,-0.439827
473,-0.440252
473.5,-0.440677
474,-0.441102
474.5,-0.441527
475,-0.441952
475.5,-0.442377
476,-0.442802
476.5,-0.443227
477,-0.443652
477.5,-0.444077
478,-0.444502
478.5,-0.444927
479,-0.445352
479.5,-0.445777
480,-0.446202
480.5,-0.446627
481,-0.447052
481.5,-0.447477
482,-0.447902
482.5,-0.448327
483,-0.448752
483.5,-0.449177
484,-0.449602
484.5,-0.450027
485,-0.450452
485.5,-0.450877
486,-0.451302
486.5,-0.451727
487,-0.452152
487.5,-0.452577
488,-0.453002
488.5,-0.453427
489,-0.453852
489.5,-0.454277
490,-0.454702
490.5,-0.455127
491,-0.455552
491.5,-0.455977
492,-0.456402
492.5,-0.456827
493,-0.457252
493.5,-0.457677
494,-0.458102
494.5,-0.458527
495,-0.458952
495.5,-0.459377
496,-0.459802
496.5,-0.460227
497,-0.460652
497.5,-0.461077
498,-0.461502
498.5,-0.461927
499,-0.462352
499.5,-0.462777
500,-0.463202
500.5,-0.463627
501,-0.464052
501.5,-0.464477
502,-0.464902
502.5,-0.465327
503,-0.465752
503.5,-0.466177
504,-0.466602
504.5,-0.467027
505,-0.467452
505.5,0.408893
506,0.408468
506.5,0.408043
507,0.407618
507.5,0.407193
508,0.406768
508.5,0.406343
509,0.405918
509.5,0.405493
510,0.405068
510.5,0.404643
511,0.404218
511.5,0.403793
512,0.403368
512.5,0.402943
513,0.402518
513.5,0.402093
514,0.401668
514.5,0.401243
515,0.400818
515.5,0.400393
516,-0.476802
516.5,-0.477227
517,-0.477652
517.5,-0.478077
518,-0.478502
518.5,-0.478927
519,-0.479352
519.5,-0.479777
520,-0.480202
520.5,-0.480627
521,-0.481052
521.5,-0.481477
522,-0.481902
522.5,-0.482327
523,-0.482752
523.5,-0.483177
524,-0.483602
524.5,-0.484027
525,-0.484452
525.5,-0.484877
526,-0.485302
526.5,-0.485727
527,-0.486152
527.5,-0.486577
528,-0.487002
528.5,-0.487427
529,-0.487852
529.5,-0.488277
530,-0.488702
530.5,-0.489127
531,-0.489552
531.5,-0.489977
532,-0.490402
532.5,-0.490827
533,-0.491252
533.5,-0.491677
534,-0.492102
534.5,-0.492527
535,-0.492952
535.5,-0.493377
536,-0.493802
536.5,-0.494227
537,-0.494652
537.5,-0.495077
538,-0.495502
538.5,-0.495927
539,-0.496352
539.5,-0.496777
540,-0.497202
540.5,-0.497627
541,-0.498052
541.5,-0.498477
542,-0.498902
542.5,-0.499327
543,-0.499752
543.5,-0.500177
544,-0.500602
544.5,-0.501027
545,-0.501452
545.5,-0.501877
546,-0.502302
546.5,-0.502727
547,-0.503152
547.5,-0.503577
548,-0.504002
548.5,-0.504427
549,-0.504852
549.5,-0.505277
550,-0.505702
550.5,-0.506127
551,-0.506552
551.5,-0.506977
552,-0.507402
552.5,-0.507827
553,-0.508252
553.5,-0.508677
554,-0.509102
554.5,-0.509527
555,-0.509952
555.5,-0.510377
556,-0.510802
556.5,-0.511227
557,-0.511652
557.5,-0.512077
558,-0.512502
558.5,-0.512927
559,0.363418
559.5,0.362993
560,0.362568
560.5,0.362143
561,0.361718
561.5,0.361293
562,0.360868
562.5,0.360443
563,0.360018
563.5,0.359593
564,0.359168
564.5,0.358743
565,0.358318
565.5,0.357893
566,0.357468
566.5,0.357043
567,0.356618
567.5,-0.520577
568,-0.521002
568.5,-0.521427
569,-0.521852
569.5,-0.522277
570,-0.522702
570.5,-0.523127
571,-0.523552
571.5,-0.523977
572,-0.524402
572.5,-0.524827
573,-0.525252
573.5,-0.525677
574,-0.526102
574.5,-0.526527
575,-0.526952
575.5,-0.527377
576,-0.527802
576.5,-0.528227
577,-0.528652
577.5,-0.529077
578,-0.529502
578.5,-0.529927
579,-0.530352
579.5,-0.530777
580,-0.531202
580.5,-0.531627
581,-0.532052
581.5,-0.532477
582,-0.532902
582.5,-0.533327
583,-0.533752
583.5,-0.534177
584,-0.534602
584.5,-0.535027
585,-0.535452
585.5,-0.535877
586,-0.536302
586.5,-0.536727
587,-0.537152
587.5,-0.537577
588,-0.538002
588.5,-0.538427
589,-0.538852
589.5,-0.539277
590,-0.539702
590.5,-0.540127
591,-0.540552
591.5,-0.540977
592,-0.541402
592.5,-0.541827
593,-0.542252
593.5,-0.542677
594,-0.543102
594.5,-0.543527
595,-0.543952
595.5,-0.544377
596,-0.544802
596.5,-0.545227
597,-0.545652
597.5,-0.546077
598,-0.546502
598.5,-0.546927
599,-0.547352
599.5,-0.547777
600,-0.548202
600.5,-0.548627
601,-0.549052
601.5,-0.549477
602,-0.549902
602.5,-0.550327
603,-0.550752
603.5,0.325593
604,0.325168
604.5,0.324743
605,0.324318
605.5,0.323893
606,0.323468
606.5,0.323043
607,0.322618
607.5,0.322193
608,0.321768
608.5,0.321343
609,0.320918
609.5,0.320493
610,0.320068
610.5,0.319643
611,0.319218
611.5,0.318793
612,0.318368
612.5,0.317943
613,0.317518
613.5,0.317093
614,0.316668
614.5,0.316243
615,0.315818
615.5,0.315393
616,0.314968
616.5,0.314543
617,0.314118
617.5,0.313693
618,0.313268
618.5,0.312843
619,0.312418
619.5,-0.564777
620,-0.565202
620.5,-0.565627
621,-0.566052
621.5,-0.566477
622,-0.566902
622.5,-0.567327
623,-0.567752
623.5,-0.568177
624,-0.568602
624.5,-0.569027
625,-0.569452
625.5,-0.569877
626,-0.570302
626.5,-0.570727
627,-0.571152
627.5,-0.571577
628,-0.572002
628.5,-0.572427
629,-0.572852
629.5,-0.573277
630,-0.573702
630.5,-0.574127
631,-0.574552
631.5,-0.574977
632,-0.575402
632.5,-0.575827
633,-0.576252
633.5,-0.576677
634,-0.577102
634.5,-0.577527
635,-0.577952
635.5,-0.578377
636,-0.578802
636.5,-0.579227
637,-0.579652
637.5,-0.580077
638,-0.580502
638.5,-0.580927
639,-0.581352
639.5,-0.581777
640,-0.582202
640.5,-0.582627
641,-0.583052
641.5,-0.583477
642,-0.583902
642.5,-0.584327
643,-0.584752
643.5,-0.585177
644,-0.585602
644.5,-0.586027
645,-0.586452
645.5,-0.586877
646,-0.587302
646.5,0.289043
647,0.288618
647.5,0.288193
648,0.287768
648.5,0.287343
649,0.286918
649.5,0.286493
650,0.286068
650.5,0.285643
651,0.285218
651.5,0.284793
652,0.284368
652.5,0.283943
653,0.283518
653.5,0.283093
654,0.282668
654.5,0.282243
655,0.281818
655.5,0.281393
656,0.280968
656.5,0.280543
657,0.280118
657.5,0.279693
658,0.279268
658.5,0.278843
659,0.278418
659.5,0.277993
660,0.277568
660.5,0.277143
661,0.276718
661.5,0.276293
662,0.275868
662.5,0.275443
663,-0.601752
663.5,-0.602177
664,-0.602602
664.5,-0.603027
665,-0.603452
665.5,-0.603877
666,-0.604302
666.5,-0.604727
667,-0.605152
667.5,-0.605577
668,-0.606002
668.5,-0.606427
669,-0.606852
669.5,-0.607277
670,-0.607702
670.5,-0.608127
671,-0.608552
671.5,-0.608977
672,-0.609402
672.5,-0.609827
673,-0.610252
673.5,-0.610677
674,-0.611102
674.5,-0.611527
675,-0.611952
675.5,-0.612377
676,-0.612802
676.5,-0.613227
677,-0.613652
677.5,-0.614077
678,-0.614502
678.5,-0.614927
679,-0.615352
679.5,-0.615777
680,-0.616202
680.5,-0.616627
681,-0.617052
681.5,-0.617477
682,-0.617902
682.5,-0.618327
683,-0.618752
683.5,-0.619177
684,-0.619602
684.5,-0.620027
685,-0.620452
685.5,-0.620877
686,-0.621302
686.5,-0.621727
687,-0.622152
687.5,-0.622577
688,-0.623002
688.5,-0.623427
689,0.252918
689.5,0.252493
690,0.252068
690.5,0.251643
691,0.251218
691.5,0.250793
692,0.250368
692.5,0.249943
693,0.249518
693.5,0.249093
694,0.248668
694.5,0.248243
695,0.247818
695.5,0.247393
696,0.246968
696.5,0.246543
697,0.246118
697.5,0.245693
698,0.245268
698.5,0.244843
699,0.244418
699.5,0.243993
700,0.243568
700.5,0.243143
701,0.242718
701.5,0.242293
702,0.241868
702.5,0.241443
703,0.241018
703.5,0.240593
704,0.240168
704.5,0.239743
705,0.239318
705.5,0.238893
706,0.238468
706.5,0.238043
707,-0.639152
707.5,-0.639577
708,-0.640002
708.5,-0.640427
709,-0.640852
709.5,-0.641277
710,-0.641702
710.5,-0.642127
711,-0.642552
711.5,-0.642977
712,-0.643402
712.5,-0.643827
713,-0.644252
713.5,-0.644677
714,-0.645102
714.5,-0.645527
715,-0.645952
715.5,-0.646377
716,-0.646802
716.5,-0.647227
717,-0.647652
717.5,-0.648077
718,-0.648502
718.5,-0.648927
719,-0.649352
719.5,-0.649777
720,-0.650202
720.5,-0.650627
721,-0.651052
721.5,-0.651477
722,-0.651902
722.5,-0.652327
723,-0.652752
723.5,-0.653177
724,-0.653602
724.5,-0.654027
725,-0.654452
725.5,-0.654877
726,-0.655302
726.5,-0.655727
727,-0.656152
727.5,-0.656577
728,-0.657002
728.5,0.219343
729,0.218918
729.5,0.218493
730,0.218068
730.5,0.217643
731,0.217218
731.5,0.216793
732,0.216368
732.5,0.215943
733,0.215518
733.5,0.215093
734,0.214668
734.5,0.214243
735,0.213818
735.5,0.213393
736,0.212968
736.5,0.212543
737,0.212118
737.5,0.211693
738,0.211268
738.5,0.210843
739,0.210418
739.5,0.209993
740,0.209568
740.5,0.209143
741,0.208718
741.5,0.208293
742,0.207868
742.5,0.207443
743,0.207018
743.5,0.206593
744,0.206168
744.5,0.205743
745,0.205318
745.5,0.204893
746,0.204468
746.5,0.204043
747,0.203618
747.5,0.203193
748,0.202768
748.5,0.202343
749,0.201918
749.5,0.201493
750,0.201068
750.5,0.200643
751,0.200218
751.5,0.199793
752,0.199368
752.5,0.198943
753,0.198518
753.5,0.198093
754,0.197668
754.5,0.197243
755,0.196818
755.5,0.196393
756,0.195968
756.5,0.195543
757,0.195118
757.5,0.194693
758,0.194268
758.5,0.193843
759,0.193418
759.5,0.192993
760,0.192568
760.5,-0.684627
761,-0.685052
761.5,-0.685477
762,-0.685902
762.5,-0.686327
763,-0.686752
763.5,-0.687177
764,-0.687602
764.5,-0.688027
765,-0.688452
765.5,-0.688877
766,-0.689302
766.5,-0.689727
767,-0.690152
767.5,-0.690577
768,-0.691002
768.5,-0.691427
769,-0.691852
769.5,-0.692277
770,-0.692702
770.5,-0.693127
771,-0.693552
771.5,-0.693977
772,-0.694402
772.5,-0.694827
773,-0.695252
773.5,-0.695677
774,-0.696102
774.5,-0.696527
775,-0.696952
775.5,-0.697377
776,-0.697802
776.5,-0.698227
777,-0.698652
777.5,-0.699077
778,-0.699502
778.5,-0.699927
779,-0.700352
779.5,-0.700777
780,-0.701202
780.5,-0.701627
781,-0.702052
781.5,-0.702477
782,-0.702902
782.5,-0.703327
783,-0.703752
783.5,-0.704177
784,-0.704602
784.5,-0.705027
785,-0.705452
785.5,-0.705877
786,-0.706302
786.5,-0.706727
787,-0.707152
787.5,-0.707577
788,-0.708002
788.5,-0.708427
789,-0.708852
789.5,-0.709277
790,-0.709702
790.5,-0.710127
791,-0.710552
791.5,-0.710977
792,-0.711402
792.5,-0.711827
793,-0.712252
793.5,-0.712677
794,-0.713102
794.5,-0.713527
795,-0.713952
795.5,-0.714377
796,-0.714802
796.5,-0.715227
797,-0.715652
797.5,-0.716077
798,-0.716502
798.5,-0.716927
799,-0.717352
799.5,-0.717777
800,-0.718202
800.5,-0.718627
801,-0.719052
801.5,-0.719477
802,-0.719902
802.5,-0.720327
803,-0.720752
803.5,-0.721177
804,-0.721602
804.5,-0.722027
805,-0.722452
805.5,-0.722877
806,-0.723302
806.5,-0.723727
807,-0.724152
807.5,-0.724577
808,-0.725002
808.5,-0.725427
809,-0.725852
809.5,-0.726277
810,-0.726702
810.5,-0.727127
811,-0.727552
811.5,-0.727977
812,-0.728402
812.5,0.147943
813,0.147518
813.5,0.147093
814,0.146668
814.5,0.146243
815,0.145818
815.5,0.145393
816,0.144968
816.5,0.144543
817,0.144118
817.5,0.143693
818,0.143268
818.5,0.142843
819,0.142418
819.5,0.141993
820,0.141568
820.5,0.141143
821,0.140718
821.5,0.140293
822,0.139868
822.5,0.139443
823,-0.737752
823.5,-0.738177
824,-0.738602
824.5,-0.739027
825,-0.739452
825.5,-0.739877
826,-0.740302
826.5,-0.740727
827,-0.741152
827.5,-0.741577
828,-0.742002
828.5,-0.742427
829,-0.742852
829.5,-0.743277
830,-0.743702
830.5,-0.744127
831,-0.744552
831.5,-0.744977
832,-0.745402
832.5,-0.745827
833,-0.746252
833.5,-0.746677
834,-0.747102
834.5,-0.747527
835,-0.747952
835.5,-0.748377
836,-0.748802
836.5,-0.749227
837,-0.749652
837.5,-0.750077
838,-0.750502
838.5,-0.750927
839,-0.751352
839.5,-0.751777
840,-0.752202
840.5,-0.752627
841,-0.753052
841.5,-0.753477
842,-0.753902
842.5,-0.754327
843,-0.754752
843.5,-0.755177
844,-0.755602
844.5,-0.756027
845,-0.756452
845.5,-0.756877
846,-0.757302
846.5,-0.757727
847,-0.758152
847.5,-0.758577
848,-0.759002
848.5,-0.759427
849,-0.759852
849.5,-0.760277
850,-0.760702
850.5,-0.761127
851,-0.761552
851.5,-0.761977
852,-0.762402
852.5,-0.762827
853,-0.763252
853.5,-0.763677
854,-0.764102
854.5,-0.764527
855,-0.764952
855.5,-0.765377
856,-0.765802
856.5,-0.766227
857,-0.766652
857.5,-0.767077
858,-0.767502
858.5,-0.767927
859,-0.768352
859.5,-0.768777
860,-0.769202
860.5,-0.769627
861,-0.770052
861.5,-0.770477
862,-0.770902
862.5,-0.771327
863,-0.771752
863.5,-0.772177
864,-0.772602
864.5,-0.773027
865,-0.773452
865.5,-0.773877
866,0.102468
866.5,0.102043
867,0.101618
867.5,0.101193
868,0.100768
868.5,0.100343
869,0.0999176
869.5,0.0994926
870,0.0990676
870.5,0.0986426
871,0.0982176
871.5,0.0977926
872,0.0973676
872.5,0.0969426
873,0.0965176
873.5,0.0960926
874,0.0956676
874.5,-0.781527
875,-0.781952
875.5,-0.782377
876,-0.782802
876.5,-0.783227
877,-0.783652
877.5,-0.784077
878,-0.784502
878.5,-0.784927
879,-0.785352
879.5,-0.785777
880,-0.786202
880.5,-0.786627
881,-0.787052
881.5,-0.787477
882,-0.787902
882.5,-0.788327
883,-0.788752
883.5,-0.789177
884,-0.789602
884.5,-0.790027
885,-0.790452
885.5,-0.790877
886,-0.791302
886.5,-0.791727
887,-0.792152
887.5,-0.792577
888,-0.793002
888.5,-0.793427
889,-0.793852
889.5,-0.794277
890,-0.794702
890.5,-0.795127
891,-0.795552
891.5,-0.795977
892,-0.796402
892.5,-0.796827
893,-0.797252
893.5,-0.797677
894,-0.798102
894.5,-0.798527
895,-0.798952
895.5,-0.799377
896,-0.799802
896.5,-0.800227
897,-0.800652
897.5,-0.801077
898,-0.801502
898.5,-0.801927
899,-0.802352
899.5,-0.802777
900,-0.803202
900.5,-0.803627
901,-0.804052
901.5,-0.804477
902,-0.804902
902.5,-0.805327
903,-0.805752
903.5,-0.806177
904,-0.806602
904.5,-0.807027
905,-0.807452
905.5,-0.807877
906,-0.808302
906.5,-0.808727
907,-0.809152
907.5,-0.809577
908,-0.810002
908.5,-0.810427
909,-0.810852
909.5,-0.811277
910,-0.811702
910.5,0.0646426
911,0.0642176
911.5,0.0637926
912,0.0633676
912.5,0.0629426
913,0.0625176
913.5,0.0620926
914,0.0616676
914.5,0.0612426
915,0.0608176
915.5,0.0603926
916,0.0599676
916.5,0.0595426
917,0.0591176
917.5,0.0586926
918,0.0582676
918.5,0.0578426
919,0.0574176
919.5,0.0569926
920,0.0565676
920.5,0.0561426
921,0.0557176
921.5,0.0552926
922,0.0548676
922.5,0.0544426
923,0.0540176
923.5,0.0535926
924,0.0531676
924.5,0.0527426
925,0.0523176
925.5,0.0518926
926,0.0514676
926.5,-0.825727
927,-0.826152
927.5,-0.826577
928,-0.827002
928.5,-0.827427
929,-0.827852
929.5,-0.828277
930,-0.828702
930.5,-0.829127
931,-0.829552
931.5,-0.829977
932,-0.830402
932.5,-0.830827
933,-0.831252
933.5,-0.831677
934,-0.832102
934.5,-0.832527
935,-0.832952
935.5,-0.833377
936,-0.833802
936.5,-0.834227
937,-0.834652
937.5,-0.835077
938,-0.835502
938.5,-0.835927
939,-0.836352
939.5,-0.836777
940,-0.837202
940.5,-0.837627
941,-0.838052
941.5,-0.838477
942,-0.838902
942.5,-0.839327
943,-0.839752
943.5,-0.840177
944,-0.840602
944.5,-0.841027
945,-0.841452
945.5,-0.841877
946,-0.842302
946.5,-0.842727
947,-0.843152
947.5,-0.843577
948,-0.844002
948.5,-0.844427
949,-0.844852
949.5,-0.845277
950,-0.845702
950.5,-0.846127
951,-0.846552
951.5,-0.846977
952,-0.847402
952.5,-0.847827
953,-0.848252
953.5,0.0280926
954,0.0276676
954.5,0.0272426
955,0.0268176
955.5,0.0263926
956,0.0259676
956.5,0.0255426
957,0.0251176
957.5,0.0246926
958,0.0242676
958.5,0.0238426
959,0.0234176
959.5,0.0229926
960,0.0225676
960.5,0.0221426
961,0.0217176
961.5,0.0212926
962,0.0208676
962.5,0.0204426
963,0.0200176
963.5,0.0195926
964,0.0191676
964.5,0.0187426
965,0.0183176
965.5,0.0178926
966,0.0174676
966.5,0.0170426
967,0.0166176
967.5,0.0161926
968,0.0157676
968.5,0.0153426
969,0.0149176
969.5,0.0144926
970,-0.862702
970.5,-0.863127
971,-0.863552
971.5,-0.863977
972,-0.864402
972.5,-0.864827
973,-0.865252
973.5,-0.865677
974,-0.866102
974.5,-0.866527
975,-0.866952
975.5,-0.867377
976,-0.867802
976.5,-0.868227
977,-0.868652
977.5,-0.869077
978,-0.869502
978.5,-0.869927
979,-0.870352
979.5,-0.870777
980,-0.871202
980.5,-0.871627
981,-0.872052
981.5,-0.872477
982,-0.872902
982.5,-0.873327
983,-0.873752
983.5,-0.874177
984,-0.874602
984.5,-0.875027
985,-0.875452
985.5,-0.875877
986,-0.876302
986.5,-0.876727
987,-0.877152
987.5,-0.877577
988,-0.878002
988.5,-0.878427
989,-0.878852
989.5,-0.879277
990,-0.879702
990.5,-0.880127
991,-0.880552
991.5,-0.880977
992,-0.881402
992.5,-0.881827
993,-0.882252
993.5,-0.882677
994,-0.883102
994.5,-0.883527
995,-0.883952
995.5,-0.884377
996,-0.00803237
996.5,-0.00845737
997,-0.00888237
997.5,-0.00930737
998,-0.00973237
998.5,-0.0101574
999,-0.0105824
999.5,-0.0110074
1000,-0.0114324
1000.5,-0.0118574
1001,-0.0122824
1001.5,-0.0127074
1002,-0.0131324
1002.5,-0.0135574
1003,-0.0139824
1003.5,-0.0144074
1004,-0.0148324
1004.5,-0.0152574
1005,-0.0156824
1005.5,-0.0161074
1006,-0.0165324
1006.5,-0.0169574
1007,-0.0173824
1007.5,-0.0178074
1008,-0.0182324
1008.5,-0.0186574
1009,-0.0190824
1009.5,-0.0195074
1010,-0.0199324
1010.5,-0.0203574
1011,-0.0207824
1011.5,-0.0212074
1012,-0.0216324
1012.5,-0.0220574
1013,-0.0224824
1013.5,-0.0229074
1014,-0.900102
1014.5,-0.900527
1015,-0.900952
1015.5,-0.901377
1016,-0.901802
1016.5,-0.902227
1017,-0.902652
1017.5,-0.903077
1018,-0.903502
1018.5,-0.903927
1019,-0.904352
1019.5,-0.904777
1020,-0.905202
1020.5,-0.905627
1021,-0.906052
1021.5,-0.906477
1022,-0.906902
1022.5,-0.907327
1023,-0.907752
1023.5,-0.908177
1024,-0.908602
1024.5,-0.909027
1025,-0.909452
1025.5,-0.909877
1026,-0.910302
1026.5,-0.910727
1027,-0.911152
1027.5,-0.911577
1028,-0.912002
1028.5,-0.912427
1029,-0.912852
1029.5,-0.913277
1030,-0.913702
1030.5,-0.914127
1031,-0.914552
1031.5,-0.914977
1032,-0.915402
1032.5,-0.915827
1033,-0.916252
1033.5,-0.916677
1034,-0.917102
1034.5,-0.917527
1035,-0.917952
1035.5,-0.0416074
1036,-0.0420324
1036.5,-0.0424574
1037,-0.0428824
1037.5,-0.0433074
1038,-0.0437324
1038.5,-0.0441574
1039,-0.0445824
1039.5,-0.0450074
1040,-0.0454324
1040.5,-0.0458574
1041,-0.0462824
1041.5,-0.0467074
1042,-0.0471324
1042.5,-0.0475574
1043,-0.0479824
1043.5,-0.0484074
1044,-0.0488324
1044.5,-0.0492574
1045,-0.0496824
1045.5,-0.0501074
1046,-0.0505324
1046.5,-0.0509574
1047,-0.0513824
1047.5,-0.0518074
1048,-0.0522324
1048.5,-0.0526574
1049,-0.0530824
1049.5,-0.0535074
1050,-0.0539324
1050.5,-0.0543574
1051,-0.0547824
1051.5,-0.0552074
1052,-0.0556324
1052.5,-0.0560574
1053,-0.0564824
1053.5,-0.0569074
1054,-0.0573324
1054.5,-0.0577574
1055,-0.0581824
1055.5,-0.0586074
1056,-0.0590324
1056.5,-0.0594574
1057,-0.0598824
1057.5,-0.0603074
1058,-0.0607324
1058.5,-0.0611574
1059,-0.0615824
1059.5,-0.0620074
1060,-0.0624324
1060.5,-0.0628574
1061,-0.0632824
1061.5,-0.0637074
1062,-0.0641324
1062.5,-0.0645574
1063,-0.0649824
1063.5,-0.0654074
1064,-0.0658324
1064.5,-0.0662574
1065,-0.0666824
1065.5,-0.0671074
1066,-0.0675324
1066.5,-0.0679574
1067,-0.0683824
1067.5,-0.945577
1068,-0.946002
1068.5,-0.946427
1069,-0.946852
1069.5,-0.947277
1070,-0.947702
1070.5,-0.948127
1071,-0.948552
1071.5,-0.948977
1072,-0.949402
1072.5,-0.949827
1073,-0.950252
1073.5,-0.950677
1074,-0.951102
1074.5,-0.951527
1075,-0.951952
1075.5,-0.952377
1076,-0.952802
1076.5,-0.953227
1077,-0.953652
1077.5,-0.954077
1078,-0.954502
1078.5,-0.954927
1079,-0.955352
1079.5,-0.955777
1080,-0.956202
1080.5,-0.956627
1081,-0.957052
1081.5,-0.957477
1082,-0.957902
1082.5,-0.958327
1083,-0.958752
1083.5,-0.959177
1084,-0.959602
1084.5,-0.960027
1085,-0.960452
1085.5,-0.960877
1086,-0.961302
1086.5,-0.961727
1087,-0.962152
1087.5,-0.962577
1088,-0.963002
1088.5,-0.963427
1089,-0.963852
1089.5,-0.964277
1090,-0.964702
1090.5,-0.965127
1091,-0.965552
1091.5,-0.965977
1092,-0.966402
1092.5,-0.966827
1093,-0.967252
1093.5,-0.967677
1094,-0.968102
1094.5,-0.968527
1095,-0.968952
1095.5,-0.969377
1096,-0.969802
1096.5,-0.970227
1097,-0.970652
1097.5,-0.971077
1098,-0.971502
1098.5,-0.971927
1099,-0.972352
1099.5,-0.972777
1100,-0.973202
1100.5,-0.973627
1101,-0.974052
1101.5,-0.974477
1102,-0.974902
1102.5,-0.975327
1103,-0.975752
1103.5,-0.976177
1104,-0.976602
1104.5,-0.977027
1105,-0.977452
1105.5,-0.977877
1106,-0.978302
1106.5,-0.978727
1107,-0.979152
1107.5,-0.979577
1108,-0.980002
1108.5,-0.980427
1109,-0.980852
1109.5,-0.981277
1110,-0.981702
1110.5,-0.982127
1111,-0.982552
1111.5,-0.982977
1112,-0.983402
1112.5,-0.983827
1113,-0.984252
1113.5,-0.984677
1114,-0.985102
1114.5,-0.985527
1115,-0.985952
1115.5,-0.986377
1116,-0.986802
1116.5,-0.987227
1117,-0.987652
1117.5,-0.988077
1118,-0.988502
1118.5,-0.988927
1119,-0.989352
1119.5,-0.113007
1120,-0.113432
1120.5,-0.113857
1121,-0.114282
1121.5,-0.114707
1122,-0.115132
1122.5,-0.115557
1123,-0.115982
1123.5,-0.116407
1124,-0.116832
1124.5,-0.117257
1125,-0.117682
1125.5,-0.118107
1126,-0.118532
1126.5,-0.118957
1127,-0.119382
1127.5,-0.119807
1128,-0.120232
1128.5,-0.120657
1129,-0.121082
1129.5,-0.121507
1130,-0.998702
1130.5,-0.999127
1131,-0.999552
1131.5,-0.999977
1132,-1.0004
1132.5,-1.00083
1133,-1.00125
1133.5,-1.00168
1134,-1.0021
1134.5,-1.00253
1135,-1.00295
1135.5,-1.00338
1136,-1.0038
1136.5,-1.00423
1137,-1.00465
1137.5,-1.00508
1138,-1.0055
1138.5,-1.00593
1139,-1.00635
1139.5,-1.00678
1140,-1.0072
1140.5,-1.00763
1141,-1.00805
1141.5,-1.00848
1142,-1.0089
1142.5,-1.00933
1143,-1.00975
1143.5,-1.01018
1144,-1.0106
1144.5,-1.01103
1145,-1.01145
1145.5,-1.01188
1146,-1.0123
1146.5,-1.01273
1147,-1.01315
1147.5,-1.01358
1148,-1.014
1148.5,-1.01443
1149,-1.01485
1149.5,-1.01528
1150,-1.0157
1150.5,-1.01613
1151,-1.01655
1151.5,-1.01698
1152,-1.0174
1152.5,-1.01783
1153,-1.01825
1153.5,-1.01868
1154,-1.0191
1154.5,-1.01953
1155,-1.01995
1155.5,-1.02038
1156,-1.0208
1156.5,-1.02123
1157,-1.02165
1157.5,-1.02208
1158,-1.0225
1158.5,-1.02293
1159,-1.02335
1159.5,-1.02378
1160,-1.0242
1160.5,-1.02463
1161,-1.02505
1161.5,-1.02548
1162,-1.0259
1162.5,-1.02633
1163,-1.02675
1163.5,-1.02718
1164,-1.0276
1164.5,-1.02803
1165,-1.02845
1165.5,-1.02888
1166,-1.0293
1166.5,-1.02973
1167,-1.03015
1167.5,-1.03058
1168,-1.031
1168.5,-1.03143
1169,-1.03185
1169.5,-1.03228
1170,-1.0327
1170.5,-1.03313
1171,-1.03355
1171.5,-1.03398
1172,-1.0344
1172.5,-1.03483
1173,-0.158482
1173.5,-0.158907
1174,-0.159332
1174.5,-0.159757
1175,-0.160182
1175.5,-0.160607
1176,-0.161032
1176.5,-0.161457
1177,-0.161882
1177.5,-0.162307
1178,-0.162732
1178.5,-0.163157
1179,-0.163582
1179.5,-0.164007
1180,-0.164432
1180.5,-0.164857
1181,-0.165282
1181.5,-1.04248
1182,-1.0429
1182.5,-1.04333
1183,-1.04375
1183.5,-1.04418
1184,-1.0446
1184.5,-1.04503
1185,-1.04545
1185.5,-1.04588
1186,-1.0463
1186.5,-1.04673
1187,-1.04715
1187.5,-1.04758
1188,-1.048
1188.5,-1.04843
1189,-1.04885
1189.5,-1.04928
1190,-1.0497
1190.5,-1.05013
1191,-1.05055
1191.5,-1.05098
1192,-1.0514
1192.5,-1.05183
1193,-1.05225
1193.5,-1.05268
1194,-1.0531
1194.5,-1.05353
1195,-1.05395
1195.5,-1.05438
1196,-1.0548
1196.5,-1.05523
1197,-1.05565
1197.5,-1.05608
1198,-1.0565
1198.5,-1.05693
1199,-1.05735
1199.5,-1.05778
1200,-1.0582
1200.5,-1.05863
1201,-1.05905
1201.5,-1.05948
1202,-1.0599
1202.5,-1.06033
1203,-1.06075
1203.5,-1.06118
1204,-1.0616
1204.5,-1.06203
1205,-1.06245
1205.5,-1.06288
1206,-1.0633
1206.5,-1.06373
1207,-1.06415
1207.5,-1.06458
1208,-1.065
1208.5,-1.06543
1209,-1.06585
1209.5,-1.06628
1210,-1.0667
1210.5,-1.06713
1211,-1.06755
1211.5,-1.06798
1212,-1.0684
1212.5,-1.06883
1213,-1.06925
1213.5,-1.06968
1214,-1.0701
1214.5,-1.07053
1215,-1.07095
1215.5,-1.07138
1216,-1.0718
1216.5,-1.07223
1217,-1.07265
1217.5,-0.196307
1218,-0.196732
1218.5,-0.197157
1219,-0.197582
1219.5,-0.198007
1220,-0.198432
1220.5,-0.198857
1221,-0.199282
1221.5,-0.199707
1222,-0.200132
1222.5,-0.200557
1223,-0.200982
1223.5,-0.201407
1224,-0.201832
1224.5,-0.202257
1225,-0.202682
1225.5,-0.203107
1226,-0.203532
1226.5,-0.203957
1227,-0.204382
1227.5,-0.204807
1228,-0.205232
