0,0.52023,,,,0
0.1,0.52021,,,,
0.2,0.52018,,,,
0.3,0.52016,,,,
0.4,0.52013,,,,
0.5,0.52011,,,,
0.6,0.52008,,,,
0.7,0.52006,,,,
0.8,0.52003,,,,
0.9,0.52001,,,,
1,0.51998,,,,
1.1,0.51996,,,,
1.2,0.51993,,,,
1.3,0.51991,,,,
1.4,0.51988,,,,
1.5,0.51986,,,,
1.6,0.51983
1.7,0.51981
1.8,0.51978
1.9,0.51976
2,0.51973
2.1,0.51971
2.2,0.51968
2.3,0.51966
2.4,0.51963
2.5,0.51961
2.6,0.51958
2.7,0.51956
2.8,0.51953
2.9,0.51951
3,0.51948
3.1,0.51946
3.2,0.51943
3.3,0.51941
3.4,0.51938
3.5,0.51936
3.6,0.51933
3.7,0.51931
3.8,0.51928
3.9,0.51926
4,0.51923
4.1,0.51921
4.2,0.51918
4.3,0.51916
4.4,0.51913
4.5,0.51911
4.6,0.51908
4.7,0.51906
4.8,0.51903
4.9,0.51901
5,0.51898
5.1,0.51896
5.2,0.51893
5.3,0.51891
5.4,0.51888
5.5,0.51886
5.6,0.51883
5.7,0.51881
5.8,0.51878
5.9,0.51876
6,0.51873
6.1,0.51871
6.2,0.51868
6.3,0.51866
6.4,0.51863
6.5,0.51861
6.6,0.51858
6.7,0.51856
6.8,0.51853
6.9,0.51851
7,0.51848
7.1,0.51846
7.2,0.51843
7.3,0.51841
7.4,0.51838
7.5,0.51836
7.6,0.51833
7.7,0.51831
7.8,0.51828
7.9,0.51826
8,0.51823
8.1,0.51821
8.2,0.51818
8.3,0.51816
8.4,0.51813
8.5,0.51811
8.6,0.51808
8.7,0.51806
8.8,0.51803
8.9,0.51801
9,0.51798
9.1,0.51796
9.2,0.51793
9.3,0.51791
9.4,0.51788
9.5,0.51786
9.6,0.51783
9.7,0.51781
9.8,0.51778
9.9,0.51776
10,0.51773
10.1,0.51771
10.2,0.51768
10.3,0.51766
10.4,0.51763
10.5,0.51761
10.6,0.51758
10.7,0.51756
10.8,0.51753
10.9,0.51751
11,0.51748
11.1,0.51746
11.2,0.51743
11.3,0.51741
11.4,0.51738
11.5,0.51736
11.6,0.51733
11.7,0.51731
11.8,0.51728
11.9,0.51726
12,0.51723
12.1,0.51721
12.2,0.51718
12.3,0.51716
12.4,0.51713
12.5,0.51711
12.6,0.51708
12.7,0.51706
12.8,0.51703
12.9,0.51701
13,0.51698
13.1,0.51696
13.2,0.51693
13.3,0.51691
13.4,0.51688
13.5,0.51686
13.6,0.51683
13.7,0.51681
13.8,0.51678
13.9,0.51676
14,0.51673
14.1,0.51671
14.2,0.51668
14.3,0.51666
14.4,0.51663
14.5,0.51661
14.6,0.51658
14.7,0.51656
14.8,0.51653
14.9,0.51651
15,0.51648
15.1,0.51646
15.2,0.51643
15.3,0.51641
15.4,0.51638
15.5,0.51636
15.6,0.51633
15.7,0.51631
15.8,0.51628
15.9,0.51626
16,0.51623,,,,
16.1,0.51621,,,,
16.2,0.51618,,,,
16.3,0.51616,,,,
16.4,0.51613,,,,
16.5,0.51611,,,,
16.6,0.51608,,,,
16.7,0.51606,,,,
16.8,0.51603,,,,
16.9,0.51601,,,,
17,0.51598,,,,
17.1,0.51596,,,,
17.2,0.51593,,,,
17.3,0.51591,,,,
17.4,0.51588,,,,
17.5,0.51586,,,,0.40124
17.6,0.51583,,,,0.40124
17.7,0.51581,,,,0.40125
17.8,0.51578,,,,0.40126
17.9,0.51576,,,,0.40127
18,0.51573,,,,0.40127
18.1,0.51571,,,,0.40128
18.2,0.51568,,,,0.40129
18.3,0.51566,,,,0.4013
18.4,0.51563,,,,0.4013
18.5,0.51561,,,,0.40131
18.6,0.51558,,,,0.40132
18.7,0.51556,,,,0.40133
18.8,0.51553,,,,0.40133
18.9,0.51551,,,,0.40134
19,0.51548,,,,0.40135
19.1,0.51546,,,,0.40136
19.2,0.51543,,,,0.40137
19.3,0.51541,,,,0.40138
19.4,0.51538,,,,0.40138
19.5,0.51536,,,,0.40139
19.6,0.51533,,,,0.4014
19.7,0.51531,,,,0.40141
19.8,0.51528,,,,0.40142
19.9,0.51526,,,,0.40143
20,0.51523,,,,0.40144
20.1,0.51521,,,,0.40144
20.2,0.51518,,,,0.40145
20.3,0.51516,,,,0.40146
20.4,0.51513,,,,0.40147
20.5,0.51511,,,,0.40148
20.6,0.51508,,,,0.40149
20.7,0.51506,,,,0.4015
20.8,0.51503,,,,0.40151
20.9,0.51501,,,,0.40152
21,0.51498,,,,0.40153
21.1,0.51496,,,,0.40154
21.2,0.51493,,,,0.40155
21.3,0.51491,,,,0.40156
21.4,0.51488,,,,0.40157
21.5,0.51486,,,,0.40158
21.6,0.51483,,,,0.40159
21.7,0.51481,,,,0.4016
21.8,0.51478,,,,0.40161
21.9,0.51476,,,,0.40162
22,0.51473,,,,0.40163
22.1,0.51471,,,,0.40164
22.2,0.51468,,,,0.40165
22.3,0.51466,,,,0.40166
22.4,0.51463,,,,0.40168
22.5,0.51461,,,,0.40169
22.6,0.51458,,,,0.4017
22.7,0.51456,,,,0.40171
22.8,0.51453,,,,0.40172
22.9,0.51451,,,,0.40173
23,0.51448,,,,0.40174
23.1,0.51446,,,,0.40176
23.2,0.51443,,,,0.40177
23.3,0.51441,,,,0.40178
23.4,0.51438,,,,0.40179
23.5,0.51436,,,,0.4018
23.6,0.51433,,,,0.40182
23.7,0.51431,,,,0.40183
23.8,0.51428,,,,0.40184
23.9,0.51426,,,,0.40185
24,0.51423,,,,0.40187
24.1,0.51421,,,,0.40188
24.2,0.51418,,,,0.40189
24.3,0.51416,,,,0.40191
24.4,0.51413,,,,0.40192
24.5,0.51411,,,,0.40193
24.6,0.51408,,,,0.40195
24.7,0.51406,,,,0.40196
24.8,0.51403,,,,0.40197
24.9,0.51401,,,,0.40199
25,0.51398,,,,0.402
25.1,0.51396,,,,0.40202
25.2,0.51393,,,,0.40203
25.3,0.51391,,,,0.40204
25.4,0.51388,,,,0.40206
25.5,0.51386,,,,0.40207
25.6,0.51383,,,,0.40209
25.7,0.51381,,,,0.4021
25.8,0.51378,,,,0.40212
25.9,0.51376,,,,0.40213
26,0.51373,,,,0.40215
26.1,0.51371,,,,0.40216
26.2,0.51368,,,,0.40218
26.3,0.51366,,,,0.4022
26.4,0.51363,,,,0.40221
26.5,0.51361,,,,0.40223
26.6,0.51358,,,,0.40224
26.7,0.51356,,,,0.40226
26.8,0.51353,,,,0.40228
26.9,0.51351,,,,0.40229
27,0.51348,,,,0.40231
27.1,0.51346,,,,0.40233
27.2,0.51343,,,,0.40234
27.3,0.51341,,,,0.40236
27.4,0.51338,,,,0.40238
27.5,0.51336,,,,0.4024
27.6,0.51333,,,,0.40241
27.7,0.51331,,,,0.40243
27.8,0.51328,,,,0.40245
27.9,0.51326,,,,0.40247
28,0.51323,,,,0.40249
28.1,0.51321,,,,0.40251
28.2,0.51318,,,,0.40252
28.3,0.51316,,,,0.40254
28.4,0.51313,,,,0.40256
28.5,0.51311,,,,0.40258
28.6,0.51308,,,,0.4026
28.7,0.51306,,,,0.40262
28.8,0.51303,,,,0.40264
28.9,0.51301,,,,0.40266
29,0.51298,,,0.25603,0.40268
29.1,0.51296,,,0.25603,0.4027
29.2,0.51293,,,0.25604,0.40272
29.3,0.51291,,,0.25605,0.40274
29.4,0.51288,,,0.25605,0.40276
29.5,0.51286,,,0.25606,0.40278
29.6,0.51283,,,0.25607,0.4028
29.7,0.51281,,,0.25608,0.40282
29.8,0.51278,,,0.25608,0.40285
29.9,0.51276,,,0.25609,0.40287
30,0.51273,,,0.2561,0.40289
30.1,0.51271,,,0.25611,0.40291
30.2,0.51268,,,0.25611,0.40293
30.3,0.51266,,,0.25612,0.40296
30.4,0.51263,,,0.25613,0.40298
30.5,0.51261,,,0.25614,0.403
30.6,0.51258,,,0.25615,0.40302
30.7,0.51256,,,0.25616,0.40305
30.8,0.51253,,,0.25616,0.40307
30.9,0.51251,,,0.25617,0.40309
31,0.51248,,,0.25618,0.40312
31.1,0.51246,,,0.25619,0.40314
31.2,0.51243,,,0.2562,0.40317
31.3,0.51241,,,0.25621,0.40319
31.4,0.51238,,,0.25622,0.40322
31.5,0.51236,,,0.25623,0.40324
31.6,0.51233,,,0.25624,0.40327
31.7,0.51231,,,0.25624,0.40329
31.8,0.51228,,,0.25625,0.40332
31.9,0.51226,,,0.25626,0.40334
32,0.51223,,,0.25627,0.40337
32.1,0.51221,,,0.25628,0.4034
32.2,0.51218,,,0.25629,0.40342
32.3,0.51216,,,0.2563,0.40345
32.4,0.51213,,,0.25631,0.40348
32.5,0.51211,,,0.25632,0.4035
32.6,0.51208,,,0.25634,0.40353
32.7,0.51206,,,0.25635,0.40356
32.8,0.51203,,,0.25636,0.40359
32.9,0.51201,,,0.25637,0.40361
33,0.51198,,,0.25638,0.40364
33.1,0.51196,,,0.25639,0.40367
33.2,0.51193,,,0.2564,0.4037
33.3,0.51191,,,0.25641,0.40373
33.4,0.51188,,,0.25642,0.40376
33.5,0.51186,,,0.25644,0.40379
33.6,0.51183,,,0.25645,0.40382
33.7,0.51181,,,0.25646,0.40385
33.8,0.51178,,,0.25647,0.40388
33.9,0.51176,,,0.25649,0.40391
34,0.51173,,,0.2565,0.40394
34.1,0.51171,,,0.25651,0.40397
34.2,0.51168,,,0.25652,0.404
34.3,0.51166,,,0.25654,0.40404
34.4,0.51163,,,0.25655,0.40407
34.5,0.51161,,,0.25656,0.4041
34.6,0.51158,,,0.25658,0.40413
34.7,0.51156,,,0.25659,0.40417
34.8,0.51153,,,0.2566,0.4042
34.9,0.51151,,,0.25662,0.40423
35,0.51148,,,0.25663,0.40427
35.1,0.51146,,,0.25665,0.4043
35.2,0.51143,,,0.25666,0.40434
35.3,0.51141,,,0.25668,0.40437
35.4,0.51138,,,0.25669,0.40441
35.5,0.51136,,,0.25671,0.40444
35.6,0.51133,,,0.25672,0.40448
35.7,0.51131,,,0.25674,0.40451
35.8,0.51128,,,0.25675,0.40455
35.9,0.51126,,,0.25677,0.40459
36,0.51123,,,0.25679,0.40462
36.1,0.51121,,,0.2568,0.40466
36.2,0.51118,,,0.25682,0.4047
36.3,0.51116,,,0.25684,0.40474
36.4,0.51113,,,0.25685,0.40477
36.5,0.51111,,,0.25687,0.40481
36.6,0.51108,,,0.25689,0.40485
36.7,0.51106,,,0.2569,0.40489
36.8,0.51103,,0.11822,0.25692,0.40493
36.9,0.51101,,0.11822,0.25694,0.40497
37,0.51098,,0.11823,0.25696,0.40501
37.1,0.51096,,0.11824,0.25698,0.40505
37.2,0.51093,,0.11825,0.257,0.40509
37.3,0.51091,,0.11826,0.25701,0.40513
37.4,0.51088,,0.11826,0.25703,0.40517
37.5,0.51086,,0.11827,0.25705,0.40522
37.6,0.51083,,0.11828,0.25707,0.40526
37.7,0.51081,,0.11829,0.25709,0.4053
37.8,0.51078,,0.1183,0.25711,0.40534
37.9,0.51076,,0.11831,0.25713,0.40539
38,0.51073,,0.11831,0.25715,0.40543
38.1,0.51071,,0.11832,0.25718,0.40548
38.2,0.51068,,0.11833,0.2572,0.40552
38.3,0.51066,,0.11834,0.25722,0.40557
38.4,0.51063,,0.11835,0.25724,0.40561
38.5,0.51061,,0.11836,0.25726,0.40566
38.6,0.51058,,0.11837,0.25728,0.4057
38.7,0.51056,,0.11838,0.25731,0.40575
38.8,0.51053,,0.11839,0.25733,0.4058
38.9,0.51051,,0.1184,0.25735,0.40585
39,0.51048,,0.11841,0.25738,0.40589
39.1,0.51046,,0.11842,0.2574,0.40594
39.2,0.51043,,0.11843,0.25742,0.40599
39.3,0.51041,,0.11844,0.25745,0.40604
39.4,0.51038,,0.11845,0.25747,0.40609
39.5,0.51036,,0.11846,0.2575,0.40614
39.6,0.51033,,0.11847,0.25752,0.40619
39.7,0.51031,,0.11849,0.25755,0.40624
39.8,0.51028,,0.1185,0.25757,0.40629
39.9,0.51026,,0.11851,0.2576,0.40634
40,0.51023,,0.11852,0.25763,0.4064
40.1,0.51021,,0.11853,0.25765,0.40645
40.2,0.51018,,0.11854,0.25768,0.4065
40.3,0.51016,,0.11856,0.25771,0.40656
40.4,0.51013,,0.11857,0.25774,0.40661
40.5,0.51011,,0.11858,0.25777,0.40666
40.6,0.51008,,0.11859,0.25779,0.40672
40.7,0.51006,,0.11861,0.25782,0.40677
40.8,0.51003,,0.11862,0.25785,0.40683
40.9,0.51001,,0.11863,0.25788,0.40689
41,0.50998,,0.11865,0.25791,0.40694
41.1,0.50996,,0.11866,0.25794,0.407
41.2,0.50993,,0.11868,0.25797,0.40706
41.3,0.50991,,0.11869,0.258,0.40712
41.4,0.50988,,0.1187,0.25804,0.40718
41.5,0.50986,,0.11872,0.25807,0.40724
41.6,0.50983,,0.11873,0.2581,0.4073
41.7,0.50981,,0.11875,0.25813,0.40736
41.8,0.50978,,0.11876,0.25817,0.40742
41.9,0.50976,,0.11878,0.2582,0.40748
42,0.50973,,0.1188,0.25823,0.40754
42.1,0.50971,,0.11881,0.25827,0.4076
42.2,0.50968,,0.11883,0.2583,0.40767
42.3,0.50966,,0.11884,0.25834,0.40773
42.4,0.50963,,0.11886,0.25837,0.40779
42.5,0.50961,,0.11888,0.25841,0.40786
42.6,0.50958,,0.1189,0.25845,0.40792
42.7,0.50956,,0.11891,0.25848,0.40799
42.8,0.50953,,0.11893,0.25852,0.40806
42.9,0.50951,,0.11895,0.25856,0.40812
43,0.50948,,0.11897,0.2586,0.40819
43.1,0.50946,,0.11899,0.25864,0.40826
43.2,0.50943,,0.119,0.25868,0.40833
43.3,0.50941,,0.11902,0.25872,0.4084
43.4,0.50938,,0.11904,0.25876,0.40847
43.5,0.50936,,0.11906,0.2588,0.40854
43.6,0.50933,,0.11908,0.25884,0.40861
43.7,0.50931,,0.1191,0.25888,0.40868
43.8,0.50928,,0.11912,0.25892,0.40875
43.9,0.50926,,0.11914,0.25897,0.40883
44,0.50923,,0.11916,0.25901,0.4089
44.1,0.50921,,0.11919,0.25906,0.40897
44.2,0.50918,,0.11921,0.2591,0.40905
44.3,0.50916,,0.11923,0.25915,0.40912
44.4,0.50913,,0.11925,0.25919,0.4092
44.5,0.50911,,0.11928,0.25924,0.40928
44.6,0.50908,,0.1193,0.25928,0.40936
44.7,0.50906,,0.11932,0.25933,0.40943
44.8,0.50903,,0.11935,0.25938,0.40951
44.9,0.50901,,0.11937,0.25943,0.40959
45,0.50898,,0.11939,0.25948,0.40967
45.1,0.50896,,0.11942,0.25953,0.40975
45.2,0.50893,,0.11944,0.25958,0.40984
45.3,0.50891,,0.11947,0.25963,0.40992
45.4,0.50888,,0.11949,0.25968,0.41
45.5,0.50886,,0.11952,0.25973,0.41008
45.6,0.50883,,0.11955,0.25979,0.41017
45.7,0.50881,,0.11957,0.25984,0.41025
45.8,0.50878,,0.1196,0.2599,0.41034
45.9,0.50876,,0.11963,0.25995,0.41043
46,0.50873,,0.11966,0.26001,0.41051
46.1,0.50871,,0.11969,0.26006,0.4106
46.2,0.50868,,0.11972,0.26012,0.41069
46.3,0.50866,,0.11975,0.26018,0.41078
46.4,0.50863,,0.11977,0.26024,0.41087
46.5,0.50861,0.011736,0.11981,0.2603,0.41096
46.6,0.50858,0.011744,0.11984,0.26036,0.41106
46.7,0.50856,0.011752,0.11987,0.26042,0.41115
46.8,0.50853,0.01176,0.1199,0.26048,0.41124
46.9,0.50851,0.011769,0.11993,0.26054,0.41134
47,0.50848,0.011777,0.11996,0.26061,0.41143
47.1,0.50846,0.011786,0.12,0.26067,0.41153
47.2,0.50843,0.011795,0.12003,0.26073,0.41162
47.3,0.50841,0.011804,0.12006,0.2608,0.41172
47.4,0.50838,0.011813,0.1201,0.26087,0.41182
47.5,0.50836,0.011822,0.12013,0.26093,0.41192
47.6,0.50833,0.011831,0.12017,0.261,0.41202
47.7,0.50831,0.011841,0.12021,0.26107,0.41212
47.8,0.50828,0.01185,0.12024,0.26114,0.41222
47.9,0.50826,0.01186,0.12028,0.26121,0.41233
48,0.50823,0.01187,0.12032,0.26128,0.41243
48.1,0.50821,0.01188,0.12036,0.26136,0.41254
48.2,0.50818,0.01189,0.12039,0.26143,0.41264
48.3,0.50816,0.011901,0.12043,0.2615,0.41275
48.4,0.50813,0.011911,0.12047,0.26158,0.41285
48.5,0.50811,0.011922,0.12051,0.26165,0.41296
48.6,0.50808,0.011933,0.12056,0.26173,0.41307
48.7,0.50806,0.011944,0.1206,0.26181,0.41318
48.8,0.50803,0.011955,0.12064,0.26189,0.41329
48.9,0.50801,0.011967,0.12068,0.26197,0.41341
49,0.50798,0.011978,0.12073,0.26205,0.41352
49.1,0.50796,0.01199,0.12077,0.26213,0.41363
49.2,0.50793,0.012002,0.12081,0.26221,0.41375
49.3,0.50791,0.012014,0.12086,0.2623,0.41386
49.4,0.50788,0.012027,0.12091,0.26238,0.41398
49.5,0.50786,0.012039,0.12095,0.26247,0.4141
49.6,0.50783,0.012052,0.121,0.26256,0.41422
49.7,0.50781,0.012065,0.12105,0.26265,0.41434
49.8,0.50778,0.012078,0.1211,0.26274,0.41446
49.9,0.50776,0.012091,0.12115,0.26283,0.41458
50,0.50773,0.012105,0.1212,0.26292,0.4147
50.1,0.50771,0.012119,0.12125,0.26301,0.41483
50.2,0.50768,0.012133,0.1213,0.2631,0.41495
50.3,0.50766,0.012147,0.12135,0.2632,0.41508
50.4,0.50763,0.012161,0.12141,0.2633,0.41521
50.5,0.50761,0.012176,0.12146,0.26339,0.41533
50.6,0.50758,0.012191,0.12152,0.26349,0.41546
50.7,0.50756,0.012206,0.12157,0.26359,0.4156
50.8,0.50753,0.012221,0.12163,0.26369,0.41573
50.9,0.50751,0.012237,0.12169,0.2638,0.41586
51,0.50748,0.012253,0.12174,0.2639,0.41599
51.1,0.50746,0.012269,0.1218,0.264,0.41613
51.2,0.50743,0.012285,0.12186,0.26411,0.41627
51.3,0.50741,0.012302,0.12192,0.26422,0.4164
51.4,0.50738,0.012319,0.12199,0.26433,0.41654
51.5,0.50736,0.012336,0.12205,0.26444,0.41668
51.6,0.50733,0.012353,0.12211,0.26455,0.41682
51.7,0.50731,0.012371,0.12218,0.26466,0.41696
51.8,0.50728,0.012389,0.12224,0.26478,0.41711
51.9,0.50726,0.012407,0.12231,0.26489,0.41725
52,0.50723,0.012426,0.12238,0.26501,0.4174
52.1,0.50721,0.012444,0.12244,0.26513,0.41755
52.2,0.50718,0.012463,0.12251,0.26525,0.41769
52.3,0.50716,0.012483,0.12258,0.26537,0.41784
52.4,0.50713,0.012502,0.12265,0.26549,0.418
52.5,0.50711,0.012522,0.12273,0.26562,0.41815
52.6,0.50708,0.012543,0.1228,0.26575,0.4183
52.7,0.50706,0.012563,0.12287,0.26587,0.41846
52.8,0.50703,0.012584,0.12295,0.266,0.41861
52.9,0.50701,0.012606,0.12303,0.26613,0.41877
53,0.50698,0.012627,0.12311,0.26627,0.41893
53.1,0.50696,0.012649,0.12318,0.2664,0.41909
53.2,0.50693,0.012672,0.12326,0.26654,0.41925
53.3,0.50691,0.012694,0.12335,0.26668,0.41941
53.4,0.50688,0.012717,0.12343,0.26682,0.41958
53.5,0.50686,0.012741,0.12351,0.26696,0.41974
53.6,0.50683,0.012764,0.1236,0.2671,0.41991
53.7,0.50681,0.012788,0.12368,0.26724,0.42008
53.8,0.50678,0.012813,0.12377,0.26739,0.42025
53.9,0.50676,0.012838,0.12386,0.26754,0.42042
54,0.50673,0.012863,0.12395,0.26769,0.42059
54.1,0.50671,0.012889,0.12404,0.26784,0.42077
54.2,0.50668,0.012915,0.12413,0.268,0.42094
54.3,0.50666,0.012941,0.12423,0.26815,0.42112
54.4,0.50663,0.012968,0.12432,0.26831,0.4213
54.5,0.50661,0.012995,0.12442,0.26847,0.42148
54.6,0.50658,0.013023,0.12452,0.26863,0.42166
54.7,0.50656,0.013051,0.12462,0.2688,0.42185
54.8,0.50653,0.01308,0.12472,0.26896,0.42203
54.9,0.50651,0.013109,0.12482,0.26913,0.42222
55,0.50648,0.013138,0.12492,0.2693,0.42241
55.1,0.50646,0.013168,0.12503,0.26947,0.4226
55.2,0.50643,0.013199,0.12514,0.26965,0.42279
55.3,0.50641,0.01323,0.12524,0.26982,0.42298
55.4,0.50638,0.013261,0.12536,0.27,0.42318
55.5,0.50636,0.013293,0.12547,0.27018,0.42337
55.6,0.50633,0.013326,0.12558,0.27036,0.42357
55.7,0.50631,0.013358,0.1257,0.27055,0.42377
55.8,0.50628,0.013392,0.12581,0.27074,0.42397
55.9,0.50626,0.013426,0.12593,0.27093,0.42417
56,0.50623,0.01346,0.12605,0.27112,0.42438
56.1,0.50621,0.013495,0.12617,0.27131,0.42459
56.2,0.50618,0.013531,0.1263,0.27151,0.42479
56.3,0.50616,0.013567,0.12642,0.27171,0.425
56.4,0.50613,0.013604,0.12655,0.27191,0.42522
56.5,0.50611,0.013641,0.12668,0.27212,0.42543
56.6,0.50608,0.013679,0.12681,0.27233,0.42565
56.7,0.50606,0.013717,0.12694,0.27254,0.42586
56.8,0.50603,0.013756,0.12708,0.27275,0.42608
56.9,0.50601,0.013796,0.12721,0.27296,0.4263
57,0.50598,0.013836,0.12735,0.27318,0.42653
57.1,0.50596,0.013877,0.12749,0.2734,0.42675
57.2,0.50593,0.013919,0.12764,0.27362,0.42698
57.3,0.50591,0.013961,0.12778,0.27385,0.42721
57.4,0.50588,0.014004,0.12793,0.27408,0.42744
57.5,0.50586,0.014047,0.12808,0.27431,0.42767
57.6,0.50583,0.014091,0.12823,0.27454,0.42791
57.7,0.50581,0.014136,0.12838,0.27478,0.42814
57.8,0.50578,0.014182,0.12854,0.27502,0.42838
57.9,0.50576,0.014228,0.1287,0.27526,0.42862
58,0.50573,0.014275,0.12886,0.27551,0.42886
58.1,0.50571,0.014323,0.12902,0.27576,0.42911
58.2,0.50568,0.014371,0.12919,0.27601,0.42936
58.3,0.50566,0.014421,0.12936,0.27627,0.4296
58.4,0.50563,0.014471,0.12953,0.27653,0.42986
58.5,0.50561,0.014522,0.1297,0.27679,0.43011
58.6,0.50558,0.014573,0.12987,0.27705,0.43036
58.7,0.50556,0.014626,0.13005,0.27732,0.43062
58.8,0.50553,0.014679,0.13023,0.27759,0.43088
58.9,0.50551,0.014733,0.13041,0.27787,0.43114
59,0.50548,0.014788,0.1306,0.27815,0.43141
59.1,0.50546,0.014844,0.13079,0.27843,0.43167
59.2,0.50543,0.014901,0.13098,0.27871,0.43194
59.3,0.50541,0.014958,0.13117,0.279,0.43221
59.4,0.50538,0.015017,0.13137,0.27929,0.43249
59.5,0.50536,0.015076,0.13157,0.27959,0.43276
59.6,0.50533,0.015136,0.13177,0.27989,0.43304
59.7,0.50531,0.015198,0.13198,0.28019,0.43332
59.8,0.50528,0.01526,0.13218,0.2805,0.4336
59.9,0.50526,0.015323,0.1324,0.28081,0.43389
60,0.50523,0.015387,0.13261,0.28113,0.43417
60.1,-0.015025,0.015448,0.13282,0.28144,0.43446
60.2,-0.01505,0.015504,0.13301,0.28174,0.43475
60.3,-0.015075,0.01556,0.13321,0.28204,0.43503
60.4,-0.0151,0.015617,0.13341,0.28234,0.4353
60.5,-0.015125,0.015674,0.1336,0.28264,0.43558
60.6,-0.01515,0.015731,0.1338,0.28294,0.43585
60.7,-0.015175,0.015789,0.134,0.28324,0.43611
60.8,-0.0152,0.015847,0.1342,0.28353,0.43637
60.9,-0.015225,0.015906,0.1344,0.28383,0.43663
61,-0.01525,0.015965,0.1346,0.28413,0.43689
61.1,-0.015275,0.016024,0.1348,0.28442,0.43714
61.2,-0.0153,0.016083,0.13501,0.28472,0.43738
61.3,-0.015325,0.016143,0.13521,0.28501,0.43762
61.4,-0.01535,0.016203,0.13541,0.28531,0.43786
61.5,-0.015375,0.016264,0.13562,0.2856,0.43809
61.6,-0.0154,0.016325,0.13582,0.28589,0.43832
61.7,-0.015425,0.016386,0.13603,0.28618,0.43854
61.8,-0.01545,0.016447,0.13623,0.28647,0.43876
61.9,-0.015475,0.016509,0.13644,0.28676,0.43897
62,-0.0155,0.016572,0.13665,0.28705,0.43918
62.1,-0.015525,0.016634,0.13686,0.28734,0.43939
62.2,-0.01555,0.016697,0.13706,0.28762,0.43959
62.3,-0.015575,0.01676,0.13727,0.28791,0.43978
62.4,-0.0156,0.016824,0.13748,0.28819,0.43997
62.5,-0.015625,0.016888,0.13769,0.28847,0.44015
62.6,-0.01565,0.016952,0.1379,0.28876,0.44033
62.7,-0.015675,0.017016,0.13811,0.28903,0.44051
62.8,-0.0157,0.017081,0.13832,0.28931,0.44067
62.9,-0.015725,0.017147,0.13854,0.28959,0.44084
63,-0.01575,0.017212,0.13875,0.28986,0.441
63.1,-0.015775,0.017278,0.13896,0.29014,0.44115
63.2,-0.0158,0.017344,0.13917,0.29041,0.4413
63.3,-0.015825,0.017411,0.13939,0.29068,0.44144
63.4,-0.01585,0.017478,0.1396,0.29095,0.44158
63.5,-0.015875,0.017545,0.13981,0.29121,0.44171
63.6,-0.0159,0.017612,0.14003,0.29148,0.44183
63.7,-0.015925,0.01768,0.14024,0.29174,0.44195
63.8,-0.01595,0.017748,0.14046,0.292,0.44207
63.9,-0.015975,0.017817,0.14067,0.29226,0.44218
64,-0.016,0.017886,0.14089,0.29252,0.44228
64.1,-0.016025,0.017955,0.1411,0.29278,0.44238
64.2,-0.01605,0.018024,0.14132,0.29303,0.44247
64.3,-0.016075,0.018094,0.14154,0.29328,0.44255
64.4,-0.0161,0.018164,0.14175,0.29353,0.44263
64.5,-0.016125,0.018235,0.14197,0.29378,0.44271
64.6,-0.01615,0.018306,0.14219,0.29402,0.44278
64.7,-0.016175,0.018377,0.1424,0.29426,0.44284
64.8,-0.0162,0.018448,0.14262,0.2945,0.4429
64.9,-0.016225,0.01852,0.14284,0.29474,0.44295
65,-0.01625,0.018592,0.14305,0.29498,0.44299
65.1,-0.016275,0.018664,0.14327,0.29521,0.44303
65.2,-0.0163,0.018737,0.14349,0.29544,0.44307
65.3,-0.016325,0.01881,0.14371,0.29567,0.44309
65.4,-0.01635,0.018883,0.14392,0.2959,0.44311
65.5,-0.016375,0.018956,0.14414,0.29612,0.44313
65.6,-0.0164,0.01903,0.14436,0.29634,0.44314
65.7,-0.016425,0.019104,0.14458,0.29656,0.44314
65.8,-0.01645,0.019179,0.1448,0.29678,0.44314
65.9,-0.016475,0.019254,0.14501,0.29699,0.44313
66,-0.0165,0.019329,0.14523,0.2972,0.44312
66.1,-0.016525,0.019404,0.14545,0.29741,0.4431
66.2,-0.01655,0.01948,0.14567,0.29761,0.44307
66.3,-0.016575,0.019556,0.14589,0.29782,0.44304
66.4,-0.0166,0.019632,0.1461,0.29802,0.443
66.5,-0.016625,0.019709,0.14632,0.29821,0.44296
66.6,-0.01665,0.019786,0.14654,0.29841,0.44291
66.7,-0.016675,0.019863,0.14676,0.2986,0.44285
66.8,-0.0167,0.019941,0.14697,0.29879,0.44279
66.9,-0.016725,0.020019,0.14719,0.29897,0.44272
67,-0.01675,0.020097,0.14741,0.29915,0.44265
67.1,-0.016775,0.020175,0.14762,0.29933,0.44257
67.2,-0.0168,0.020254,0.14784,0.29951,0.44249
67.3,-0.016825,0.020333,0.14806,0.29968,0.4424
67.4,-0.01685,0.020412,0.14827,0.29985,0.4423
67.5,-0.016875,0.020492,0.14849,0.30002,0.4422
67.6,-0.0169,0.020572,0.14871,0.30018,0.44209
67.7,-0.016925,0.020652,0.14892,0.30034,0.44197
67.8,-0.01695,0.020732,0.14914,0.3005,0.44186
67.9,-0.016975,0.020813,0.14935,0.30065,0.44173
68,-0.017,0.020894,0.14957,0.3008,0.4416
68.1,-0.017025,0.020975,0.14978,0.30095,0.44146
68.2,-0.01705,0.021057,0.15,0.30109,0.44132
68.3,-0.017075,0.021139,0.15021,0.30123,0.44118
68.4,-0.0171,0.021221,0.15042,0.30137,0.44102
68.5,-0.017125,0.021304,0.15064,0.30151,0.44087
68.6,-0.01715,0.021386,0.15085,0.30164,0.4407
68.7,-0.017175,0.021469,0.15106,0.30176,0.44054
68.8,-0.0172,0.021553,0.15127,0.30189,0.44036
68.9,-0.017225,0.021636,0.15148,0.30201,0.44018
69,-0.01725,0.02172,0.1517,0.30212,0.44
69.1,-0.017275,0.021804,0.15191,0.30224,0.43981
69.2,-0.0173,0.021889,0.15212,0.30235,0.43962
69.3,-0.017325,0.021973,0.15233,0.30245,0.43942
69.4,-0.01735,0.022058,0.15254,0.30256,0.43921
69.5,-0.017375,0.022144,0.15274,0.30266,0.439
69.6,-0.0174,0.022229,0.15295,0.30275,0.43879
69.7,-0.017425,0.022315,0.15316,0.30284,0.43857
69.8,-0.01745,0.022401,0.15337,0.30293,0.43835
69.9,-0.017475,0.022487,0.15357,0.30302,0.43812
70,-0.0175,0.022574,0.15378,0.3031,0.43789
70.1,-0.017525,0.022661,0.15399,0.30317,0.43765
70.2,-0.01755,0.022748,0.15419,0.30325,0.43741
70.3,-0.017575,0.022835,0.15439,0.30332,0.43717
70.4,-0.0176,0.022923,0.1546,0.30338,0.43692
70.5,-0.017625,0.023011,0.1548,0.30345,0.43666
70.6,-0.01765,0.023099,0.155,0.30351,0.4364
70.7,-0.017675,0.023187,0.15521,0.30356,0.43614
70.8,-0.0177,0.023276,0.15541,0.30361,0.43588
70.9,-0.017725,0.023365,0.15561,0.30366,0.43561
71,-0.01775,0.023454,0.15581,0.30371,0.43533
71.1,-0.017775,0.023544,0.156,0.30375,0.43505
71.2,-0.0178,0.023633,0.1562,0.30378,0.43477
71.3,-0.017825,0.023723,0.1564,0.30381,0.43449
71.4,-0.01785,0.023814,0.1566,0.30384,0.4342
71.5,-0.017875,0.023904,0.15679,0.30387,0.43391
71.6,-0.0179,0.023995,0.15699,0.30389,0.43361
71.7,-0.017925,0.024086,0.15718,0.30391,0.43331
71.8,-0.01795,0.024177,0.15738,0.30392,0.43301
71.9,-0.017975,0.024269,0.15757,0.30393,0.4327
72,-0.018,0.02436,0.15776,0.30394,0.43239
72.1,-0.018025,0.024452,0.15795,0.30394,0.43208
72.2,-0.01805,0.024544,0.15814,0.30394,0.43177
72.3,-0.018075,0.024637,0.15833,0.30393,0.43145
72.4,-0.0181,0.02473,0.15852,0.30393,0.43113
72.5,-0.018125,0.024822,0.15871,0.30391,0.43081
72.6,-0.01815,0.024916,0.15889,0.3039,0.43049
72.7,-0.018175,0.025009,0.15908,0.30388,0.43016
72.8,-0.0182,0.025103,0.15926,0.30385,0.42983
72.9,-0.018225,0.025197,0.15945,0.30382,0.4295
73,-0.01825,0.025291,0.15963,0.30379,0.42916
73.1,-0.018275,0.025385,0.15981,0.30376,0.42883
73.2,-0.0183,0.02548,0.15999,0.30372,0.42849
73.3,-0.018325,0.025574,0.16017,0.30367,0.42815
73.4,-0.01835,0.025669,0.16035,0.30363,0.42781
73.5,-0.018375,0.025765,0.16053,0.30358,0.42746
73.6,-0.0184,0.02586,0.1607,0.30352,0.42712
73.7,-0.018425,0.025956,0.16088,0.30347,0.42677
73.8,-0.01845,0.026052,0.16105,0.3034,0.42643
73.9,-0.018475,0.026148,0.16123,0.30334,0.42608
74,-0.0185,0.026244,0.1614,0.30327,0.42573
74.1,-0.018525,0.026341,0.16157,0.3032,0.42538
74.2,-0.01855,0.026438,0.16174,0.30312,0.42502
74.3,-0.018575,0.026535,0.16191,0.30304,0.42467
74.4,-0.0186,0.026632,0.16208,0.30296,0.42432
74.5,-0.018625,0.026729,0.16224,0.30287,0.42396
74.6,-0.01865,0.026827,0.16241,0.30278,0.42361
74.7,-0.018675,0.026925,0.16257,0.30268,0.42325
74.8,-0.0187,0.027023,0.16274,0.30258,0.4229
74.9,-0.018725,0.027121,0.1629,0.30248,0.42254
75,-0.01875,0.02722,0.16306,0.30238,0.42218
75.1,-0.018775,0.027319,0.16322,0.30227,0.42183
75.2,-0.0188,0.027418,0.16338,0.30215,0.42147
75.3,-0.018825,0.027517,0.16354,0.30204,0.42111
75.4,-0.01885,0.027616,0.16369,0.30192,0.42076
75.5,-0.018875,0.027716,0.16385,0.30179,0.4204
75.6,-0.0189,0.027815,0.164,0.30167,0.42005
75.7,-0.018925,0.027915,0.16415,0.30154,0.41969
75.8,-0.01895,0.028015,0.1643,0.3014,0.41934
75.9,-0.018975,0.028116,0.16445,0.30127,0.41898
76,-0.019,0.028216,0.1646,0.30113,0.41863
76.1,-0.019025,0.028317,0.16475,0.30098,0.41828
76.2,-0.01905,0.028418,0.16489,0.30084,0.41793
76.3,-0.019075,0.028519,0.16504,0.30069,0.41758
76.4,-0.0191,0.02862,0.16518,0.30053,0.41723
76.5,-0.019125,0.028722,0.16532,0.30037,0.41688
76.6,-0.01915,0.028823,0.16546,0.30021,0.41654
76.7,-0.019175,0.028925,0.1656,0.30005,0.41619
76.8,-0.0192,0.029027,0.16574,0.29988,0.41585
76.9,-0.019225,0.02913,0.16587,0.29971,0.41551
77,-0.01925,0.029232,0.16601,0.29954,0.41517
77.1,-0.019275,0.029335,0.16614,0.29936,0.41483
77.2,-0.0193,0.029437,0.16627,0.29918,0.4145
77.3,-0.019325,0.02954,0.16641,0.299,0.41416
77.4,-0.01935,0.029643,0.16653,0.29882,0.41383
77.5,-0.019375,0.029747,0.16666,0.29863,0.4135
77.6,-0.0194,0.02985,0.16679,0.29844,0.41318
77.7,-0.019425,0.029954,0.16691,0.29824,0.41285
77.8,-0.01945,0.030058,0.16704,0.29804,0.41253
77.9,-0.019475,0.030162,0.16716,0.29784,0.41221
78,-0.0195,0.030266,0.16728,0.29764,0.4119
78.1,-0.019525,0.03037,0.1674,0.29744,0.41158
78.2,-0.01955,0.030475,0.16751,0.29723,0.41127
78.3,-0.019575,0.030579,0.16763,0.29702,0.41097
78.4,-0.0196,0.030684,0.16774,0.2968,0.41066
78.5,-0.019625,0.030789,0.16786,0.29658,0.41036
78.6,-0.01965,0.030894,0.16797,0.29636,0.41007
78.7,-0.019675,0.030999,0.16808,0.29614,0.40977
78.8,-0.0197,0.031105,0.16818,0.29592,0.40948
78.9,-0.019725,0.03121,0.16829,0.29569,0.40919
79,-0.01975,0.031316,0.1684,0.29546,0.40891
79.1,-0.019775,0.031422,0.1685,0.29523,0.40863
79.2,-0.0198,0.031528,0.1686,0.29499,0.40835
79.3,-0.019825,0.031634,0.1687,0.29475,0.40808
79.4,-0.01985,0.031741,0.1688,0.29451,0.40781
79.5,-0.019875,0.031847,0.1689,0.29427,0.40755
79.6,-0.0199,0.031954,0.16899,0.29403,0.40729
79.7,-0.019925,0.032061,0.16908,0.29378,0.40703
79.8,-0.01995,0.032168,0.16918,0.29353,0.40678
79.9,-0.019975,0.032275,0.16927,0.29328,0.40653
80,-0.02,0.032382,0.16936,0.29303,0.40629
80.1,-0.020025,0.032489,0.16944,0.29277,0.40605
80.2,-0.02005,0.032597,0.16953,0.29252,0.40581
80.3,-0.020075,0.032704,0.16961,0.29226,0.40558
80.4,-0.0201,0.032812,0.16969,0.29199,0.40536
80.5,-0.020125,0.03292,0.16977,0.29173,0.40514
80.6,-0.02015,0.033028,0.16985,0.29147,0.40492
80.7,-0.020175,0.033136,0.16993,0.2912,0.40471
80.8,-0.0202,0.033244,0.17001,0.29093,0.40451
80.9,-0.020225,0.033353,0.17008,0.29066,0.40431
81,-0.02025,0.033461,0.17015,0.29039,0.40411
81.1,-0.020275,0.03357,0.17022,0.29011,0.40392
81.2,-0.0203,0.033679,0.17029,0.28984,0.40373
81.3,-0.020325,0.033787,0.17036,0.28956,0.40355
81.4,-0.02035,0.033896,0.17042,0.28928,0.40338
81.5,-0.020375,0.034006,0.17049,0.289,0.4032
81.6,-0.0204,0.034115,0.17055,0.28872,0.40304
81.7,-0.020425,0.034224,0.17061,0.28843,0.40288
81.8,-0.02045,0.034334,0.17067,0.28815,0.40273
81.9,-0.020475,0.034443,0.17072,0.28786,0.40258
82,-0.0205,0.034553,0.17078,0.28757,0.40243
82.1,-0.020525,0.034663,0.17083,0.28728,0.4023
82.2,-0.02055,0.034772,0.17088,0.28699,0.40216
82.3,-0.020575,0.034882,0.17093,0.2867,0.40204
82.4,-0.0206,0.034993,0.17098,0.28641,0.40192
82.5,-0.020625,0.035103,0.17102,0.28612,0.4018
82.6,-0.02065,0.035213,0.17107,0.28582,0.40169
82.7,-0.020675,0.035323,0.17111,0.28553,0.40159
82.8,-0.0207,0.035434,0.17115,0.28523,0.40149
82.9,-0.020725,0.035544,0.17119,0.28493,0.4014
83,-0.02075,0.035655,0.17123,0.28464,0.40131
83.1,-0.020775,0.035766,0.17126,0.28434,0.40123
83.2,-0.0208,0.035877,0.1713,0.28404,0.40116
83.3,-0.020825,0.035988,0.17133,0.28374,0.40109
83.4,-0.02085,0.036099,0.17136,0.28344,0.40102
83.5,-0.020875,0.03621,0.17138,0.28313,0.40097
83.6,-0.0209,0.036321,0.17141,0.28283,0.40092
83.7,-0.020925,0.036432,0.17144,0.28253,0.40087
83.8,-0.02095,0.036544,0.17146,0.28223,0.40083
83.9,-0.020975,0.036655,0.17148,0.28192,0.4008
84,-0.021,0.036766,0.1715,0.28162,0.40077
84.1,-0.021025,0.036878,0.17152,0.28131,0.40075
84.2,-0.02105,0.03699,0.17153,0.28101,0.40074
84.3,-0.021075,0.037101,0.17154,0.28071,0.40073
84.4,-0.0211,0.037213,0.17156,0.2804,0.40072
84.5,-0.021125,0.037325,0.17157,0.2801,0.40073
84.6,-0.02115,0.037437,0.17157,0.27979,0.40074
84.7,-0.021175,0.037549,0.17158,0.27949,0.40075
84.8,-0.0212,0.037661,0.17159,0.27918,0.40077
84.9,-0.021225,0.037773,0.17159,0.27888,0.4008
85,-0.02125,0.037885,0.17159,0.27857,0.40083
85.1,-0.021275,0.037998,0.17159,0.27827,0.40087
85.2,-0.0213,0.03811,0.17159,0.27796,0.40092
85.3,-0.021325,0.038222,0.17158,0.27766,0.40097
85.4,-0.02135,0.038335,0.17158,0.27735,0.40103
85.5,-0.021375,0.038447,0.17157,0.27705,0.40109
85.6,-0.0214,0.03856,0.17156,0.27675,0.40116
85.7,-0.021425,0.038672,0.17155,0.27644,0.40123
85.8,-0.02145,0.038785,0.17153,0.27614,0.40131
85.9,-0.021475,0.038897,0.17152,0.27584,0.4014
86,-0.0215,0.03901,0.1715,0.27554,0.40149
86.1,-0.021525,0.039123,0.17148,0.27524,0.40159
86.2,-0.02155,0.039235,0.17146,0.27494,0.4017
86.3,-0.021575,0.039348,0.17144,0.27464,0.40181
86.4,-0.0216,0.039461,0.17141,0.27434,0.40192
86.5,-0.021625,0.039574,0.17139,0.27405,0.40204
86.6,-0.02165,0.039687,0.17136,0.27375,0.40217
86.7,-0.021675,0.0398,0.17133,0.27345,0.4023
86.8,-0.0217,0.039913,0.1713,0.27316,0.40244
86.9,-0.021725,0.040026,0.17126,0.27287,0.40258
87,-0.02175,0.040139,0.17123,0.27257,0.40273
87.1,-0.021775,0.040252,0.17119,0.27228,0.40289
87.2,-0.0218,0.040365,0.17115,0.27199,0.40305
87.3,-0.021825,0.040478,0.17111,0.2717,0.40321
87.4,-0.02185,0.040591,0.17107,0.27142,0.40339
87.5,-0.021875,0.040704,0.17102,0.27113,0.40356
87.6,-0.0219,0.040817,0.17098,0.27085,0.40374
87.7,-0.021925,0.040931,0.17093,0.27056,0.40393
87.8,-0.02195,0.041044,0.17088,0.27028,0.40412
87.9,-0.021975,0.041157,0.17083,0.27,0.40432
88,-0.022,0.04127,0.17077,0.26972,0.40452
88.1,-0.022025,0.041383,0.17072,0.26944,0.40473
88.2,-0.02205,0.041497,0.17066,0.26917,0.40494
88.3,-0.022075,0.04161,0.1706,0.26889,0.40516
88.4,-0.0221,0.041723,0.17054,0.26862,0.40538
88.5,-0.022125,0.041836,0.17048,0.26835,0.4056
88.6,-0.02215,0.041949,0.17042,0.26808,0.40583
88.7,-0.022175,0.042063,0.17035,0.26781,0.40607
88.8,-0.0222,0.042176,0.17029,0.26755,0.40631
88.9,-0.022225,0.042289,0.17022,0.26729,0.40655
89,-0.02225,0.042402,0.17015,0.26702,0.4068
89.1,-0.022275,0.042515,0.17007,0.26677,0.40705
89.2,-0.0223,0.042629,0.17,0.26651,0.40731
89.3,-0.022325,0.042742,0.16992,0.26625,0.40757
89.4,-0.02235,0.042855,0.16984,0.266,0.40784
89.5,-0.022375,0.042968,0.16976,0.26575,0.40811
89.6,-0.0224,0.043081,0.16968,0.2655,0.40838
89.7,-0.022425,0.043194,0.1696,0.26525,0.40866
89.8,-0.02245,0.043307,0.16952,0.26501,0.40894
89.9,-0.022475,0.04342,0.16943,0.26477,0.40922
90,-0.0225,0.043533,0.16934,0.26453,0.40951
90.1,-0.022525,0.043646,0.16925,0.26429,0.4098
90.2,-0.02255,0.043759,0.16916,0.26406,0.4101
90.3,-0.022575,0.043872,0.16907,0.26383,0.4104
90.4,-0.0226,0.043985,0.16897,0.2636,0.4107
90.5,-0.022625,0.044098,0.16888,0.26337,0.41101
90.6,-0.02265,0.044211,0.16878,0.26315,0.41131
90.7,-0.022675,0.044323,0.16868,0.26293,0.41163
90.8,-0.0227,0.044436,0.16858,0.26271,0.41194
90.9,-0.022725,0.044549,0.16847,0.26249,0.41226
91,-0.02275,0.044662,0.16837,0.26228,0.41258
91.1,-0.022775,0.044774,0.16826,0.26207,0.4129
91.2,-0.0228,0.044887,0.16816,0.26186,0.41323
91.3,-0.022825,0.044999,0.16805,0.26165,0.41355
91.4,-0.02285,0.045112,0.16793,0.26145,0.41388
91.5,-0.022875,0.045224,0.16782,0.26125,0.41422
91.6,-0.0229,0.045336,0.16771,0.26106,0.41455
91.7,-0.022925,0.045449,0.16759,0.26086,0.41489
91.8,-0.02295,0.045561,0.16747,0.26067,0.41522
91.9,-0.022975,0.045673,0.16736,0.26048,0.41557
92,-0.023,0.045785,0.16724,0.2603,0.41591
92.1,-0.023025,0.045897,0.16711,0.26012,0.41625
92.2,-0.02305,0.046009,0.16699,0.25994,0.4166
92.3,-0.023075,0.046121,0.16686,0.25977,0.41694
92.4,-0.0231,0.046233,0.16674,0.25959,0.41729
92.5,-0.023125,0.046345,0.16661,0.25943,0.41764
92.6,-0.02315,0.046457,0.16648,0.25926,0.41799
92.7,-0.023175,0.046568,0.16635,0.2591,0.41835
92.8,-0.0232,0.04668,0.16622,0.25894,0.4187
92.9,-0.023225,0.046791,0.16608,0.25879,0.41905
93,-0.02325,0.046903,0.16595,0.25863,0.41941
93.1,-0.023275,0.047014,0.16581,0.25848,0.41976
93.2,-0.0233,0.047125,0.16567,0.25834,0.42012
93.3,-0.023325,0.047236,0.16553,0.2582,0.42048
93.4,-0.02335,0.047348,0.16539,0.25806,0.42083
93.5,-0.023375,0.047459,0.16525,0.25792,0.42119
93.6,-0.0234,0.047569,0.1651,0.25779,0.42155
93.7,-0.023425,0.04768,0.16496,0.25767,0.42191
93.8,-0.02345,0.047791,0.16481,0.25754,0.42226
93.9,-0.023475,0.047902,0.16466,0.25742,0.42262
94,-0.0235,0.048012,0.16451,0.2573,0.42298
94.1,-0.023525,0.048123,0.16436,0.25719,0.42334
94.2,-0.02355,0.048233,0.16421,0.25708,0.42369
94.3,-0.023575,0.048343,0.16405,0.25697,0.42405
94.4,-0.0236,0.048453,0.1639,0.25687,0.4244
94.5,-0.023625,0.048563,0.16374,0.25677,0.42476
94.6,-0.02365,0.048673,0.16358,0.25668,0.42511
94.7,-0.023675,0.048783,0.16342,0.25658,0.42546
94.8,-0.0237,0.048892,0.16326,0.2565,0.42582
94.9,-0.023725,0.049002,0.1631,0.25641,0.42617
95,-0.02375,0.049111,0.16294,0.25633,0.42652
95.1,-0.023775,0.049221,0.16277,0.25625,0.42686
95.2,-0.0238,0.04933,0.16261,0.25618,0.42721
95.3,-0.023825,0.049439,0.16244,0.25611,0.42756
95.4,-0.02385,0.049548,0.16227,0.25605,0.4279
95.5,-0.023875,0.049657,0.1621,0.25598,0.42824
95.6,-0.0239,0.049766,0.16193,0.25593,0.42858
95.7,-0.023925,0.049874,0.16176,0.25587,0.42892
95.8,-0.02395,0.049983,0.16159,0.25582,0.42926
95.9,-0.023975,0.050091,0.16141,0.25577,0.42959
96,-0.024,0.050199,0.16124,0.25573,0.42992
96.1,-0.024025,0.050307,0.16106,0.25569,0.43025
96.2,-0.02405,0.050415,0.16088,0.25566,0.43058
96.3,-0.024075,0.050523,0.1607,0.25563,0.4309
96.4,-0.0241,0.050631,0.16052,0.2556,0.43122
96.5,-0.024125,0.050738,0.16034,0.25558,0.43154
96.6,-0.02415,0.050845,0.16016,0.25556,0.43186
96.7,-0.024175,0.050953,0.15998,0.25554,0.43217
96.8,-0.0242,0.05106,0.15979,0.25553,0.43248
96.9,-0.024225,0.051166,0.15961,0.25552,0.43279
97,-0.02425,0.051273,0.15942,0.25552,0.43309
97.1,-0.024275,0.05138,0.15923,0.25552,0.43339
97.2,-0.0243,0.051486,0.15905,0.25552,0.43369
97.3,-0.024325,0.051593,0.15886,0.25553,0.43398
97.4,-0.02435,0.051699,0.15867,0.25554,0.43427
97.5,-0.024375,0.051805,0.15847,0.25555,0.43456
97.6,-0.0244,0.05191,0.15828,0.25557,0.43485
97.7,-0.024425,0.052016,0.15809,0.2556,0.43512
97.8,-0.02445,0.052122,0.15789,0.25562,0.4354
97.9,-0.024475,0.052227,0.1577,0.25565,0.43567
98,-0.0245,0.052332,0.1575,0.25569,0.43594
98.1,-0.024525,0.052437,0.15731,0.25573,0.4362
98.2,-0.02455,0.052542,0.15711,0.25577,0.43646
98.3,-0.024575,0.052646,0.15691,0.25582,0.43672
98.4,-0.0246,0.052751,0.15671,0.25587,0.43697
98.5,-0.024625,0.052855,0.15651,0.25592,0.43722
98.6,-0.02465,0.052959,0.15631,0.25598,0.43746
98.7,-0.024675,0.053063,0.15611,0.25604,0.4377
98.8,-0.0247,0.053167,0.1559,0.25611,0.43793
98.9,-0.024725,0.05327,0.1557,0.25617,0.43816
99,-0.02475,0.053373,0.15549,0.25625,0.43838
99.1,-0.024775,0.053477,0.15529,0.25632,0.4386
99.2,-0.0248,0.05358,0.15508,0.2564,0.43881
99.3,-0.024825,0.053682,0.15488,0.25649,0.43902
99.4,-0.02485,0.053785,0.15467,0.25658,0.43923
99.5,-0.024875,0.053887,0.15446,0.25667,0.43943
99.6,-0.0249,0.053989,0.15425,0.25676,0.43962
99.7,-0.024925,0.054091,0.15404,0.25686,0.43981
99.8,-0.02495,0.054193,0.15383,0.25697,0.43999
99.9,-0.024975,0.054295,0.15362,0.25707,0.44017
100,-0.025,0.054396,0.15341,0.25718,0.44035
100.1,-0.025025,0.054497,0.1532,0.2573,0.44051
100.2,-0.02505,0.054598,0.15298,0.25741,0.44068
100.3,-0.025075,0.054699,0.15277,0.25753,0.44083
100.4,-0.0251,0.054799,0.15256,0.25766,0.44099
100.5,-0.025125,0.0549,0.15234,0.25779,0.44113
100.6,-0.02515,0.055,0.15213,0.25792,0.44127
100.7,-0.025175,0.0551,0.15191,0.25805,0.44141
100.8,-0.0252,0.055199,0.1517,0.25819,0.44154
100.9,-0.025225,0.055299,0.15148,0.25833,0.44166
101,-0.02525,0.055398,0.15126,0.25848,0.44178
101.1,-0.025275,0.055497,0.15105,0.25863,0.44189
101.2,-0.0253,0.055596,0.15083,0.25878,0.44199
101.3,-0.025325,0.055694,0.15061,0.25893,0.4421
101.4,-0.02535,0.055792,0.15039,0.25909,0.44219
101.5,-0.025375,0.05589,0.15017,0.25926,0.44228
101.6,-0.0254,0.055988,0.14995,0.25942,0.44236
101.7,-0.025425,0.056086,0.14973,0.25959,0.44244
101.8,-0.02545,0.056183,0.14951,0.25976,0.44251
101.9,-0.025475,0.05628,0.14929,0.25994,0.44257
102,-0.0255,0.056377,0.14907,0.26012,0.44263
102.1,-0.025525,0.056474,0.14885,0.2603,0.44268
102.2,-0.02555,0.05657,0.14863,0.26048,0.44273
102.3,-0.025575,0.056666,0.1484,0.26067,0.44277
102.4,-0.0256,0.056762,0.14818,0.26086,0.44281
102.5,-0.025625,0.056858,0.14796,0.26105,0.44283
102.6,-0.02565,0.056953,0.14774,0.26125,0.44286
102.7,-0.025675,0.057048,0.14751,0.26145,0.44287
102.8,-0.0257,0.057143,0.14729,0.26165,0.44288
102.9,-0.025725,0.057238,0.14707,0.26186,0.44289
103,-0.02575,0.057332,0.14684,0.26207,0.44288
103.1,-0.025775,0.057426,0.14662,0.26228,0.44288
103.2,-0.0258,0.05752,0.14639,0.26249,0.44286
103.3,-0.025825,0.057613,0.14617,0.26271,0.44284
103.4,-0.02585,0.057707,0.14595,0.26293,0.44281
103.5,-0.025875,0.0578,0.14572,0.26315,0.44278
103.6,-0.0259,0.057892,0.1455,0.26338,0.44274
103.7,-0.025925,0.057985,0.14527,0.2636,0.4427
103.8,-0.02595,0.058077,0.14505,0.26383,0.44265
103.9,-0.025975,0.058169,0.14482,0.26407,0.44259
104,-0.026,0.058261,0.1446,0.2643,0.44253
104.1,-0.026025,0.058352,0.14437,0.26454,0.44246
104.2,-0.02605,0.058443,0.14415,0.26478,0.44238
104.3,-0.026075,0.058534,0.14392,0.26502,0.4423
104.4,-0.0261,0.058625,0.1437,0.26527,0.44222
104.5,-0.026125,0.058715,0.14348,0.26552,0.44212
104.6,-0.02615,0.058805,0.14325,0.26576,0.44202
104.7,-0.026175,0.058894,0.14303,0.26602,0.44192
104.8,-0.0262,0.058984,0.1428,0.26627,0.44181
104.9,-0.026225,0.059073,0.14258,0.26653,0.44169
105,-0.02625,0.059162,0.14235,0.26679,0.44157
105.1,-0.026275,0.05925,0.14213,0.26705,0.44144
105.2,-0.0263,0.059338,0.14191,0.26731,0.44131
105.3,-0.026325,0.059426,0.14168,0.26757,0.44117
105.4,-0.02635,0.059514,0.14146,0.26784,0.44103
105.5,-0.026375,0.059601,0.14124,0.26811,0.44088
105.6,-0.0264,0.059688,0.14101,0.26838,0.44072
105.7,-0.026425,0.059775,0.14079,0.26865,0.44056
105.8,-0.02645,0.059861,0.14057,0.26892,0.44039
105.9,-0.026475,0.059948,0.14035,0.2692,0.44022
106,-0.0265,0.060033,0.14012,0.26947,0.44004
106.1,-0.026525,0.060119,0.1399,0.26975,0.43986
106.2,-0.02655,0.060204,0.13968,0.27003,0.43967
106.3,-0.026575,0.060289,0.13946,0.27031,0.43948
106.4,-0.0266,0.060373,0.13924,0.2706,0.43928
106.5,-0.026625,0.060458,0.13902,0.27088,0.43908
106.6,-0.02665,0.060541,0.1388,0.27117,0.43887
106.7,-0.026675,0.060625,0.13858,0.27146,0.43865
106.8,-0.0267,0.060708,0.13836,0.27175,0.43844
106.9,-0.026725,0.060791,0.13814,0.27204,0.43821
107,-0.02675,0.060874,0.13792,0.27233,0.43798
107.1,-0.026775,0.060956,0.13771,0.27262,0.43775
107.2,-0.0268,0.061038,0.13749,0.27291,0.43751
107.3,-0.026825,0.06112,0.13727,0.27321,0.43727
107.4,-0.02685,0.061201,0.13705,0.2735,0.43703
107.5,-0.026875,0.061282,0.13684,0.2738,0.43677
107.6,-0.0269,0.061362,0.13662,0.2741,0.43652
107.7,-0.026925,0.061443,0.13641,0.2744,0.43626
107.8,-0.02695,0.061523,0.13619,0.27469,0.436
107.9,-0.026975,0.061602,0.13598,0.27499,0.43573
108,-0.027,0.061681,0.13577,0.2753,0.43546
108.1,-0.027025,0.06176,0.13556,0.2756,0.43518
108.2,-0.02705,0.061839,0.13534,0.2759,0.4349
108.3,-0.027075,0.061917,0.13513,0.2762,0.43462
108.4,-0.0271,0.061995,0.13492,0.27651,0.43433
108.5,-0.027125,0.062072,0.13471,0.27681,0.43404
108.6,-0.02715,0.06215,0.1345,0.27711,0.43374
108.7,-0.027175,0.062226,0.13429,0.27742,0.43345
108.8,-0.0272,0.062303,0.13409,0.27772,0.43314
108.9,-0.027225,0.062379,0.13388,0.27803,0.43284
109,-0.02725,0.062455,0.13367,0.27833,0.43253
109.1,-0.027275,0.06253,0.13347,0.27864,0.43222
109.2,-0.0273,0.062605,0.13326,0.27894,0.43191
109.3,-0.027325,0.06268,0.13306,0.27925,0.43159
109.4,-0.02735,0.062754,0.13286,0.27956,0.43127
109.5,-0.027375,0.062828,0.13265,0.27986,0.43095
109.6,-0.0274,0.062902,0.13245,0.28017,0.43062
109.7,-0.027425,0.062975,0.13225,0.28047,0.43029
109.8,-0.02745,0.063048,0.13205,0.28078,0.42996
109.9,-0.027475,0.06312,0.13185,0.28108,0.42963
110,-0.0275,0.063192,0.13165,0.28139,0.42929
110.1,-0.027525,0.063264,0.13146,0.28169,0.42896
110.2,-0.02755,0.063335,0.13126,0.282,0.42862
110.3,-0.027575,0.063406,0.13107,0.2823,0.42827
110.4,-0.0276,0.063477,0.13087,0.2826,0.42793
110.5,-0.027625,0.063547,0.13068,0.28291,0.42759
110.6,-0.02765,0.063617,0.13049,0.28321,0.42724
110.7,-0.027675,0.063686,0.13029,0.28351,0.42689
110.8,-0.0277,0.063755,0.1301,0.28381,0.42654
110.9,-0.027725,0.063824,0.12991,0.28411,0.42619
111,-0.02775,0.063892,0.12973,0.28441,0.42584
111.1,-0.027775,0.06396,0.12954,0.28471,0.42548
111.2,-0.0278,0.064027,0.12935,0.28501,0.42513
111.3,-0.027825,0.064095,0.12917,0.28531,0.42477
111.4,-0.02785,0.064161,0.12898,0.2856,0.42442
111.5,-0.027875,0.064228,0.1288,0.2859,0.42406
111.6,-0.0279,0.064293,0.12862,0.28619,0.4237
111.7,-0.027925,0.064359,0.12844,0.28648,0.42334
111.8,-0.02795,0.064424,0.12826,0.28677,0.42298
111.9,-0.027975,0.064489,0.12808,0.28707,0.42262
112,-0.028,0.064553,0.1279,0.28735,0.42226
112.1,-0.028025,0.064617,0.12772,0.28764,0.4219
112.2,-0.02805,0.064681,0.12755,0.28793,0.42154
112.3,-0.028075,0.064744,0.12737,0.28821,0.42118
112.4,-0.0281,0.064806,0.1272,0.2885,0.42082
112.5,-0.028125,0.064869,0.12703,0.28878,0.42046
112.6,-0.02815,0.064931,0.12686,0.28906,0.4201
112.7,-0.028175,0.064992,0.12669,0.28934,0.41974
112.8,-0.0282,0.065053,0.12652,0.28962,0.41939
112.9,-0.028225,0.065114,0.12636,0.28989,0.41903
113,-0.02825,0.065174,0.12619,0.29017,0.41867
113.1,-0.028275,0.065234,0.12603,0.29044,0.41832
113.2,-0.0283,0.065293,0.12586,0.29071,0.41796
113.3,-0.028325,0.065352,0.1257,0.29098,0.41761
113.4,-0.02835,0.065411,0.12554,0.29124,0.41726
113.5,-0.028375,0.065469,0.12538,0.29151,0.4169
113.6,-0.0284,0.065527,0.12523,0.29177,0.41655
113.7,-0.028425,0.065584,0.12507,0.29203,0.41621
113.8,-0.02845,0.065641,0.12492,0.29229,0.41586
113.9,-0.028475,0.065697,0.12476,0.29255,0.41552
114,-0.0285,0.065753,0.12461,0.2928,0.41517
114.1,-0.028525,0.065809,0.12446,0.29305,0.41483
114.2,-0.02855,0.065864,0.12431,0.2933,0.41449
114.3,-0.028575,0.065919,0.12416,0.29355,0.41416
114.4,-0.0286,0.065973,0.12402,0.2938,0.41382
114.5,-0.028625,0.066027,0.12387,0.29404,0.41349
114.6,-0.02865,0.06608,0.12373,0.29428,0.41316
114.7,-0.028675,0.066133,0.12359,0.29452,0.41283
114.8,-0.0287,0.066186,0.12345,0.29475,0.41251
114.9,-0.028725,0.066238,0.12331,0.29499,0.41218
115,-0.02875,0.06629,0.12317,0.29522,0.41186
115.1,-0.028775,0.066341,0.12304,0.29545,0.41155
115.2,-0.0288,0.066392,0.1229,0.29567,0.41124
115.3,-0.028825,0.066442,0.12277,0.29589,0.41092
115.4,-0.02885,0.066492,0.12264,0.29611,0.41062
115.5,-0.028875,0.066541,0.12251,0.29633,0.41031
115.6,-0.0289,0.06659,0.12238,0.29654,0.41001
115.7,-0.028925,0.066639,0.12225,0.29676,0.40972
115.8,-0.02895,0.066687,0.12213,0.29696,0.40942
115.9,-0.028975,0.066735,0.122,0.29717,0.40913
116,-0.029,0.066782,0.12188,0.29737,0.40885
116.1,-0.029025,0.066829,0.12176,0.29757,0.40856
116.2,-0.02905,0.066875,0.12164,0.29777,0.40829
116.3,-0.029075,0.066921,0.12153,0.29796,0.40801
116.4,-0.0291,0.066966,0.12141,0.29815,0.40774
116.5,-0.029125,0.067011,0.1213,0.29834,0.40747
116.6,-0.02915,0.067056,0.12118,0.29853,0.40721
116.7,-0.029175,0.0671,0.12107,0.29871,0.40695
116.8,-0.0292,0.067143,0.12097,0.29889,0.4067
116.9,-0.029225,0.067186,0.12086,0.29906,0.40645
117,-0.02925,0.067229,0.12075,0.29923,0.4062
117.1,-0.029275,0.067271,0.12065,0.2994,0.40596
117.2,-0.0293,0.067313,0.12055,0.29957,0.40573
117.3,-0.029325,0.067354,0.12045,0.29973,0.4055
117.4,-0.02935,0.067395,0.12035,0.29989,0.40527
117.5,-0.029375,0.067435,0.12025,0.30004,0.40505
117.6,-0.0294,0.067475,0.12016,0.30019,0.40483
117.7,-0.029425,0.067514,0.12006,0.30034,0.40462
117.8,-0.02945,0.067553,0.11997,0.30048,0.40442
117.9,-0.029475,0.067591,0.11988,0.30063,0.40421
118,-0.0295,0.067629,0.11979,0.30076,0.40402
118.1,-0.029525,0.067667,0.11971,0.3009,0.40383
118.2,-0.02955,0.067704,0.11962,0.30103,0.40364
118.3,-0.029575,0.06774,0.11954,0.30115,0.40346
118.4,-0.0296,0.067776,0.11946,0.30128,0.40329
118.5,-0.029625,0.067812,0.11938,0.3014,0.40312
118.6,-0.02965,0.067847,0.1193,0.30151,0.40295
118.7,-0.029675,0.067882,0.11922,0.30163,0.40279
118.8,-0.0297,0.067916,0.11915,0.30174,0.40264
118.9,-0.029725,0.067949,0.11908,0.30184,0.40249
119,-0.02975,0.067982,0.11901,0.30194,0.40235
119.1,-0.029775,0.068015,0.11894,0.30204,0.40221
119.2,-0.0298,0.068047,0.11887,0.30213,0.40208
119.3,-0.029825,0.068079,0.11881,0.30222,0.40196
119.4,-0.02985,0.06811,0.11874,0.30231,0.40184
119.5,-0.029875,0.068141,0.11868,0.30239,0.40173
119.6,-0.0299,0.068171,0.11862,0.30247,0.40162
119.7,-0.029925,0.068201,0.11856,0.30254,0.40152
119.8,-0.02995,0.06823,0.11851,0.30262,0.40142
119.9,-0.029975,0.068259,0.11845,0.30268,0.40133
120,-0.03,0.068287,0.1184,0.30275,0.40125
120.1,-0.030025,0.068315,0.11835,0.30281,0.40117
120.2,-0.03005,0.068342,0.1183,0.30286,0.4011
120.3,-0.030075,0.068369,0.11826,0.30291,0.40104
120.4,-0.0301,0.068395,0.11821,0.30296,0.40098
120.5,-0.030125,0.068421,0.11817,0.303,0.40093
120.6,-0.03015,0.068447,0.11813,0.30304,0.40088
120.7,-0.030175,0.068471,0.11809,0.30308,0.40084
120.8,-0.0302,0.068496,0.11805,0.30311,0.4008
120.9,-0.030225,0.068519,0.11802,0.30314,0.40078
121,-0.03025,0.068543,0.11798,0.30316,0.40075
121.1,-0.030275,0.068566,0.11795,0.30318,0.40074
121.2,-0.0303,0.068588,0.11792,0.3032,0.40073
121.3,-0.030325,0.06861,0.1179,0.30321,0.40072
121.4,-0.03035,0.068631,0.11787,0.30322,0.40073
121.5,-0.030375,0.068652,0.11785,0.30322,0.40074
121.6,-0.0304,0.068672,0.11782,0.30322,0.40075
121.7,-0.030425,0.068692,0.1178,0.30322,0.40077
121.8,-0.03045,0.068711,0.11779,0.30321,0.4008
121.9,-0.030475,0.06873,0.11777,0.3032,0.40083
122,-0.0305,0.068748,0.11776,0.30319,0.40087
122.1,-0.030525,0.068766,0.11774,0.30317,0.40092
122.2,-0.03055,0.068783,0.11773,0.30314,0.40097
122.3,-0.030575,0.0688,0.11772,0.30312,0.40103
122.4,-0.0306,0.068816,0.11772,0.30308,0.40109
122.5,-0.030625,0.068832,0.11771,0.30305,0.40116
122.6,-0.03065,0.068847,0.11771,0.30301,0.40124
122.7,-0.030675,0.068862,0.11771,0.30297,0.40132
122.8,-0.0307,0.068876,0.11771,0.30292,0.40141
122.9,-0.030725,0.06889,0.11771,0.30287,0.4015
123,-0.03075,0.068903,0.11772,0.30281,0.4016
123.1,-0.030775,0.068916,0.11772,0.30275,0.40171
123.2,-0.0308,0.068928,0.11773,0.30269,0.40182
123.3,-0.030825,0.06894,0.11774,0.30262,0.40194
123.4,-0.03085,0.068951,0.11776,0.30255,0.40206
123.5,-0.030875,0.068961,0.11777,0.30248,0.40219
123.6,-0.0309,0.068971,0.11779,0.3024,0.40233
123.7,-0.030925,0.068981,0.1178,0.30232,0.40247
123.8,-0.03095,0.06899,0.11782,0.30223,0.40262
123.9,-0.030975,0.068999,0.11785,0.30214,0.40277
124,-0.031,0.069007,0.11787,0.30205,0.40293
124.1,-0.031025,0.069014,0.1179,0.30195,0.40309
124.2,-0.03105,0.069021,0.11792,0.30185,0.40326
124.3,-0.031075,0.069028,0.11795,0.30175,0.40343
124.4,-0.0311,0.069034,0.11799,0.30164,0.40361
124.5,-0.031125,0.069039,0.11802,0.30153,0.4038
124.6,-0.03115,0.069044,0.11805,0.30141,0.40399
124.7,-0.031175,0.069048,0.11809,0.30129,0.40418
124.8,-0.0312,0.069052,0.11813,0.30117,0.40439
124.9,-0.031225,0.069055,0.11817,0.30104,0.40459
125,-0.03125,0.069058,0.11821,0.30091,0.4048
125.1,-0.031275,0.069061,0.11826,0.30077,0.40502
125.2,-0.0313,0.069062,0.11831,0.30064,0.40524
125.3,-0.031325,0.069064,0.11835,0.30049,0.40547
125.4,-0.03135,0.069064,0.1184,0.30035,0.4057
125.5,-0.031375,0.069064,0.11846,0.3002,0.40593
125.6,-0.0314,0.069064,0.11851,0.30005,0.40617
125.7,-0.031425,0.069063,0.11857,0.29989,0.40642
125.8,-0.03145,0.069062,0.11862,0.29974,0.40667
125.9,-0.031475,0.06906,0.11868,0.29957,0.40692
126,-0.0315,0.069058,0.11875,0.29941,0.40718
126.1,-0.031525,0.069055,0.11881,0.29924,0.40744
126.2,-0.03155,0.069051,0.11887,0.29907,0.40771
126.3,-0.031575,0.069047,0.11894,0.29889,0.40798
126.4,-0.0316,0.069043,0.11901,0.29871,0.40825
126.5,-0.031625,0.069037,0.11908,0.29853,0.40853
126.6,-0.03165,0.069032,0.11915,0.29834,0.40882
126.7,-0.031675,0.069026,0.11923,0.29816,0.4091
126.8,-0.0317,0.069019,0.1193,0.29796,0.40939
126.9,-0.031725,0.069012,0.11938,0.29777,0.40969
127,-0.03175,0.069004,0.11946,0.29757,0.40998
127.1,-0.031775,0.068996,0.11954,0.29737,0.41029
127.2,-0.0318,0.068987,0.11963,0.29717,0.41059
127.3,-0.031825,0.068978,0.11971,0.29696,0.4109
127.4,-0.03185,0.068968,0.1198,0.29675,0.41121
127.5,-0.031875,0.068958,0.11989,0.29654,0.41152
127.6,-0.0319,0.068947,0.11998,0.29632,0.41184
127.7,-0.031925,0.068935,0.12007,0.2961,0.41216
127.8,-0.03195,0.068923,0.12016,0.29588,0.41248
127.9,-0.031975,0.068911,0.12026,0.29566,0.41281
128,-0.032,0.068898,0.12036,0.29543,0.41314
128.1,-0.032025,0.068884,0.12046,0.2952,0.41347
128.2,-0.03205,0.06887,0.12056,0.29497,0.4138
128.3,-0.032075,0.068856,0.12066,0.29474,0.41414
128.4,-0.0321,0.068841,0.12076,0.2945,0.41447
128.5,-0.032125,0.068825,0.12087,0.29426,0.41481
128.6,-0.03215,0.068809,0.12098,0.29402,0.41516
128.7,-0.032175,0.068792,0.12109,0.29377,0.4155
128.8,-0.0322,0.068775,0.1212,0.29352,0.41584
128.9,-0.032225,0.068757,0.12131,0.29327,0.41619
129,-0.03225,0.068739,0.12143,0.29302,0.41654
129.1,-0.032275,0.06872,0.12154,0.29277,0.41689
129.2,-0.0323,0.0687,0.12166,0.29251,0.41724
129.3,-0.032325,0.068681,0.12178,0.29225,0.4176
129.4,-0.03235,0.06866,0.1219,0.29199,0.41795
129.5,-0.032375,0.068639,0.12202,0.29173,0.41831
129.6,-0.0324,0.068618,0.12215,0.29146,0.41867
129.7,-0.032425,0.068596,0.12227,0.2912,0.41902
129.8,-0.03245,0.068573,0.1224,0.29093,0.41938
129.9,-0.032475,0.06855,0.12253,0.29066,0.41974
130,-0.0325,0.068526,0.12266,0.29038,0.4201
130.1,-0.032525,0.068502,0.12279,0.29011,0.42046
130.2,-0.03255,0.068477,0.12292,0.28983,0.42082
130.3,-0.032575,0.068452,0.12306,0.28955,0.42118
130.4,-0.0326,0.068427,0.1232,0.28927,0.42154
130.5,-0.032625,0.0684,0.12333,0.28899,0.4219
130.6,-0.03265,0.068373,0.12347,0.28871,0.42227
130.7,-0.032675,0.068346,0.12362,0.28842,0.42263
130.8,-0.0327,0.068318,0.12376,0.28814,0.42299
130.9,-0.032725,0.06829,0.1239,0.28785,0.42335
131,-0.03275,0.068261,0.12405,0.28756,0.42371
131.1,-0.032775,0.068231,0.1242,0.28727,0.42407
131.2,-0.0328,0.068201,0.12434,0.28698,0.42443
131.3,-0.032825,0.068171,0.12449,0.28668,0.42478
131.4,-0.03285,0.06814,0.12465,0.28639,0.42514
131.5,-0.032875,0.068108,0.1248,0.28609,0.4255
131.6,-0.0329,0.068076,0.12495,0.28579,0.42585
131.7,-0.032925,0.068044,0.12511,0.2855,0.4262
131.8,-0.03295,0.06801,0.12527,0.2852,0.42656
131.9,-0.032975,0.067977,0.12542,0.2849,0.42691
132,-0.033,0.067943,0.12558,0.2846,0.42726
132.1,-0.033025,0.067908,0.12574,0.28429,0.4276
132.2,-0.03305,0.067873,0.12591,0.28399,0.42795
132.3,-0.033075,0.067837,0.12607,0.28369,0.42829
132.4,-0.0331,0.067801,0.12624,0.28338,0.42864
132.5,-0.033125,0.067764,0.1264,0.28308,0.42897
132.6,-0.03315,0.067726,0.12657,0.28277,0.42931
132.7,-0.033175,0.067688,0.12674,0.28246,0.42965
132.8,-0.0332,0.06765,0.12691,0.28216,0.42998
132.9,-0.033225,0.067611,0.12708,0.28185,0.43031
133,-0.03325,0.067572,0.12725,0.28154,0.43064
133.1,-0.033275,0.067532,0.12743,0.28123,0.43097
133.2,-0.0333,0.067491,0.1276,0.28093,0.43129
133.3,-0.033325,0.06745,0.12778,0.28062,0.43161
133.4,-0.03335,0.067409,0.12796,0.28031,0.43193
133.5,-0.033375,0.067367,0.12814,0.28,0.43224
133.6,-0.0334,0.067324,0.12832,0.27969,0.43255
133.7,-0.033425,0.067281,0.1285,0.27938,0.43286
133.8,-0.03345,0.067237,0.12868,0.27907,0.43316
133.9,-0.033475,0.067193,0.12886,0.27876,0.43346
134,-0.0335,0.067148,0.12905,0.27845,0.43376
134.1,-0.033525,0.067103,0.12923,0.27814,0.43405
134.2,-0.03355,0.067058,0.12942,0.27783,0.43434
134.3,-0.033575,0.067011,0.12961,0.27753,0.43463
134.4,-0.0336,0.066965,0.12979,0.27722,0.43491
134.5,-0.033625,0.066917,0.12998,0.27691,0.43519
134.6,-0.03365,0.06687,0.13017,0.2766,0.43547
134.7,-0.033675,0.066821,0.13037,0.27629,0.43574
134.8,-0.0337,0.066773,0.13056,0.27599,0.436
134.9,-0.033725,0.066723,0.13075,0.27568,0.43626
135,-0.03375,0.066673,0.13095,0.27538,0.43652
135.1,-0.033775,0.066623,0.13114,0.27507,0.43678
135.2,-0.0338,0.066572,0.13134,0.27477,0.43702
135.3,-0.033825,0.066521,0.13154,0.27446,0.43727
135.4,-0.03385,0.066469,0.13174,0.27416,0.43751
135.5,-0.033875,0.066417,0.13193,0.27386,0.43774
135.6,-0.0339,0.066364,0.13213,0.27356,0.43797
135.7,-0.033925,0.06631,0.13234,0.27326,0.4382
135.8,-0.03395,0.066257,0.13254,0.27296,0.43842
135.9,-0.033975,0.066202,0.13274,0.27266,0.43863
136,-0.034,0.066147,0.13294,0.27237,0.43884
136.1,-0.034025,0.066092,0.13315,0.27207,0.43905
136.2,-0.03405,0.066036,0.13335,0.27178,0.43925
136.3,-0.034075,0.065979,0.13356,0.27148,0.43944
136.4,-0.0341,0.065923,0.13377,0.27119,0.43963
136.5,-0.034125,0.065865,0.13397,0.2709,0.43982
136.6,-0.03415,0.065807,0.13418,0.27061,0.44
136.7,-0.034175,0.065749,0.13439,0.27033,0.44017
136.8,-0.0342,0.06569,0.1346,0.27004,0.44034
136.9,-0.034225,0.06563,0.13481,0.26975,0.4405
137,-0.03425,0.06557,0.13502,0.26947,0.44066
137.1,-0.034275,0.06551,0.13523,0.26919,0.44081
137.2,-0.0343,0.065449,0.13544,0.26891,0.44095
137.3,-0.034325,0.065388,0.13566,0.26863,0.44109
137.4,-0.03435,0.065326,0.13587,0.26836,0.44123
137.5,-0.034375,0.065263,0.13608,0.26808,0.44135
137.6,-0.0344,0.0652,0.1363,0.26781,0.44148
137.7,-0.034425,0.065137,0.13651,0.26754,0.44159
137.8,-0.03445,0.065073,0.13673,0.26727,0.4417
137.9,-0.034475,0.065009,0.13694,0.26701,0.44181
138,-0.0345,0.064944,0.13716,0.26674,0.44191
138.1,-0.034525,0.064879,0.13738,0.26648,0.442
138.2,-0.03455,0.064813,0.13759,0.26622,0.44208
138.3,-0.034575,0.064746,0.13781,0.26596,0.44216
138.4,-0.0346,0.06468,0.13803,0.26571,0.44224
138.5,-0.034625,0.064612,0.13825,0.26546,0.44231
138.6,-0.03465,0.064545,0.13847,0.26521,0.44237
138.7,-0.034675,0.064476,0.13869,0.26496,0.44242
138.8,-0.0347,0.064408,0.13891,0.26471,0.44247
138.9,-0.034725,0.064338,0.13913,0.26447,0.44252
139,-0.03475,0.064269,0.13935,0.26423,0.44255
139.1,-0.034775,0.064198,0.13957,0.26399,0.44258
139.2,-0.0348,0.064128,0.13979,0.26375,0.44261
139.3,-0.034825,0.064057,0.14001,0.26352,0.44263
139.4,-0.03485,0.063985,0.14023,0.26329,0.44264
139.5,-0.034875,0.063913,0.14046,0.26306,0.44264
139.6,-0.0349,0.06384,0.14068,0.26284,0.44264
139.7,-0.034925,0.063767,0.1409,0.26262,0.44264
139.8,-0.03495,0.063694,0.14112,0.2624,0.44262
139.9,-0.034975,0.06362,0.14135,0.26218,0.4426
140,-0.035,0.063545,0.14157,0.26197,0.44258
140.1,-0.035025,0.063471,0.14179,0.26175,0.44255
140.2,-0.03505,0.063395,0.14202,0.26155,0.44251
140.3,-0.035075,0.063319,0.14224,0.26134,0.44246
140.4,-0.0351,0.063243,0.14246,0.26114,0.44241
140.5,-0.035125,0.063166,0.14269,0.26094,0.44236
140.6,-0.03515,0.063089,0.14291,0.26075,0.44229
140.7,-0.035175,0.063011,0.14313,0.26055,0.44222
140.8,-0.0352,0.062933,0.14336,0.26037,0.44215
140.9,-0.035225,0.062855,0.14358,0.26018,0.44207
141,-0.03525,0.062776,0.14381,0.26,0.44198
141.1,-0.035275,0.062696,0.14403,0.25982,0.44189
141.2,-0.0353,0.062616,0.14425,0.25964,0.44179
141.3,-0.035325,0.062536,0.14448,0.25947,0.44168
141.4,-0.03535,0.062455,0.1447,0.2593,0.44157
141.5,-0.035375,0.062373,0.14492,0.25913,0.44145
141.6,-0.0354,0.062292,0.14515,0.25897,0.44133
141.7,-0.035425,0.062209,0.14537,0.25881,0.4412
141.8,-0.03545,0.062127,0.14559,0.25866,0.44106
141.9,-0.035475,0.062044,0.14582,0.2585,0.44092
142,-0.0355,0.06196,0.14604,0.25835,0.44077
142.1,-0.035525,0.061876,0.14626,0.25821,0.44062
142.2,-0.03555,0.061792,0.14648,0.25807,0.44046
142.3,-0.035575,0.061707,0.14671,0.25793,0.4403
142.4,-0.0356,0.061622,0.14693,0.2578,0.44013
142.5,-0.035625,0.061536,0.14715,0.25767,0.43996
142.6,-0.03565,0.06145,0.14737,0.25754,0.43977
142.7,-0.035675,0.061363,0.14759,0.25741,0.43959
142.8,-0.0357,0.061276,0.14781,0.2573,0.4394
142.9,-0.035725,0.061189,0.14803,0.25718,0.4392
143,-0.03575,0.061101,0.14825,0.25707,0.439
143.1,-0.035775,0.061012,0.14847,0.25696,0.43879
143.2,-0.0358,0.060924,0.14869,0.25685,0.43858
143.3,-0.035825,0.060834,0.14891,0.25675,0.43836
143.4,-0.03585,0.060745,0.14913,0.25666,0.43814
143.5,-0.035875,0.060655,0.14935,0.25656,0.43791
143.6,-0.0359,0.060564,0.14957,0.25648,0.43768
143.7,-0.035925,0.060473,0.14978,0.25639,0.43744
143.8,-0.03595,0.060382,0.15,0.25631,0.4372
143.9,-0.035975,0.06029,0.15022,0.25623,0.43696
144,-0.036,0.060198,0.15043,0.25616,0.43671
144.1,-0.036025,0.060106,0.15065,0.25609,0.43645
144.2,-0.03605,0.060013,0.15086,0.25602,0.43619
144.3,-0.036075,0.059919,0.15108,0.25596,0.43593
144.4,-0.0361,0.059826,0.15129,0.2559,0.43566
144.5,-0.036125,0.059732,0.1515,0.25585,0.43539
144.6,-0.03615,0.059637,0.15171,0.2558,0.43511
144.7,-0.036175,0.059542,0.15193,0.25575,0.43483
144.8,-0.0362,0.059447,0.15214,0.25571,0.43454
144.9,-0.036225,0.059351,0.15235,0.25567,0.43425
145,-0.03625,0.059255,0.15256,0.25564,0.43396
145.1,-0.036275,0.059158,0.15277,0.25561,0.43367
145.2,-0.0363,0.059061,0.15297,0.25559,0.43337
145.3,-0.036325,0.058964,0.15318,0.25556,0.43306
145.4,-0.03635,0.058866,0.15339,0.25555,0.43276
145.5,-0.036375,0.058768,0.15359,0.25553,0.43245
145.6,-0.0364,0.05867,0.1538,0.25552,0.43213
145.7,-0.036425,0.058571,0.154,0.25552,0.43182
145.8,-0.03645,0.058471,0.15421,0.25552,0.4315
145.9,-0.036475,0.058372,0.15441,0.25552,0.43117
146,-0.0365,0.058272,0.15461,0.25553,0.43085
146.1,-0.036525,0.058171,0.15481,0.25554,0.43052
146.2,-0.03655,0.05807,0.15501,0.25555,0.43019
146.3,-0.036575,0.057969,0.15521,0.25557,0.42986
146.4,-0.0366,0.057868,0.15541,0.25559,0.42952
146.5,-0.036625,0.057766,0.15561,0.25562,0.42918
146.6,-0.03665,0.057664,0.15581,0.25565,0.42884
146.7,-0.036675,0.057561,0.156,0.25569,0.4285
146.8,-0.0367,0.057458,0.1562,0.25572,0.42816
146.9,-0.036725,0.057354,0.15639,0.25577,0.42781
147,-0.03675,0.057251,0.15658,0.25581,0.42746
147.1,-0.036775,0.057147,0.15678,0.25587,0.42711
147.2,-0.0368,0.057042,0.15697,0.25592,0.42676
147.3,-0.036825,0.056937,0.15716,0.25598,0.42641
147.4,-0.03685,0.056832,0.15735,0.25604,0.42605
147.5,-0.036875,0.056727,0.15753,0.25611,0.4257
147.6,-0.0369,0.056621,0.15772,0.25618,0.42534
147.7,-0.036925,0.056514,0.15791,0.25626,0.42498
147.8,-0.03695,0.056408,0.15809,0.25633,0.42462
147.9,-0.036975,0.056301,0.15827,0.25642,0.42426
148,-0.037,0.056194,0.15845,0.2565,0.4239
148.1,-0.037025,0.056086,0.15864,0.25659,0.42354
148.2,-0.03705,0.055978,0.15882,0.25669,0.42318
148.3,-0.037075,0.05587,0.15899,0.25679,0.42281
148.4,-0.0371,0.055761,0.15917,0.25689,0.42245
148.5,-0.037125,0.055652,0.15935,0.257,0.42209
148.6,-0.03715,0.055543,0.15952,0.25711,0.42172
148.7,-0.037175,0.055433,0.1597,0.25722,0.42136
148.8,-0.0372,0.055323,0.15987,0.25734,0.421
148.9,-0.037225,0.055213,0.16004,0.25746,0.42063
149,-0.03725,0.055103,0.16021,0.25758,0.42027
149.1,-0.037275,0.054992,0.16038,0.25771,0.41991
149.2,-0.0373,0.05488,0.16055,0.25784,0.41954
149.3,-0.037325,0.054769,0.16071,0.25798,0.41918
149.4,-0.03735,0.054657,0.16088,0.25812,0.41882
149.5,-0.037375,0.054545,0.16104,0.25826,0.41846
149.6,-0.0374,0.054432,0.1612,0.25841,0.4181
149.7,-0.037425,0.05432,0.16136,0.25856,0.41775
149.8,-0.03745,0.054206,0.16152,0.25871,0.41739
149.9,-0.037475,0.054093,0.16168,0.25887,0.41703
150,-0.0375,0.053979,0.16184,0.25903,0.41668
150.1,-0.037525,0.053865,0.16199,0.25919,0.41633
150.2,-0.03755,0.053751,0.16215,0.25936,0.41598
150.3,-0.037575,0.053636,0.1623,0.25953,0.41563
150.4,-0.0376,0.053522,0.16245,0.25971,0.41528
150.5,-0.037625,0.053406,0.1626,0.25988,0.41493
150.6,-0.03765,0.053291,0.16275,0.26007,0.41459
150.7,-0.037675,0.053175,0.16289,0.26025,0.41425
150.8,-0.0377,0.053059,0.16304,0.26044,0.41391
150.9,-0.037725,0.052943,0.16318,0.26063,0.41357
151,-0.03775,0.052826,0.16332,0.26082,0.41324
151.1,-0.037775,0.052709,0.16346,0.26102,0.41291
151.2,-0.0378,0.052592,0.1636,0.26122,0.41258
151.3,-0.037825,0.052475,0.16374,0.26142,0.41225
151.4,-0.03785,0.052357,0.16387,0.26163,0.41193
151.5,-0.037875,0.052239,0.16401,0.26184,0.41161
151.6,-0.0379,0.052121,0.16414,0.26205,0.41129
151.7,-0.037925,0.052002,0.16427,0.26227,0.41098
151.8,-0.03795,0.051883,0.1644,0.26249,0.41067
151.9,-0.037975,0.051764,0.16453,0.26271,0.41036
152,-0.038,0.051645,0.16465,0.26293,0.41005
152.1,-0.038025,0.051526,0.16478,0.26316,0.40975
152.2,-0.03805,0.051406,0.1649,0.26339,0.40945
152.3,-0.038075,0.051286,0.16502,0.26362,0.40916
152.4,-0.0381,0.051165,0.16514,0.26386,0.40887
152.5,-0.038125,0.051045,0.16526,0.26409,0.40858
152.6,-0.03815,0.050924,0.16537,0.26433,0.4083
152.7,-0.038175,0.050803,0.16549,0.26458,0.40802
152.8,-0.0382,0.050682,0.1656,0.26482,0.40775
152.9,-0.038225,0.05056,0.16571,0.26507,0.40748
153,-0.03825,0.050439,0.16582,0.26532,0.40721
153.1,-0.038275,0.050317,0.16593,0.26557,0.40695
153.2,-0.0383,0.050194,0.16603,0.26583,0.4067
153.3,-0.038325,0.050072,0.16614,0.26608,0.40644
153.4,-0.03835,0.049949,0.16624,0.26634,0.4062
153.5,-0.038375,0.049826,0.16634,0.26661,0.40595
153.6,-0.0384,0.049703,0.16644,0.26687,0.40572
153.7,-0.038425,0.04958,0.16653,0.26714,0.40548
153.8,-0.03845,0.049456,0.16663,0.2674,0.40525
153.9,-0.038475,0.049333,0.16672,0.26767,0.40503
154,-0.0385,0.049209,0.16681,0.26795,0.40481
154.1,-0.038525,0.049085,0.1669,0.26822,0.4046
154.2,-0.03855,0.04896,0.16699,0.2685,0.40439
154.3,-0.038575,0.048836,0.16707,0.26877,0.40419
154.4,-0.0386,0.048711,0.16716,0.26905,0.40399
154.5,-0.038625,0.048586,0.16724,0.26933,0.4038
154.6,-0.03865,0.048461,0.16732,0.26962,0.40361
154.7,-0.038675,0.048335,0.1674,0.2699,0.40343
154.8,-0.0387,0.04821,0.16748,0.27019,0.40325
154.9,-0.038725,0.048084,0.16755,0.27048,0.40308
155,-0.03875,0.047958,0.16762,0.27076,0.40292
155.1,-0.038775,0.047832,0.16769,0.27106,0.40276
155.2,-0.0388,0.047706,0.16776,0.27135,0.4026
155.3,-0.038825,0.047579,0.16783,0.27164,0.40245
155.4,-0.03885,0.047453,0.1679,0.27194,0.40231
155.5,-0.038875,0.047326,0.16796,0.27223,0.40218
155.6,-0.0389,0.047199,0.16802,0.27253,0.40205
155.7,-0.038925,0.047072,0.16808,0.27283,0.40192
155.8,-0.03895,0.046944,0.16814,0.27313,0.4018
155.9,-0.038975,0.046817,0.16819,0.27343,0.40169
156,-0.039,0.046689,0.16825,0.27373,0.40158
156.1,-0.039025,0.046561,0.1683,0.27403,0.40148
156.2,-0.03905,0.046433,0.16835,0.27433,0.40139
156.3,-0.039075,0.046305,0.1684,0.27464,0.4013
156.4,-0.0391,0.046177,0.16844,0.27494,0.40122
156.5,-0.039125,0.046048,0.16849,0.27525,0.40114
156.6,-0.03915,0.04592,0.16853,0.27555,0.40107
156.7,-0.039175,0.045791,0.16857,0.27586,0.40101
156.8,-0.0392,0.045662,0.16861,0.27617,0.40095
156.9,-0.039225,0.045533,0.16864,0.27648,0.4009
157,-0.03925,0.045404,0.16868,0.27679,0.40086
157.1,-0.039275,0.045275,0.16871,0.27709,0.40082
157.2,-0.0393,0.045146,0.16874,0.2774,0.40079
157.3,-0.039325,0.045016,0.16877,0.27771,0.40076
157.4,-0.03935,0.044887,0.16879,0.27802,0.40074
157.5,-0.039375,0.044757,0.16882,0.27833,0.40073
157.6,-0.0394,0.044627,0.16884,0.27864,0.40072
157.7,-0.039425,0.044497,0.16886,0.27895,0.40072
157.8,-0.03945,0.044367,0.16888,0.27926,0.40073
157.9,-0.039475,0.044237,0.16889,0.27957,0.40074
158,-0.0395,0.044106,0.16891,0.27988,0.40076
158.1,-0.039525,0.043976,0.16892,0.28019,0.40079
158.2,-0.03955,0.043845,0.16893,0.2805,0.40082
158.3,-0.039575,0.043715,0.16894,0.28081,0.40086
158.4,-0.0396,0.043584,0.16894,0.28112,0.4009
158.5,-0.039625,0.043453,0.16895,0.28143,0.40095
158.6,-0.03965,0.043322,0.16895,0.28174,0.40101
158.7,-0.039675,0.043191,0.16895,0.28205,0.40107
158.8,-0.0397,0.04306,0.16895,0.28235,0.40114
158.9,-0.039725,0.042929,0.16894,0.28266,0.40122
159,-0.03975,0.042798,0.16894,0.28297,0.4013
159.1,-0.039775,0.042666,0.16893,0.28327,0.40138
159.2,-0.0398,0.042535,0.16892,0.28358,0.40148
159.3,-0.039825,0.042404,0.16891,0.28388,0.40158
159.4,-0.03985,0.042272,0.1689,0.28419,0.40168
159.5,-0.039875,0.04214,0.16888,0.28449,0.4018
159.6,-0.0399,0.042009,0.16886,0.28479,0.40191
159.7,-0.039925,0.041877,0.16884,0.28509,0.40204
159.8,-0.03995,0.041745,0.16882,0.28539,0.40217
159.9,-0.039975,0.041613,0.1688,0.28569,0.40231
160,-0.04,0.041481,0.16877,0.28599,0.40245
160.1,-0.040025,0.041349,0.16874,0.28628,0.4026
160.2,-0.04005,0.041217,0.16871,0.28658,0.40275
160.3,-0.040075,0.041085,0.16868,0.28687,0.40291
160.4,-0.0401,0.040953,0.16865,0.28716,0.40307
160.5,-0.040125,0.040821,0.16861,0.28745,0.40324
160.6,-0.04015,0.040689,0.16857,0.28774,0.40342
160.7,-0.040175,0.040557,0.16853,0.28803,0.4036
160.8,-0.0402,0.040424,0.16849,0.28832,0.40379
160.9,-0.040225,0.040292,0.16845,0.2886,0.40398
161,-0.04025,0.04016,0.1684,0.28888,0.40418
161.1,-0.040275,0.040027,0.16835,0.28917,0.40438
161.2,-0.0403,0.039895,0.1683,0.28945,0.40459
161.3,-0.040325,0.039763,0.16825,0.28972,0.40481
161.4,-0.04035,0.03963,0.1682,0.29,0.40502
161.5,-0.040375,0.039498,0.16814,0.29027,0.40525
161.6,-0.0404,0.039366,0.16809,0.29055,0.40548
161.7,-0.040425,0.039233,0.16803,0.29082,0.40571
161.8,-0.04045,0.039101,0.16797,0.29108,0.40595
161.9,-0.040475,0.038968,0.1679,0.29135,0.40619
162,-0.0405,0.038836,0.16784,0.29161,0.40644
162.1,-0.040525,0.038704,0.16777,0.29188,0.40669
162.2,-0.04055,0.038571,0.1677,0.29213,0.40695
162.3,-0.040575,0.038439,0.16763,0.29239,0.40721
162.4,-0.0406,0.038306,0.16756,0.29265,0.40748
162.5,-0.040625,0.038174,0.16748,0.2929,0.40775
162.6,-0.04065,0.038042,0.1674,0.29315,0.40802
162.7,-0.040675,0.037909,0.16733,0.2934,0.4083
162.8,-0.0407,0.037777,0.16725,0.29364,0.40859
162.9,-0.040725,0.037645,0.16716,0.29388,0.40887
163,-0.04075,0.037513,0.16708,0.29412,0.40916
163.1,-0.040775,0.03738,0.16699,0.29436,0.40946
163.2,-0.0408,0.037248,0.1669,0.2946,0.40976
163.3,-0.040825,0.037116,0.16681,0.29483,0.41006
163.4,-0.04085,0.036984,0.16672,0.29506,0.41036
163.5,-0.040875,0.036852,0.16663,0.29528,0.41067
163.6,-0.0409,0.03672,0.16653,0.29551,0.41098
163.7,-0.040925,0.036588,0.16644,0.29573,0.4113
163.8,-0.04095,0.036456,0.16634,0.29595,0.41162
163.9,-0.040975,0.036324,0.16624,0.29616,0.41194
164,-0.041,0.036192,0.16613,0.29637,0.41226
164.1,-0.041025,0.036061,0.16603,0.29658,0.41259
164.2,-0.04105,0.035929,0.16592,0.29679,0.41292
164.3,-0.041075,0.035797,0.16581,0.29699,0.41326
164.4,-0.0411,0.035666,0.1657,0.29719,0.41359
164.5,-0.041125,0.035535,0.16559,0.29739,0.41393
164.6,-0.04115,0.035403,0.16548,0.29758,0.41427
164.7,-0.041175,0.035272,0.16536,0.29777,0.41461
164.8,-0.0412,0.035141,0.16525,0.29796,0.41496
164.9,-0.041225,0.03501,0.16513,0.29814,0.4153
165,-0.04125,0.034878,0.16501,0.29832,0.41565
165.1,-0.041275,0.034748,0.16488,0.2985,0.416
165.2,-0.0413,0.034617,0.16476,0.29867,0.41635
165.3,-0.041325,0.034486,0.16463,0.29884,0.41671
165.4,-0.04135,0.034355,0.16451,0.29901,0.41706
165.5,-0.041375,0.034225,0.16438,0.29917,0.41742
165.6,-0.0414,0.034094,0.16425,0.29933,0.41778
165.7,-0.041425,0.033964,0.16411,0.29949,0.41814
165.8,-0.04145,0.033834,0.16398,0.29964,0.4185
165.9,-0.041475,0.033704,0.16384,0.29979,0.41886
166,-0.0415,0.033573,0.16371,0.29993,0.41922
166.1,-0.041525,0.033444,0.16357,0.30008,0.41958
166.2,-0.04155,0.033314,0.16343,0.30021,0.41994
166.3,-0.041575,0.033184,0.16329,0.30035,0.42031
166.4,-0.0416,0.033055,0.16314,0.30048,0.42067
166.5,-0.041625,0.032925,0.163,0.3006,0.42104
166.6,-0.04165,0.032796,0.16285,0.30073,0.4214
166.7,-0.041675,0.032667,0.1627,0.30085,0.42177
166.8,-0.0417,0.032538,0.16255,0.30096,0.42213
166.9,-0.041725,0.032409,0.1624,0.30107,0.42249
167,-0.04175,0.03228,0.16225,0.30118,0.42286
167.1,-0.041775,0.032152,0.16209,0.30129,0.42322
167.2,-0.0418,0.032023,0.16194,0.30139,0.42359
167.3,-0.041825,0.031895,0.16178,0.30148,0.42395
167.4,-0.04185,0.031767,0.16162,0.30157,0.42431
167.5,-0.041875,0.031639,0.16146,0.30166,0.42467
167.6,-0.0419,0.031511,0.1613,0.30175,0.42503
167.7,-0.041925,0.031384,0.16113,0.30183,0.42539
167.8,-0.04195,0.031256,0.16097,0.3019,0.42575
167.9,-0.041975,0.031129,0.1608,0.30197,0.42611
168,-0.042,0.031002,0.16063,0.30204,0.42646
168.1,-0.042025,0.030875,0.16047,0.30211,0.42681
168.2,-0.04205,0.030748,0.1603,0.30217,0.42717
168.3,-0.042075,0.030622,0.16012,0.30222,0.42752
168.4,-0.0421,0.030495,0.15995,0.30227,0.42787
168.5,-0.042125,0.030369,0.15978,0.30232,0.42821
168.6,-0.04215,0.030243,0.1596,0.30237,0.42856
168.7,-0.042175,0.030117,0.15942,0.30241,0.4289
168.8,-0.0422,0.029992,0.15924,0.30244,0.42924
168.9,-0.042225,0.029866,0.15907,0.30247,0.42958
169,-0.04225,0.029741,0.15888,0.3025,0.42991
169.1,-0.042275,0.029616,0.1587,0.30252,0.43025
169.2,-0.0423,0.029491,0.15852,0.30254,0.43058
169.3,-0.042325,0.029367,0.15833,0.30256,0.43091
169.4,-0.04235,0.029242,0.15815,0.30257,0.43123
169.5,-0.042375,0.029118,0.15796,0.30258,0.43155
169.6,-0.0424,0.028994,0.15777,0.30258,0.43187
169.7,-0.042425,0.028871,0.15758,0.30258,0.43219
169.8,-0.04245,0.028747,0.15739,0.30257,0.4325
169.9,-0.042475,0.028624,0.1572,0.30256,0.43281
170,-0.0425,0.028501,0.15701,0.30255,0.43312
170.1,-0.042525,0.028378,0.15682,0.30253,0.43342
170.2,-0.04255,0.028255,0.15662,0.30251,0.43372
170.3,-0.042575,0.028133,0.15642,0.30248,0.43401
170.4,-0.0426,0.028011,0.15623,0.30245,0.4343
170.5,-0.042625,0.027889,0.15603,0.30242,0.43459
170.6,-0.04265,0.027767,0.15583,0.30238,0.43487
170.7,-0.042675,0.027646,0.15563,0.30234,0.43515
170.8,-0.0427,0.027525,0.15543,0.30229,0.43543
170.9,-0.042725,0.027404,0.15523,0.30224,0.4357
171,-0.04275,0.027284,0.15502,0.30218,0.43596
171.1,-0.042775,0.027163,0.15482,0.30212,0.43622
171.2,-0.0428,0.027043,0.15462,0.30206,0.43648
171.3,-0.042825,0.026923,0.15441,0.30199,0.43674
171.4,-0.04285,0.026804,0.1542,0.30192,0.43698
171.5,-0.042875,0.026685,0.154,0.30185,0.43723
171.6,-0.0429,0.026566,0.15379,0.30177,0.43747
171.7,-0.042925,0.026447,0.15358,0.30168,0.4377
171.8,-0.04295,0.026328,0.15337,0.3016,0.43793
171.9,-0.042975,0.02621,0.15316,0.30151,0.43815
172,-0.043,0.026092,0.15294,0.30141,0.43837
172.1,-0.043025,0.025975,0.15273,0.30131,0.43858
172.2,-0.04305,0.025858,0.15252,0.30121,0.43879
172.3,-0.043075,0.025741,0.1523,0.3011,0.439
172.4,-0.0431,0.025624,0.15209,0.30099,0.43919
172.5,-0.043125,0.025507,0.15187,0.30088,0.43939
172.6,-0.04315,0.025391,0.15166,0.30076,0.43957
172.7,-0.043175,0.025275,0.15144,0.30063,0.43975
172.8,-0.0432,0.02516,0.15122,0.30051,0.43993
172.9,-0.043225,0.025045,0.15101,0.30038,0.4401
173,-0.04325,0.02493,0.15079,0.30024,0.44026
173.1,-0.043275,0.024815,0.15057,0.30011,0.44042
173.2,-0.0433,0.024701,0.15035,0.29997,0.44058
173.3,-0.043325,0.024587,0.15013,0.29982,0.44072
173.4,-0.04335,0.024474,0.14991,0.29967,0.44086
173.5,-0.043375,0.02436,0.14968,0.29952,0.441
173.6,-0.0434,0.024247,0.14946,0.29936,0.44113
173.7,-0.043425,0.024135,0.14924,0.29921,0.44125
173.8,-0.04345,0.024022,0.14902,0.29904,0.44137
173.9,-0.043475,0.023911,0.14879,0.29888,0.44148
174,-0.0435,0.023799,0.14857,0.29871,0.44159
174.1,-0.043525,0.023688,0.14834,0.29853,0.44169
174.2,-0.04355,0.023577,0.14812,0.29836,0.44178
174.3,-0.043575,0.023466,0.14789,0.29817,0.44186
174.4,-0.0436,0.023356,0.14767,0.29799,0.44194
174.5,-0.043625,0.023246,0.14744,0.2978,0.44202
174.6,-0.04365,0.023136,0.14721,0.29761,0.44209
174.7,-0.043675,0.023027,0.14699,0.29742,0.44215
174.8,-0.0437,0.022919,0.14676,0.29722,0.4422
174.9,-0.043725,0.02281,0.14653,0.29702,0.44225
175,-0.04375,0.022702,0.14631,0.29682,0.44229
175.1,-0.043775,0.022594,0.14608,0.29661,0.44233
175.2,-0.0438,0.022487,0.14585,0.2964,0.44236
175.3,-0.043825,0.02238,0.14562,0.29619,0.44238
175.4,-0.04385,0.022273,0.14539,0.29597,0.4424
175.5,-0.043875,0.022167,0.14516,0.29576,0.44241
175.6,-0.0439,0.022061,0.14493,0.29553,0.44241
175.7,-0.043925,0.021956,0.14471,0.29531,0.44241
175.8,-0.04395,0.021851,0.14448,0.29508,0.4424
175.9,-0.043975,0.021746,0.14425,0.29485,0.44239
176,-0.044,0.021642,0.14402,0.29462,0.44236
176.1,-0.044025,0.021538,0.14379,0.29438,0.44234
176.2,-0.04405,0.021434,0.14356,0.29414,0.4423
176.3,-0.044075,0.021331,0.14333,0.2939,0.44226
176.4,-0.0441,0.021228,0.1431,0.29366,0.44221
176.5,-0.044125,0.021126,0.14287,0.29341,0.44216
176.6,-0.04415,0.021024,0.14264,0.29316,0.4421
176.7,-0.044175,0.020923,0.14241,0.29291,0.44203
176.8,-0.0442,0.020822,0.14218,0.29266,0.44196
176.9,-0.044225,0.020721,0.14195,0.2924,0.44188
177,-0.04425,0.020621,0.14172,0.29214,0.4418
177.1,-0.044275,0.020521,0.14149,0.29188,0.44171
177.2,-0.0443,0.020421,0.14126,0.29162,0.44161
177.3,-0.044325,0.020322,0.14104,0.29135,0.4415
177.4,-0.04435,0.020224,0.14081,0.29108,0.44139
177.5,-0.044375,0.020126,0.14058,0.29081,0.44128
177.6,-0.0444,0.020028,0.14035,0.29054,0.44116
177.7,-0.044425,0.01993,0.14012,0.29027,0.44103
177.8,-0.04445,0.019834,0.13989,0.28999,0.44089
177.9,-0.044475,0.019737,0.13967,0.28971,0.44075
178,-0.0445,0.019641,0.13944,0.28943,0.44061
178.1,-0.044525,0.019546,0.13921,0.28915,0.44045
178.2,-0.04455,0.01945,0.13899,0.28887,0.4403
178.3,-0.044575,0.019356,0.13876,0.28858,0.44013
178.4,-0.0446,0.019262,0.13853,0.2883,0.43996
178.5,-0.044625,0.019168,0.13831,0.28801,0.43979
178.6,-0.04465,0.019074,0.13808,0.28772,0.43961
178.7,-0.044675,0.018982,0.13786,0.28742,0.43942
178.8,-0.0447,0.018889,0.13763,0.28713,0.43923
178.9,-0.044725,0.018797,0.13741,0.28684,0.43903
179,-0.04475,0.018706,0.13719,0.28654,0.43883
179.1,-0.044775,0.018615,0.13696,0.28624,0.43862
179.2,-0.0448,0.018524,0.13674,0.28594,0.43841
179.3,-0.044825,0.018434,0.13652,0.28564,0.43819
179.4,-0.04485,0.018344,0.1363,0.28534,0.43797
179.5,-0.044875,0.018255,0.13608,0.28504,0.43774
179.6,-0.0449,0.018166,0.13585,0.28474,0.4375
179.7,-0.044925,0.018078,0.13564,0.28443,0.43727
179.8,-0.04495,0.017991,0.13542,0.28413,0.43702
179.9,-0.044975,0.017903,0.1352,0.28382,0.43677
180,-0.045,0.017817,0.13498,0.28351,0.43652
180.1,0.47521,0.017724,0.13475,0.2832,0.43626
180.2,0.47518,0.017625,0.13451,0.28288,0.43601
180.3,0.47516,0.017529,0.13428,0.28256,0.43576
180.4,0.47513,0.017434,0.13405,0.28225,0.43551
180.5,0.47511,0.01734,0.13382,0.28194,0.43526
180.6,0.47508,0.017247,0.1336,0.28164,0.43501
180.7,0.47506,0.017157,0.13338,0.28134,0.43476
180.8,0.47503,0.017067,0.13316,0.28104,0.43452
180.9,0.47501,0.016979,0.13295,0.28074,0.43428
181,0.47498,0.016892,0.13274,0.28045,0.43404
181.1,0.47496,0.016806,0.13253,0.28016,0.4338
181.2,0.47493,0.016722,0.13232,0.27988,0.43356
181.3,0.47491,0.016639,0.13212,0.2796,0.43332
181.4,0.47488,0.016557,0.13192,0.27932,0.43309
181.5,0.47486,0.016477,0.13172,0.27905,0.43286
181.6,0.47483,0.016397,0.13153,0.27878,0.43263
181.7,0.47481,0.016319,0.13134,0.27851,0.4324
181.8,0.47478,0.016242,0.13115,0.27824,0.43217
181.9,0.47476,0.016167,0.13096,0.27798,0.43195
182,0.47473,0.016092,0.13078,0.27772,0.43172
182.1,0.47471,0.016019,0.1306,0.27747,0.4315
182.2,0.47468,0.015946,0.13042,0.27721,0.43128
182.3,0.47466,0.015875,0.13024,0.27696,0.43106
182.4,0.47463,0.015805,0.13007,0.27672,0.43084
182.5,0.47461,0.015736,0.1299,0.27647,0.43063
182.6,0.47458,0.015668,0.12973,0.27623,0.43041
182.7,0.47456,0.015601,0.12956,0.27599,0.4302
182.8,0.47453,0.015534,0.1294,0.27576,0.42999
182.9,0.47451,0.015469,0.12923,0.27552,0.42978
183,0.47448,0.015405,0.12907,0.27529,0.42957
183.1,0.47446,0.015342,0.12892,0.27506,0.42936
183.2,0.47443,0.01528,0.12876,0.27484,0.42916
183.3,0.47441,0.015219,0.12861,0.27462,0.42895
183.4,0.47438,0.015159,0.12846,0.2744,0.42875
183.5,0.47436,0.015099,0.12831,0.27418,0.42855
183.6,0.47433,0.015041,0.12816,0.27396,0.42835
183.7,0.47431,0.014983,0.12802,0.27375,0.42815
183.8,0.47428,0.014926,0.12787,0.27354,0.42795
183.9,0.47426,0.014871,0.12773,0.27333,0.42776
184,0.47423,0.014816,0.12759,0.27313,0.42756
184.1,0.47421,0.014761,0.12746,0.27293,0.42737
184.2,0.47418,0.014708,0.12732,0.27273,0.42718
184.3,0.47416,0.014655,0.12719,0.27253,0.42699
184.4,0.47413,0.014604,0.12706,0.27233,0.4268
184.5,0.47411,0.014553,0.12693,0.27214,0.42661
184.6,0.47408,0.014502,0.1268,0.27195,0.42643
184.7,0.47406,0.014453,0.12667,0.27176,0.42624
184.8,0.47403,0.014404,0.12655,0.27157,0.42606
184.9,0.47401,0.014356,0.12643,0.27139,0.42587
185,0.47398,0.014309,0.12631,0.2712,0.42569
185.1,0.47396,0.014262,0.12619,0.27102,0.42551
185.2,0.47393,0.014217,0.12607,0.27084,0.42534
185.3,0.47391,0.014171,0.12596,0.27067,0.42516
185.4,0.47388,0.014127,0.12584,0.27049,0.42498
185.5,0.47386,0.014083,0.12573,0.27032,0.42481
185.6,0.47383,0.01404,0.12562,0.27015,0.42463
185.7,0.47381,0.013998,0.12551,0.26998,0.42446
185.8,0.47378,0.013956,0.1254,0.26982,0.42429
185.9,0.47376,0.013915,0.12529,0.26965,0.42412
186,0.47373,0.013874,0.12519,0.26949,0.42395
186.1,0.47371,0.013834,0.12509,0.26933,0.42379
186.2,0.47368,0.013795,0.12498,0.26917,0.42362
186.3,0.47366,0.013756,0.12488,0.26901,0.42345
186.4,0.47363,0.013718,0.12478,0.26886,0.42329
186.5,0.47361,0.01368,0.12469,0.2687,0.42313
186.6,0.47358,0.013643,0.12459,0.26855,0.42297
186.7,0.47356,0.013607,0.1245,0.2684,0.42281
186.8,0.47353,0.013571,0.1244,0.26825,0.42265
186.9,0.47351,0.013535,0.12431,0.26811,0.42249
187,0.47348,0.0135,0.12422,0.26796,0.42233
187.1,0.47346,0.013466,0.12413,0.26782,0.42218
187.2,0.47343,0.013432,0.12404,0.26768,0.42202
187.3,0.47341,0.013399,0.12395,0.26754,0.42187
187.4,0.47338,0.013366,0.12387,0.2674,0.42172
187.5,0.47336,0.013334,0.12378,0.26726,0.42156
187.6,0.47333,0.013302,0.1237,0.26713,0.42141
187.7,0.47331,0.013271,0.12361,0.267,0.42126
187.8,0.47328,0.01324,0.12353,0.26686,0.42112
187.9,0.47326,0.013209,0.12345,0.26673,0.42097
188,0.47323,0.01318,0.12337,0.2666,0.42082
188.1,0.47321,0.01315,0.1233,0.26648,0.42068
188.2,0.47318,0.013121,0.12322,0.26635,0.42053
188.3,0.47316,0.013092,0.12314,0.26623,0.42039
188.4,0.47313,0.013064,0.12307,0.2661,0.42025
188.5,0.47311,0.013037,0.12299,0.26598,0.42011
188.6,0.47308,0.013009,0.12292,0.26586,0.41997
188.7,0.47306,0.012982,0.12285,0.26574,0.41983
188.8,0.47303,0.012956,0.12278,0.26563,0.41969
188.9,0.47301,0.01293,0.12271,0.26551,0.41955
189,0.47298,0.012904,0.12264,0.2654,0.41941
189.1,0.47296,0.012879,0.12257,0.26528,0.41928
189.2,0.47293,0.012854,0.1225,0.26517,0.41914
189.3,0.47291,0.012829,0.12244,0.26506,0.41901
189.4,0.47288,0.012805,0.12237,0.26495,0.41888
189.5,0.47286,0.012781,0.12231,0.26484,0.41875
189.6,0.47283,0.012758,0.12225,0.26473,0.41862
189.7,0.47281,0.012735,0.12218,0.26463,0.41849
189.8,0.47278,0.012712,0.12212,0.26452,0.41836
189.9,0.47276,0.012689,0.12206,0.26442,0.41823
190,0.47273,0.012667,0.122,0.26432,0.4181
190.1,0.47271,0.012646,0.12194,0.26422,0.41798
190.2,0.47268,0.012624,0.12188,0.26412,0.41785
190.3,0.47266,0.012603,0.12183,0.26402,0.41773
190.4,0.47263,0.012582,0.12177,0.26392,0.4176
190.5,0.47261,0.012562,0.12171,0.26382,0.41748
190.6,0.47258,0.012542,0.12166,0.26373,0.41736
190.7,0.47256,0.012522,0.1216,0.26363,0.41724
190.8,0.47253,0.012502,0.12155,0.26354,0.41712
190.9,0.47251,0.012483,0.1215,0.26345,0.417
191,0.47248,0.012464,0.12145,0.26336,0.41688
191.1,0.47246,0.012445,0.1214,0.26327,0.41676
191.2,0.47243,0.012427,0.12134,0.26318,0.41665
191.3,0.47241,0.012409,0.12129,0.26309,0.41653
191.4,0.47238,0.012391,0.12125,0.263,0.41641
191.5,0.47236,0.012373,0.1212,0.26292,0.4163
191.6,0.47233,0.012356,0.12115,0.26283,0.41619
191.7,0.47231,0.012339,0.1211,0.26275,0.41607
191.8,0.47228,0.012322,0.12106,0.26267,0.41596
191.9,0.47226,0.012306,0.12101,0.26259,0.41585
192,0.47223,0.012289,0.12096,0.2625,0.41574
192.1,0.47221,0.012273,0.12092,0.26242,0.41563
192.2,0.47218,0.012258,0.12088,0.26234,0.41552
192.3,0.47216,0.012242,0.12083,0.26227,0.41541
192.4,0.47213,0.012227,0.12079,0.26219,0.41531
192.5,0.47211,0.012212,0.12075,0.26211,0.4152
192.6,0.47208,0.012197,0.12071,0.26204,0.41509
192.7,0.47206,0.012182,0.12066,0.26196,0.41499
192.8,0.47203,0.012168,0.12062,0.26189,0.41489
192.9,0.47201,0.012153,0.12058,0.26182,0.41478
193,0.47198,0.012139,0.12055,0.26174,0.41468
193.1,0.47196,0.012126,0.12051,0.26167,0.41458
193.2,0.47193,0.012112,0.12047,0.2616,0.41448
193.3,0.47191,0.012099,0.12043,0.26153,0.41437
193.4,0.47188,0.012086,0.12039,0.26146,0.41427
193.5,0.47186,0.012073,0.12036,0.26139,0.41418
193.6,0.47183,0.01206,0.12032,0.26133,0.41408
193.7,0.47181,0.012047,0.12028,0.26126,0.41398
193.8,0.47178,0.012035,0.12025,0.2612,0.41388
193.9,0.47176,0.012023,0.12021,0.26113,0.41378
194,0.47173,0.012011,0.12018,0.26107,0.41369
194.1,0.47171,0.011999,0.12015,0.261,0.41359
194.2,0.47168,0.011987,0.12011,0.26094,0.4135
194.3,0.47166,0.011976,0.12008,0.26088,0.41341
194.4,0.47163,0.011964,0.12005,0.26082,0.41331
194.5,0.47161,0.011953,0.12002,0.26076,0.41322
194.6,0.47158,0.011942,0.11999,0.2607,0.41313
194.7,0.47156,0.011931,0.11995,0.26064,0.41304
194.8,0.47153,0.011921,0.11992,0.26058,0.41295
194.9,0.47151,0.01191,0.11989,0.26052,0.41286
195,0.47148,0.0119,0.11986,0.26046,0.41277
195.1,0.47146,0.01189,0.11983,0.26041,0.41268
195.2,0.47143,0.01188,0.11981,0.26035,0.41259
195.3,0.47141,0.01187,0.11978,0.26029,0.4125
195.4,0.47138,0.01186,0.11975,0.26024,0.41241
195.5,0.47136,0.011851,0.11972,0.26019,0.41233
195.6,0.47133,0.011841,0.11969,0.26013,0.41224
195.7,0.47131,0.011832,0.11967,0.26008,0.41216
195.8,0.47128,0.011823,0.11964,0.26003,0.41207
195.9,0.47126,0.011814,0.11961,0.25998,0.41199
196,0.47123,0.011805,0.11959,0.25992,0.4119
196.1,0.47121,0.011796,0.11956,0.25987,0.41182
196.2,0.47118,0.011788,0.11954,0.25982,0.41174
196.3,0.47116,0.011779,0.11951,0.25978,0.41166
196.4,0.47113,0.011771,0.11949,0.25973,0.41158
196.5,0.47111,0.011762,0.11946,0.25968,0.4115
196.6,0.47108,0.011754,0.11944,0.25963,0.41142
196.7,0.47106,0.011746,0.11942,0.25958,0.41134
196.8,0.47103,0.011739,0.11939,0.25954,0.41126
196.9,0.47101,,0.11937,0.25949,0.41118
197,0.47098,,0.11935,0.25945,0.4111
197.1,0.47096,,0.11933,0.2594,0.41102
197.2,0.47093,,0.1193,0.25936,0.41095
197.3,0.47091,,0.11928,0.25931,0.41087
197.4,0.47088,,0.11926,0.25927,0.4108
197.5,0.47086,,0.11924,0.25923,0.41072
197.6,0.47083,,0.11922,0.25918,0.41065
197.7,0.47081,,0.1192,0.25914,0.41057
197.8,0.47078,,0.11918,0.2591,0.4105
197.9,0.47076,,0.11916,0.25906,0.41043
198,0.47073,,0.11914,0.25902,0.41035
198.1,0.47071,,0.11912,0.25898,0.41028
198.2,0.47068,,0.1191,0.25894,0.41021
198.3,0.47066,,0.11908,0.2589,0.41014
198.4,0.47063,,0.11907,0.25886,0.41007
198.5,0.47061,,0.11905,0.25882,0.41
198.6,0.47058,,0.11903,0.25879,0.40993
198.7,0.47056,,0.11901,0.25875,0.40986
198.8,0.47053,,0.11899,0.25871,0.40979
198.9,0.47051,,0.11898,0.25868,0.40972
199,0.47048,,0.11896,0.25864,0.40966
199.1,0.47046,,0.11894,0.2586,0.40959
199.2,0.47043,,0.11893,0.25857,0.40952
199.3,0.47041,,0.11891,0.25853,0.40946
199.4,0.47038,,0.11889,0.2585,0.40939
199.5,0.47036,,0.11888,0.25846,0.40932
199.6,0.47033,,0.11886,0.25843,0.40926
199.7,0.47031,,0.11885,0.2584,0.40919
199.8,0.47028,,0.11883,0.25837,0.40913
199.9,0.47026,,0.11882,0.25833,0.40907
200,0.47023,,0.1188,0.2583,0.409
200.1,0.47021,,0.11879,0.25827,0.40894
200.2,0.47018,,0.11877,0.25824,0.40888
200.3,0.47016,,0.11876,0.25821,0.40882
200.4,0.47013,,0.11875,0.25818,0.40876
200.5,0.47011,,0.11873,0.25815,0.40869
200.6,0.47008,,0.11872,0.25812,0.40863
200.7,0.47006,,0.1187,0.25809,0.40857
200.8,0.47003,,0.11869,0.25806,0.40851
200.9,0.47001,,0.11868,0.25803,0.40846
201,0.46998,,0.11867,0.258,0.4084
201.1,0.46996,,0.11865,0.25797,0.40834
201.2,0.46993,,0.11864,0.25794,0.40828
201.3,0.46991,,0.11863,0.25791,0.40822
201.4,0.46988,,0.11862,0.25789,0.40816
201.5,0.46986,,0.1186,0.25786,0.40811
201.6,0.46983,,0.11859,0.25783,0.40805
201.7,0.46981,,0.11858,0.25781,0.408
201.8,0.46978,,0.11857,0.25778,0.40794
201.9,0.46976,,0.11856,0.25776,0.40788
202,0.46973,,0.11855,0.25773,0.40783
202.1,0.46971,,0.11854,0.2577,0.40778
202.2,0.46968,,0.11852,0.25768,0.40772
202.3,0.46966,,0.11851,0.25766,0.40767
202.4,0.46963,,0.1185,0.25763,0.40761
202.5,0.46961,,0.11849,0.25761,0.40756
202.6,0.46958,,0.11848,0.25758,0.40751
202.7,0.46956,,0.11847,0.25756,0.40746
202.8,0.46953,,0.11846,0.25754,0.4074
202.9,0.46951,,0.11845,0.25751,0.40735
203,0.46948,,0.11844,0.25749,0.4073
203.1,0.46946,,0.11843,0.25747,0.40725
203.2,0.46943,,0.11842,0.25745,0.4072
203.3,0.46941,,0.11841,0.25742,0.40715
203.4,0.46938,,0.11841,0.2574,0.4071
203.5,0.46936,,0.1184,0.25738,0.40705
203.6,0.46933,,0.11839,0.25736,0.407
203.7,0.46931,,0.11838,0.25734,0.40695
203.8,0.46928,,0.11837,0.25732,0.4069
203.9,0.46926,,0.11836,0.2573,0.40686
204,0.46923,,0.11835,0.25728,0.40681
204.1,0.46921,,0.11834,0.25726,0.40676
204.2,0.46918,,0.11834,0.25724,0.40671
204.3,0.46916,,0.11833,0.25722,0.40667
204.4,0.46913,,0.11832,0.2572,0.40662
204.5,0.46911,,0.11831,0.25718,0.40657
204.6,0.46908,,0.1183,0.25716,0.40653
204.7,0.46906,,0.1183,0.25714,0.40648
204.8,0.46903,,0.11829,0.25712,0.40644
204.9,0.46901,,0.11828,0.2571,0.40639
205,0.46898,,0.11827,0.25709,0.40635
205.1,0.46896,,0.11827,0.25707,0.4063
205.2,0.46893,,0.11826,0.25705,0.40626
205.3,0.46891,,0.11825,0.25703,0.40622
205.4,0.46888,,0.11825,0.25702,0.40617
205.5,0.46886,,0.11824,0.257,0.40613
205.6,0.46883,,0.11823,0.25698,0.40609
205.7,0.46881,,0.11823,0.25697,0.40604
205.8,0.46878,,0.11822,0.25695,0.406
205.9,0.46876,,,0.25693,0.40596
206,0.46873,,,0.25692,0.40592
206.1,0.46871,,,0.2569,0.40588
206.2,0.46868,,,0.25689,0.40584
206.3,0.46866,,,0.25687,0.40579
206.4,0.46863,,,0.25685,0.40575
206.5,0.46861,,,0.25684,0.40571
206.6,0.46858,,,0.25682,0.40567
206.7,0.46856,,,0.25681,0.40563
206.8,0.46853,,,0.25679,0.40559
206.9,0.46851,,,0.25678,0.40556
207,0.46848,,,0.25677,0.40552
207.1,0.46846,,,0.25675,0.40548
207.2,0.46843,,,0.25674,0.40544
207.3,0.46841,,,0.25672,0.4054
207.4,0.46838,,,0.25671,0.40536
207.5,0.46836,,,0.2567,0.40533
207.6,0.46833,,,0.25668,0.40529
207.7,0.46831,,,0.25667,0.40525
207.8,0.46828,,,0.25666,0.40522
207.9,0.46826,,,0.25664,0.40518
208,0.46823,,,0.25663,0.40514
208.1,0.46821,,,0.25662,0.40511
208.2,0.46818,,,0.25661,0.40507
208.3,0.46816,,,0.25659,0.40504
208.4,0.46813,,,0.25658,0.405
208.5,0.46811,,,0.25657,0.40497
208.6,0.46808,,,0.25656,0.40493
208.7,0.46806,,,0.25655,0.4049
208.8,0.46803,,,0.25653,0.40486
208.9,0.46801,,,0.25652,0.40483
209,0.46798,,,0.25651,0.40479
209.1,0.46796,,,0.2565,0.40476
209.2,0.46793,,,0.25649,0.40473
209.3,0.46791,,,0.25648,0.40469
209.4,0.46788,,,0.25647,0.40466
209.5,0.46786,,,0.25646,0.40463
209.6,0.46783,,,0.25645,0.4046
209.7,0.46781,,,0.25644,0.40456
209.8,0.46778,,,0.25642,0.40453
209.9,0.46776,,,0.25641,0.4045
210,0.46773,,,0.2564,0.40447
210.1,0.46771,,,0.25639,0.40444
210.2,0.46768,,,0.25638,0.40441
210.3,0.46766,,,0.25637,0.40438
210.4,0.46763,,,0.25636,0.40434
210.5,0.46761,,,0.25636,0.40431
210.6,0.46758,,,0.25635,0.40428
210.7,0.46756,,,0.25634,0.40425
210.8,0.46753,,,0.25633,0.40422
210.9,0.46751,,,0.25632,0.40419
211,0.46748,,,0.25631,0.40416
211.1,0.46746,,,0.2563,0.40414
211.2,0.46743,,,0.25629,0.40411
211.3,0.46741,,,0.25628,0.40408
211.4,0.46738,,,0.25627,0.40405
211.5,0.46736,,,0.25627,0.40402
211.6,0.46733,,,0.25626,0.40399
211.7,0.46731,,,0.25625,0.40396
211.8,0.46728,,,0.25624,0.40394
211.9,0.46726,,,0.25623,0.40391
212,0.46723,,,0.25622,0.40388
212.1,0.46721,,,0.25622,0.40385
212.2,0.46718,,,0.25621,0.40383
212.3,0.46716,,,0.2562,0.4038
212.4,0.46713,,,0.25619,0.40377
212.5,0.46711,,,0.25618,0.40375
212.6,0.46708,,,0.25618,0.40372
212.7,0.46706,,,0.25617,0.40369
212.8,0.46703,,,0.25616,0.40367
212.9,0.46701,,,0.25616,0.40364
213,0.46698,,,0.25615,0.40362
213.1,0.46696,,,0.25614,0.40359
213.2,0.46693,,,0.25613,0.40357
213.3,0.46691,,,0.25613,0.40354
213.4,0.46688,,,0.25612,0.40352
213.5,0.46686,,,0.25611,0.40349
213.6,0.46683,,,0.25611,0.40347
213.7,0.46681,,,0.2561,0.40344
213.8,0.46678,,,0.25609,0.40342
213.9,0.46676,,,0.25609,0.4034
214,0.46673,,,0.25608,0.40337
214.1,0.46671,,,0.25607,0.40335
214.2,0.46668,,,0.25607,0.40332
214.3,0.46666,,,0.25606,0.4033
214.4,0.46663,,,0.25606,0.40328
214.5,0.46661,,,0.25605,0.40325
214.6,0.46658,,,0.25604,0.40323
214.7,0.46656,,,0.25604,0.40321
214.8,0.46653,,,0.25603,0.40319
214.9,0.46651,,,0.25603,0.40316
215,0.46648,,,,0.40314
215.1,0.46646,,,,0.40312
215.2,0.46643,,,,0.4031
215.3,0.46641,,,,0.40308
215.4,0.46638,,,,0.40305
215.5,0.46636,,,,0.40303
215.6,0.46633,,,,0.40301
215.7,0.46631,,,,0.40299
215.8,0.46628,,,,0.40297
215.9,0.46626,,,,0.40295
216,0.46623,,,,0.40293
216.1,0.46621,,,,0.40291
216.2,0.46618,,,,0.40289
216.3,0.46616,,,,0.40287
216.4,0.46613,,,,0.40285
216.5,0.46611,,,,0.40283
216.6,0.46608,,,,0.40281
216.7,0.46606,,,,0.40279
216.8,0.46603,,,,0.40277
216.9,0.46601,,,,0.40275
217,0.46598,,,,0.40273
217.1,0.46596,,,,0.40271
217.2,0.46593,,,,0.40269
217.3,0.46591,,,,0.40267
217.4,0.46588,,,,0.40265
217.5,0.46586,,,,0.40263
217.6,0.46583,,,,0.40262
217.7,0.46581,,,,0.4026
217.8,0.46578,,,,0.40258
217.9,0.46576,,,,0.40256
218,0.46573,,,,0.40254
218.1,0.46571,,,,0.40253
218.2,0.46568,,,,0.40251
218.3,0.46566,,,,0.40249
218.4,0.46563,,,,0.40247
218.5,0.46561,,,,0.40246
218.6,0.46558,,,,0.40244
218.7,0.46556,,,,0.40242
218.8,0.46553,,,,0.4024
218.9,0.46551,,,,0.40239
219,0.46548,,,,0.40237
219.1,0.46546,,,,0.40235
219.2,0.46543,,,,0.40234
219.3,0.46541,,,,0.40232
219.4,0.46538,,,,0.4023
219.5,0.46536,,,,0.40229
219.6,0.46533,,,,0.40227
219.7,0.46531,,,,0.40226
219.8,0.46528,,,,0.40224
219.9,0.46526,,,,0.40223
220,0.46523,,,,0.40221
220.1,0.46521,,,,0.40219
220.2,0.46518,,,,0.40218
220.3,0.46516,,,,0.40216
220.4,0.46513,,,,0.40215
220.5,0.46511,,,,0.40213
220.6,0.46508,,,,0.40212
220.7,0.46506,,,,0.4021
220.8,0.46503,,,,0.40209
220.9,0.46501,,,,0.40208
221,0.46498,,,,0.40206
221.1,0.46496,,,,0.40205
221.2,0.46493,,,,0.40203
221.3,0.46491,,,,0.40202
221.4,0.46488,,,,0.402
221.5,0.46486,,,,0.40199
221.6,0.46483,,,,0.40198
221.7,0.46481,,,,0.40196
221.8,0.46478,,,,0.40195
221.9,0.46476,,,,0.40194
222,0.46473,,,,0.40192
222.1,0.46471,,,,0.40191
222.2,0.46468,,,,0.4019
222.3,0.46466,,,,0.40188
222.4,0.46463,,,,0.40187
222.5,0.46461,,,,0.40186
222.6,0.46458,,,,0.40184
222.7,0.46456,,,,0.40183
222.8,0.46453,,,,0.40182
222.9,0.46451,,,,0.40181
223,0.46448,,,,0.40179
223.1,0.46446,,,,0.40178
223.2,0.46443,,,,0.40177
223.3,0.46441,,,,0.40176
223.4,0.46438,,,,0.40175
223.5,0.46436,,,,0.40173
223.6,0.46433,,,,0.40172
223.7,0.46431,,,,0.40171
223.8,0.46428,,,,0.4017
223.9,0.46426,,,,0.40169
224,0.46423,,,,0.40168
224.1,0.46421,,,,0.40166
224.2,0.46418,,,,0.40165
224.3,0.46416,,,,0.40164
224.4,0.46413,,,,0.40163
224.5,0.46411,,,,0.40162
224.6,0.46408,,,,0.40161
224.7,0.46406,,,,0.4016
224.8,0.46403,,,,0.40159
224.9,0.46401,,,,0.40158
225,0.46398,,,,0.40157
225.1,0.46396,,,,0.40155
225.2,0.46393,,,,0.40154
225.3,0.46391,,,,0.40153
225.4,0.46388,,,,0.40152
225.5,0.46386,,,,0.40151
225.6,0.46383,,,,0.4015
225.7,0.46381,,,,0.40149
225.8,0.46378,,,,0.40148
225.9,0.46376,,,,0.40147
226,0.46373,,,,0.40146
226.1,0.46371,,,,0.40145
226.2,0.46368,,,,0.40144
226.3,0.46366,,,,0.40143
226.4,0.46363,,,,0.40143
226.5,0.46361,,,,0.40142
226.6,0.46358,,,,0.40141
226.7,0.46356,,,,0.4014
226.8,0.46353,,,,0.40139
226.9,0.46351,,,,0.40138
227,0.46348,,,,0.40137
227.1,0.46346,,,,0.40136
227.2,0.46343,,,,0.40135
227.3,0.46341,,,,0.40134
227.4,0.46338,,,,0.40133
227.5,0.46336,,,,0.40133
227.6,0.46333,,,,0.40132
227.7,0.46331,,,,0.40131
227.8,0.46328,,,,0.4013
227.9,0.46326,,,,0.40129
228,0.46323,,,,0.40128
228.1,0.46321,,,,0.40128
228.2,0.46318,,,,0.40127
228.3,0.46316,,,,0.40126
228.4,0.46313,,,,0.40125
228.5,0.46311,,,,0.40124
228.6,0.46308,,,,0.40124
228.7,0.46306,,,,
228.8,0.46303
228.9,0.46301
229,0.46298
229.1,0.46296
229.2,0.46293
229.3,0.46291
229.4,0.46288
229.5,0.46286
229.6,0.46283
229.7,0.46281
229.8,0.46278
229.9,0.46276
230,0.46273
230.1,0.46271
230.2,0.46268
230.3,0.46266
230.4,0.46263
230.5,0.46261
230.6,0.46258
230.7,0.46256
230.8,0.46253
230.9,0.46251
231,0.46248
231.1,0.46246
231.2,0.46243
231.3,0.46241
231.4,0.46238
231.5,0.46236
231.6,0.46233
231.7,0.46231
231.8,0.46228
231.9,0.46226
232,0.46223
232.1,0.46221
232.2,0.46218
232.3,0.46216
232.4,0.46213
232.5,0.46211
232.6,0.46208
232.7,0.46206
232.8,0.46203
232.9,0.46201
233,0.46198
233.1,0.46196
233.2,0.46193
233.3,0.46191
233.4,0.46188
233.5,0.46186
233.6,0.46183
233.7,0.46181
233.8,0.46178
233.9,0.46176
234,0.46173
234.1,0.46171
234.2,0.46168
234.3,0.46166
234.4,0.46163
234.5,0.46161
234.6,0.46158
234.7,0.46156
234.8,0.46153
234.9,0.46151
235,0.46148
235.1,0.46146
235.2,0.46143
235.3,0.46141
235.4,0.46138
235.5,0.46136
235.6,0.46133
235.7,0.46131
235.8,0.46128
235.9,0.46126
236,0.46123
236.1,0.46121
236.2,0.46118
236.3,0.46116
236.4,0.46113
236.5,0.46111
236.6,0.46108
236.7,0.46106
236.8,0.46103
236.9,0.46101
237,0.46098
237.1,0.46096
237.2,0.46093
237.3,0.46091
237.4,0.46088
237.5,0.46086
237.6,0.46083
237.7,0.46081
237.8,0.46078
237.9,0.46076
238,0.46073
238.1,0.46071
238.2,0.46068
238.3,0.46066
238.4,0.46063
238.5,0.46061
238.6,0.46058
238.7,0.46056
238.8,0.46053
238.9,0.46051
239,0.46048
239.1,0.46046
239.2,0.46043
239.3,0.46041
239.4,0.46038
239.5,0.46036
239.6,0.46033
239.7,0.46031
239.8,0.46028
239.9,0.46026
240,0.46023
