0,0.52,,,,,,,0
0.2,0.52,,,,,,,
0.4,0.52,,,,,,,
0.6,0.52,,,,,,,
0.8,0.52,,,,,,,
1,0.52,,,,,,,
1.2,0.52,,,,,,,
1.4,0.52,,,,,,,
1.6,0.52,,,,,,,
1.8,0.52,,,,,,,
2,0.52,,,,,,,
2.2,0.52,,,,,,,
2.4,0.52,,,,,,,
2.6,0.52,,,,,,,
2.8,0.52,,,,,,,
3,0.52,,,,,,,
3.2,0.52
3.4,0.52
3.6,0.52
3.8,0.52
4,0.52
4.2,0.52
4.4,0.52
4.6,0.52
4.8,0.52
5,0.52
5.2,0.52
5.4,0.52
5.6,0.52
5.8,0.52
6,0.52
6.2,0.52
6.4,0.52
6.6,0.52
6.8,0.52
7,0.52
7.2,0.52
7.4,0.52
7.6,0.52
7.8,0.52
8,0.52
8.2,0.52
8.4,0.52
8.6,0.52
8.8,0.52
9,0.52
9.2,0.52
9.4,0.52
9.6,0.52
9.8,0.52
10,0.52
10.2,0.52
10.4,0.52
10.6,0.52
10.8,0.52
11,0.52
11.2,0.52
11.4,0.52
11.6,0.52
11.8,0.52
12,0.52
12.2,0.52
12.4,0.52
12.6,0.52
12.8,0.52
13,0.52
13.2,0.52
13.4,0.52
13.6,0.52
13.8,0.52
14,0.52
14.2,0.52
14.4,0.52
14.6,0.52
14.8,0.52
15,0.52
15.2,0.52
15.4,0.52
15.6,0.52
15.8,0.52
16,0.52
16.2,0.52
16.4,0.52
16.6,0.52
16.8,0.52
17,0.52
17.2,0.52
17.4,0.52
17.6,0.52
17.8,0.52
18,0.52
18.2,0.52
18.4,0.52
18.6,0.52
18.8,0.52
19,0.52
19.2,0.52
19.4,0.52
19.6,0.52
19.8,0.52
20,0.52
20.2,0.52
20.4,0.52
20.6,0.52
20.8,0.52
21,0.52
21.2,0.52
21.4,0.52
21.6,0.52
21.8,0.52
22,0.52
22.2,0.52
22.4,0.52
22.6,0.52
22.8,0.52
23,0.52
23.2,0.52
23.4,0.52
23.6,0.52
23.8,0.52
24,0.52
24.2,0.52
24.4,0.52
24.6,0.52
24.8,0.52
25,0.52
25.2,0.52
25.4,0.52
25.6,0.52
25.8,0.52
26,0.52
26.2,0.52
26.4,0.52
26.6,0.52
26.8,0.52
27,0.52
27.2,0.52
27.4,0.52
27.6,0.52
27.8,0.52
28,0.52
28.2,0.52
28.4,0.52
28.6,0.52
28.8,0.52
29,0.52
29.2,0.52
29.4,0.52
29.6,0.52
29.8,0.52
30,0.52
30.2,0.52
30.4,0.52
30.6,0.52
30.8,0.52
31,0.52
31.2,0.52
31.4,0.52
31.6,0.52
31.8,0.52
32,0.52
32.2,0.52
32.4,0.52
32.6,0.52
32.8,0.52
33,0.52
33.2,0.52
33.4,0.52
33.6,0.52
33.8,0.52
34,0.52
34.2,0.52
34.4,0.52
34.6,0.52
34.8,0.52
35,0.52
35.2,0.52
35.4,0.52
35.6,0.52
35.8,0.52
36,0.52
36.2,0.52
36.4,0.52
36.6,0.52
36.8,0.52
37,0.52
37.2,0.52
37.4,0.52
37.6,0.52
37.8,0.52
38,0.52
38.2,0.52
38.4,0.52,,,,,,,
38.6,0.52,,,,,,,
38.8,0.52,,,,,,,
39,0.52,,,,,,,
39.2,0.52,,,,,,,
39.4,0.52,,,,,,,
39.6,0.52,,,,,,,
39.8,0.52,,,,,,,
40,0.52,,,,,,,
40.2,0.52,,,,,,,
40.4,0.52,,,,,,,
40.6,0.52,,,,,,,
40.8,0.52,,,,,,,
41,0.52,,,,,,,
41.2,0.52,,,,,,,0.47188
41.4,0.52,,,,,,,0.47189
41.6,0.52,,,,,,,0.4719
41.8,0.52,,,,,,,0.47191
42,0.52,,,,,,,0.47191
42.2,0.52,,,,,,,0.47192
42.4,0.52,,,,,,,0.47193
42.6,0.52,,,,,,,0.47194
42.8,0.52,,,,,,,0.47194
43,0.52,,,,,,,0.47195
43.2,0.52,,,,,,,0.47196
43.4,0.52,,,,,,,0.47197
43.6,0.52,,,,,,,0.47198
43.8,0.52,,,,,,,0.47199
44,0.52,,,,,,,0.472
44.2,0.52,,,,,,,0.472
44.4,0.52,,,,,,,0.47201
44.6,0.52,,,,,,,0.47202
44.8,0.52,,,,,,,0.47203
45,0.52,,,,,,,0.47204
45.2,0.52,,,,,,,0.47205
45.4,0.52,,,,,,,0.47206
45.6,0.52,,,,,,,0.47207
45.8,0.52,,,,,,,0.47208
46,0.52,,,,,,,0.47209
46.2,0.52,,,,,,,0.4721
46.4,0.52,,,,,,,0.47211
46.6,0.52,,,,,,,0.47212
46.8,0.52,,,,,,,0.47213
47,0.52,,,,,,,0.47214
47.2,0.52,,,,,,,0.47215
47.4,0.52,,,,,,,0.47216
47.6,0.52,,,,,,0.41877,0.47217
47.8,0.52,,,,,,0.41878,0.47218
48,0.52,,,,,,0.41879,0.47219
48.2,0.52,,,,,,0.4188,0.4722
48.4,0.52,,,,,,0.41881,0.47221
48.6,0.52,,,,,,0.41882,0.47223
48.8,0.52,,,,,,0.41883,0.47224
49,0.52,,,,,,0.41884,0.47225
49.2,0.52,,,,,,0.41885,0.47226
49.4,0.52,,,,,,0.41886,0.47227
49.6,0.52,,,,,,0.41887,0.47229
49.8,0.52,,,,,,0.41888,0.4723
50,0.52,,,,,,0.4189,0.47231
50.2,0.52,,,,,,0.41891,0.47232
50.4,0.52,,,,,,0.41892,0.47234
50.6,0.52,,,,,,0.41893,0.47235
50.8,0.52,,,,,,0.41894,0.47236
51,0.52,,,,,,0.41896,0.47238
51.2,0.52,,,,,,0.41897,0.47239
51.4,0.52,,,,,,0.41898,0.4724
51.6,0.52,,,,,,0.41899,0.47242
51.8,0.52,,,,,,0.41901,0.47243
52,0.52,,,,,,0.41902,0.47244
52.2,0.52,,,,,,0.41903,0.47246
52.4,0.52,,,,,,0.41905,0.47247
52.6,0.52,,,,,,0.41906,0.47249
52.8,0.52,,,,,,0.41908,0.4725
53,0.52,,,,,,0.41909,0.47252
53.2,0.52,,,,,,0.41911,0.47253
53.4,0.52,,,,,,0.41912,0.47255
53.6,0.52,,,,,,0.41914,0.47256
53.8,0.52,,,,,,0.41915,0.47258
54,0.52,,,,,,0.41917,0.4726
54.2,0.52,,,,,,0.41918,0.47261
54.4,0.52,,,,,,0.4192,0.47263
54.6,0.52,,,,,0.37956,0.41922,0.47264
54.8,0.52,,,,,0.37957,0.41924,0.47266
55,0.52,,,,,0.37958,0.41925,0.47268
55.2,0.52,,,,,0.37959,0.41927,0.4727
55.4,0.52,,,,,0.3796,0.41929,0.47271
55.6,0.52,,,,,0.37961,0.41931,0.47273
55.8,0.52,,,,,0.37963,0.41933,0.47275
56,0.52,,,,,0.37964,0.41934,0.47277
56.2,0.52,,,,,0.37965,0.41936,0.47278
56.4,0.52,,,,,0.37966,0.41938,0.4728
56.6,0.52,,,,,0.37967,0.4194,0.47282
56.8,0.52,,,,,0.37969,0.41942,0.47284
57,0.52,,,,,0.3797,0.41944,0.47286
57.2,0.52,,,,,0.37971,0.41947,0.47288
57.4,0.52,,,,,0.37973,0.41949,0.4729
57.6,0.52,,,,,0.37974,0.41951,0.47292
57.8,0.52,,,,,0.37976,0.41953,0.47294
58,0.52,,,,,0.37977,0.41955,0.47296
58.2,0.52,,,,,0.37978,0.41958,0.47298
58.4,0.52,,,,,0.3798,0.4196,0.473
58.6,0.52,,,,,0.37982,0.41962,0.47302
58.8,0.52,,,,,0.37983,0.41965,0.47304
59,0.52,,,,,0.37985,0.41967,0.47307
59.2,0.52,,,,,0.37986,0.4197,0.47309
59.4,0.52,,,,,0.37988,0.41972,0.47311
59.6,0.52,,,,,0.3799,0.41975,0.47313
59.8,0.52,,,,,0.37991,0.41978,0.47316
60,0.52,,,,,0.37993,0.4198,0.47318
60.2,0.52,,,,,0.37995,0.41983,0.4732
60.4,0.52,,,,,0.37997,0.41986,0.47323
60.6,0.52,,,,,0.37999,0.41989,0.47325
60.8,0.52,,,,,0.38001,0.41992,0.47327
61,0.52,,,,,0.38003,0.41995,0.4733
61.2,0.52,,,,,0.38005,0.41998,0.47332
61.4,0.52,,,,,0.38007,0.42001,0.47335
61.6,0.52,,,,,0.38009,0.42004,0.47337
61.8,0.52,,,,,0.38011,0.42007,0.4734
62,0.52,,,,,0.38013,0.4201,0.47343
62.2,0.52,,,,,0.38015,0.42013,0.47345
62.4,0.52,,,,,0.38018,0.42017,0.47348
62.6,0.52,,,,,0.3802,0.4202,0.47351
62.8,0.52,,,,,0.38022,0.42023,0.47353
63,0.52,,,,,0.38025,0.42027,0.47356
63.2,0.52,,,,,0.38027,0.4203,0.47359
63.4,0.52,,,,,0.3803,0.42034,0.47362
63.6,0.52,,,,,0.38032,0.42038,0.47365
63.8,0.52,,,,,0.38035,0.42041,0.47367
64,0.52,,,,,0.38037,0.42045,0.4737
64.2,0.52,,,,,0.3804,0.42049,0.47373
64.4,0.52,,,,,0.38043,0.42053,0.47376
64.6,0.52,,,,,0.38046,0.42057,0.47379
64.8,0.52,,,,,0.38049,0.42061,0.47383
65,0.52,,,,,0.38052,0.42065,0.47386
65.2,0.52,,,,,0.38055,0.4207,0.47389
65.4,0.52,,,,,0.38058,0.42074,0.47392
65.6,0.52,,,,,0.38061,0.42078,0.47395
65.8,0.52,,,,,0.38064,0.42083,0.47399
66,0.52,,,,,0.38067,0.42087,0.47402
66.2,0.52,,,,,0.38071,0.42092,0.47405
66.4,0.52,,,,,0.38074,0.42097,0.47409
66.6,0.52,,,,,0.38077,0.42101,0.47412
66.8,0.52,,,,,0.38081,0.42106,0.47416
67,0.52,,,,,0.38084,0.42111,0.47419
67.2,0.52,,,,,0.38088,0.42116,0.47423
67.4,0.52,,,,,0.38092,0.42121,0.47426
67.6,0.52,,,,,0.38096,0.42126,0.4743
67.8,0.52,,,,,0.381,0.42132,0.47434
68,0.52,,,,,0.38104,0.42137,0.47438
68.2,0.52,,,,,0.38108,0.42143,0.47441
68.4,0.52,,,,,0.38112,0.42148,0.47445
68.6,0.52,,,,,0.38116,0.42154,0.47449
68.8,0.52,,,,,0.3812,0.4216,0.47453
69,0.52,,,,,0.38125,0.42166,0.47457
69.2,0.52,,,,,0.38129,0.42171,0.47461
69.4,0.52,,,,,0.38134,0.42178,0.47465
69.6,0.52,,,,,0.38138,0.42184,0.47469
69.8,0.52,,,,,0.38143,0.4219,0.47474
70,0.52,,,,,0.38148,0.42196,0.47478
70.2,0.52,,,,,0.38153,0.42203,0.47482
70.4,0.52,,,,,0.38158,0.4221,0.47487
70.6,0.52,,,,,0.38163,0.42216,0.47491
70.8,0.52,,,,,0.38168,0.42223,0.47495
71,0.52,,,,,0.38174,0.4223,0.475
71.2,0.52,,,,,0.38179,0.42237,0.47505
71.4,0.52,,,,,0.38185,0.42245,0.47509
71.6,0.52,,,,,0.38191,0.42252,0.47514
71.8,0.52,,,,,0.38196,0.42259,0.47519
72,0.52,,,,,0.38202,0.42267,0.47523
72.2,0.52,,,,,0.38208,0.42275,0.47528
72.4,0.52,,,,,0.38215,0.42283,0.47533
72.6,0.52,,,,,0.38221,0.42291,0.47538
72.8,0.52,,,,,0.38227,0.42299,0.47543
73,0.52,,,,,0.38234,0.42307,0.47548
73.2,0.52,,,,,0.38241,0.42316,0.47554
73.4,0.52,,,,,0.38247,0.42324,0.47559
73.6,0.52,,,,,0.38254,0.42333,0.47564
73.8,0.52,,,,,0.38261,0.42342,0.4757
74,0.52,,,,,0.38269,0.42351,0.47575
74.2,0.52,,,,,0.38276,0.4236,0.4758
74.4,0.52,,,,,0.38284,0.4237,0.47586
74.6,0.52,,,,,0.38291,0.42379,0.47592
74.8,0.52,,,,,0.38299,0.42389,0.47597
75,0.52,,,,,0.38307,0.42399,0.47603
75.2,0.52,,,,,0.38315,0.42409,0.47609
75.4,0.52,,,,,0.38324,0.42419,0.47615
75.6,0.52,,,,,0.38332,0.4243,0.47621
75.8,0.52,,,,,0.38341,0.4244,0.47627
76,0.52,,,,,0.3835,0.42451,0.47633
76.2,0.52,,,,,0.38359,0.42462,0.47639
76.4,0.52,,,,,0.38368,0.42473,0.47646
76.6,0.52,,,,,0.38378,0.42484,0.47652
76.8,0.52,,,,,0.38387,0.42496,0.47658
77,0.52,,,,,0.38397,0.42508,0.47665
77.2,0.52,,,,,0.38407,0.4252,0.47672
77.4,0.52,,,,,0.38417,0.42532,0.47678
77.6,0.52,,,,,0.38428,0.42544,0.47685
77.8,0.52,,,,,0.38438,0.42557,0.47692
78,0.52,,,,,0.38449,0.4257,0.47699
78.2,0.52,,,,,0.3846,0.42583,0.47706
78.4,0.52,,,,,0.38472,0.42596,0.47713
78.6,0.52,,,,,0.38483,0.4261,0.4772
78.8,0.52,,,,,0.38495,0.42623,0.47728
79,0.52,,,,,0.38507,0.42637,0.47735
79.2,0.52,,,,,0.38519,0.42651,0.47742
79.4,0.52,,,,,0.38532,0.42666,0.4775
79.6,0.52,,,,,0.38544,0.42681,0.47758
79.8,0.52,,,,,0.38557,0.42696,0.47765
80,0.52,,,,,0.38571,0.42711,0.47773
80.2,0.52,,,,,0.38584,0.42726,0.47781
80.4,0.52,,,,,0.38598,0.42742,0.47789
80.6,0.52,,,,,0.38612,0.42758,0.47797
80.8,0.52,,,,,0.38626,0.42775,0.47806
81,0.52,,,,,0.38641,0.42791,0.47814
81.2,0.52,,,,,0.38656,0.42808,0.47822
81.4,0.52,,,,,0.38671,0.42825,0.47831
81.6,0.52,,,,,0.38687,0.42843,0.4784
81.8,0.52,,,,,0.38703,0.42861,0.47848
82,0.52,,,,,0.38719,0.42879,0.47857
82.2,0.52,,,,,0.38736,0.42897,0.47866
82.4,0.52,,,,,0.38753,0.42916,0.47875
82.6,0.52,,,,,0.3877,0.42935,0.47884
82.8,0.52,,,,,0.38787,0.42955,0.47894
83,0.52,,,,,0.38805,0.42975,0.47903
83.2,0.52,,,,,0.38824,0.42995,0.47913
83.4,0.52,,,,,0.38842,0.43015,0.47922
83.6,0.52,,,,,0.38861,0.43036,0.47932
83.8,0.52,,,,,0.38881,0.43057,0.47942
84,0.52,,,,,0.38901,0.43079,0.47952
84.2,0.52,,,,,0.38921,0.43101,0.47962
84.4,0.52,,,,,0.38941,0.43123,0.47973
84.6,0.52,,,,,0.38963,0.43146,0.47983
84.8,0.52,,,,,0.38984,0.43169,0.47994
85,0.52,,,,,0.39006,0.43193,0.48004
85.2,0.52,,,,,0.39028,0.43217,0.48015
85.4,0.52,,,,,0.39051,0.43241,0.48026
85.6,0.52,,,,,0.39074,0.43266,0.48037
85.8,0.52,,,,,0.39098,0.43291,0.48048
86,0.52,,,,,0.39122,0.43317,0.48059
86.2,0.52,,,,,0.39147,0.43343,0.48071
86.4,0.52,,,,,0.39172,0.43369,0.48083
86.6,0.52,,,,,0.39198,0.43396,0.48094
86.8,0.52,,,,,0.39224,0.43424,0.48106
87,0.52,,,,,0.39251,0.43452,0.48118
87.2,0.52,,,,,0.39279,0.4348,0.4813
87.4,0.52,,,,,0.39307,0.43509,0.48143
87.6,0.52,,,,,0.39335,0.43539,0.48155
87.8,0.52,,,,,0.39364,0.43569,0.48168
88,0.52,,,,,0.39394,0.43599,0.48181
88.2,0.52,,,,,0.39424,0.4363,0.48194
88.4,0.52,,,,,0.39455,0.43662,0.48207
88.6,0.52,,,,,0.39486,0.43694,0.4822
88.8,0.52,,,,,0.39518,0.43727,0.48234
89,0.52,,,,,0.39551,0.4376,0.48247
89.2,0.52,,,,,0.39585,0.43794,0.48261
89.4,0.52,,,,,0.39619,0.43829,0.48275
89.6,0.52,,,,,0.39654,0.43864,0.48289
89.8,0.52,,,,,0.39689,0.43899,0.48303
90,0.52,,,,,0.39725,0.43936,0.48318
90.2,0.52,,,,,0.39762,0.43973,0.48332
90.4,0.52,,,,,0.398,0.4401,0.48347
90.6,0.52,,,,,0.39839,0.44048,0.48362
90.8,0.52,,,,,0.39878,0.44087,0.48377
91,0.52,,,,,0.39918,0.44127,0.48393
91.2,0.52,,,,,0.39959,0.44167,0.48408
91.4,0.52,,,,,0.40001,0.44208,0.48424
91.6,0.52,,,,,0.40043,0.4425,0.4844
91.8,0.52,,,,,0.40087,0.44292,0.48456
92,0.52,,,,,0.40131,0.44336,0.48473
92.2,0.52,,,,,0.40176,0.4438,0.48489
92.4,0.52,,,,,0.40222,0.44424,0.48506
92.6,0.52,,,,,0.40269,0.4447,0.48523
92.8,0.52,,,,0.24738,0.40317,0.44516,0.4854
93,0.52,,,,0.2474,0.40366,0.44563,0.48557
93.2,0.52,,,,0.24741,0.40416,0.44611,0.48575
93.4,0.52,,,,0.24742,0.40467,0.4466,0.48593
93.6,0.52,,,,0.24744,0.40519,0.44709,0.48611
93.8,0.52,,,,0.24745,0.40573,0.4476,0.48629
94,0.52,,,,0.24747,0.40627,0.44811,0.48648
94.2,0.52,,,,0.24749,0.40682,0.44864,0.48666
94.4,0.52,,,,0.2475,0.40738,0.44917,0.48685
94.6,0.52,,,,0.24752,0.40796,0.44971,0.48704
94.8,0.52,,,,0.24754,0.40855,0.45026,0.48724
95,0.52,,,,0.24756,0.40915,0.45082,0.48744
95.2,0.52,,,,0.24757,0.40976,0.45139,0.48763
95.4,0.52,,,,0.24759,0.41038,0.45197,0.48784
95.6,0.52,,,,0.24761,0.41102,0.45256,0.48804
95.8,0.52,,,,0.24763,0.41167,0.45316,0.48825
96,0.52,,,,0.24765,0.41233,0.45377,0.48845
96.2,0.52,,,,0.24768,0.41301,0.45439,0.48867
96.4,0.52,,,,0.2477,0.4137,0.45503,0.48888
96.6,0.52,,,,0.24772,0.4144,0.45567,0.4891
96.8,0.52,,,,0.24774,0.41512,0.45633,0.48932
97,0.52,,,,0.24777,0.41585,0.45699,0.48954
97.2,0.52,,,,0.24779,0.4166,0.45767,0.48976
97.4,0.52,,,,0.24781,0.41736,0.45836,0.48999
97.6,0.52,,,,0.24784,0.41814,0.45906,0.49022
97.8,0.52,,,,0.24787,0.41893,0.45978,0.49045
98,0.52,,,,0.24789,0.41974,0.4605,0.49069
98.2,0.52,,,,0.24792,0.42057,0.46124,0.49093
98.4,0.52,,,0.20089,0.24795,0.42141,0.46199,0.49117
98.6,0.52,,,0.20091,0.24798,0.42227,0.46276,0.49142
98.8,0.52,,,0.20092,0.24801,0.42315,0.46354,0.49166
99,0.52,,,0.20094,0.24804,0.42404,0.46433,0.49191
99.2,0.52,,,0.20095,0.24807,0.42496,0.46514,0.49217
99.4,0.52,,,0.20097,0.2481,0.42589,0.46596,0.49243
99.6,0.52,,,0.20099,0.24813,0.42684,0.46679,0.49269
99.8,0.52,,,0.201,0.24817,0.42781,0.46764,0.49295
100,0.52,,,0.20102,0.2482,0.4288,0.46851,0.49322
100.2,0,,,0.20104,0.24824,0.42979,0.46937,0.49348
100.4,0,,,0.20106,0.24827,0.43073,0.47018,0.49373
100.6,0,,,0.20107,0.24831,0.43165,0.47097,0.49396
100.8,0,,,0.20109,0.24834,0.43255,0.47173,0.49417
101,0,,,0.20111,0.24837,0.43344,0.47247,0.49437
101.2,0,,,0.20113,0.24841,0.4343,0.47318,0.49456
101.4,0,,,0.20114,0.24844,0.43514,0.47386,0.49473
101.6,0,,,0.20116,0.24847,0.43596,0.47452,0.49488
101.8,0,,,0.20118,0.24851,0.43675,0.47514,0.49502
102,0,,,0.2012,0.24854,0.43752,0.47573,0.49514
102.2,0,,,0.20121,0.24857,0.43826,0.4763,0.49525
102.4,0,,,0.20123,0.2486,0.43898,0.47683,0.49534
102.6,0,,,0.20125,0.24864,0.43967,0.47733,0.49541
102.8,0,,,0.20127,0.24867,0.44034,0.4778,0.49547
103,0,,,0.20129,0.2487,0.44097,0.47823,0.49551
103.2,0,,,0.2013,0.24873,0.44158,0.47863,0.49553
103.4,0,,,0.20132,0.24876,0.44216,0.47899,0.49554
103.6,0,,,0.20134,0.24879,0.44271,0.47933,0.49553
103.8,0,,,0.20135,0.24882,0.44322,0.47962,0.4955
104,0,,,0.20137,0.24885,0.44371,0.47988,0.49546
104.2,0,,,0.20139,0.24888,0.44416,0.48011,0.4954
104.4,0,,,0.20141,0.24891,0.44459,0.48029,0.49532
104.6,0,,,0.20142,0.24894,0.44498,0.48045,0.49523
104.8,0,,,0.20144,0.24897,0.44533,0.48056,0.49512
105,0,,,0.20146,0.249,0.44566,0.48064,0.49499
105.2,0,,,0.20147,0.24903,0.44595,0.48068,0.49485
105.4,0,,,0.20149,0.24906,0.4462,0.48069,0.49469
105.6,0,,,0.20151,0.24908,0.44643,0.48066,0.49452
105.8,0,,,0.20152,0.24911,0.44661,0.48059,0.49433
106,0,,,0.20154,0.24913,0.44677,0.48048,0.49413
106.2,0,,,0.20155,0.24916,0.44689,0.48034,0.49391
106.4,0,,,0.20157,0.24918,0.44697,0.48017,0.49368
106.6,0,,,0.20159,0.24921,0.44702,0.47995,0.49343
106.8,0,,,0.2016,0.24923,0.44703,0.4797,0.49317
107,0,,,0.20162,0.24926,0.44701,0.47942,0.4929
107.2,0,,,0.20163,0.24928,0.44695,0.4791,0.49261
107.4,0,,,0.20165,0.2493,0.44686,0.47874,0.49231
107.6,0,,,0.20166,0.24932,0.44674,0.47835,0.492
107.8,0,,,0.20167,0.24934,0.44658,0.47793,0.49167
108,0,,,0.20169,0.24936,0.44638,0.47747,0.49134
108.2,0,,,0.2017,0.24938,0.44615,0.47698,0.49099
108.4,0,,,0.20172,0.2494,0.44589,0.47646,0.49063
108.6,0,,,0.20173,0.24942,0.44559,0.47591,0.49027
108.8,0,,,0.20174,0.24944,0.44526,0.47532,0.48989
109,0,,,0.20176,0.24945,0.44489,0.47471,0.48951
109.2,0,,,0.20177,0.24947,0.4445,0.47406,0.48911
109.4,0,,,0.20178,0.24948,0.44407,0.47339,0.48871
109.6,0,,,0.20179,0.2495,0.44361,0.47269,0.4883
109.8,0,,,0.20181,0.24951,0.44311,0.47196,0.48789
110,0,,,0.20182,0.24952,0.44259,0.4712,0.48746
110.2,0,,,0.20183,0.24954,0.44203,0.47042,0.48704
110.4,0,,,0.20184,0.24955,0.44145,0.46961,0.48661
110.6,0,,,0.20185,0.24956,0.44084,0.46878,0.48617
110.8,0,,,0.20186,0.24957,0.44019,0.46793,0.48573
111,0,,,0.20187,0.24958,0.43952,0.46706,0.48529
111.2,0,,,0.20188,0.24959,0.43883,0.46616,0.48484
111.4,0,,,0.20189,0.24959,0.4381,0.46525,0.48439
111.6,0,,,0.2019,0.2496,0.43735,0.46431,0.48394
111.8,0,,,0.20191,0.24961,0.43658,0.46336,0.48349
112,0,,,0.20192,0.24961,0.43578,0.4624,0.48304
112.2,0.52,,,0.20192,0.24962,0.43493,0.46139,0.48258
112.4,0.52,,,0.20193,0.24962,0.43408,0.46037,0.48212
112.6,0.52,,,0.20194,0.24963,0.43325,0.45938,0.48167
112.8,0.52,,,0.20195,0.24964,0.43244,0.4584,0.48123
113,0.52,,,0.20197,0.24964,0.43164,0.45744,0.48081
113.2,0.52,,,0.20198,0.24965,0.43086,0.4565,0.48039
113.4,0.52,,,0.20199,0.24966,0.43009,0.45557,0.47998
113.6,0.52,,,0.202,0.24967,0.42934,0.45467,0.47958
113.8,0.52,,,0.20202,0.24969,0.42861,0.45378,0.47919
114,0.52,,,0.20203,0.2497,0.42789,0.4529,0.47881
114.2,0.52,,,0.20205,0.24972,0.42719,0.45204,0.47845
114.4,0.52,,,0.20207,0.24973,0.4265,0.4512,0.47809
114.6,0.52,,,0.20208,0.24975,0.42582,0.45037,0.47774
114.8,0.52,,,0.2021,0.24977,0.42516,0.44956,0.4774
115,0.52,,,0.20212,0.24978,0.42452,0.44876,0.47707
115.2,0.52,,,0.20214,0.2498,0.42389,0.44798,0.47675
115.4,0.52,,,0.20216,0.24982,0.42327,0.44721,0.47644
115.6,0.52,,,0.20218,0.24985,0.42266,0.44645,0.47614
115.8,0.52,,,0.2022,0.24987,0.42207,0.44571,0.47585
116,0.52,,,0.20222,0.24989,0.42149,0.44499,0.47557
116.2,0.52,,,0.20225,0.24992,0.42092,0.44428,0.4753
116.4,0.52,,,0.20227,0.24995,0.42036,0.44358,0.47504
116.6,0.52,,,0.2023,0.24997,0.41982,0.44289,0.47478
116.8,0.52,,,0.20232,0.25,0.41929,0.44222,0.47454
117,0.52,,0.074539,0.20235,0.25003,0.41877,0.44156,0.4743
117.2,0.52,,0.074551,0.20238,0.25007,0.41826,0.44091,0.47408
117.4,0.52,,0.074562,0.20241,0.2501,0.41776,0.44028,0.47386
117.6,0.52,,0.074574,0.20244,0.25013,0.41728,0.43966,0.47366
117.8,0.52,,0.074587,0.20247,0.25017,0.4168,0.43905,0.47346
118,0.52,,0.0746,0.2025,0.2502,0.41634,0.43845,0.47327
118.2,0.52,,0.074613,0.20254,0.25024,0.41588,0.43786,0.47309
118.4,0.52,,0.074627,0.20257,0.25028,0.41544,0.43729,0.47292
118.6,0.52,,0.074641,0.20261,0.25032,0.415,0.43673,0.47276
118.8,0.52,,0.074656,0.20264,0.25037,0.41458,0.43617,0.47261
119,0.52,,0.074671,0.20268,0.25041,0.41416,0.43563,0.47246
119.2,0.52,,0.074686,0.20272,0.25046,0.41375,0.4351,0.47233
119.4,0.52,,0.074703,0.20276,0.2505,0.41336,0.43458,0.4722
119.6,0.52,,0.074719,0.2028,0.25055,0.41297,0.43407,0.47209
119.8,0.52,,0.074736,0.20285,0.2506,0.41259,0.43358,0.47198
120,0.52,,0.074754,0.20289,0.25065,0.41222,0.43309,0.47188
120.2,0.52,,0.074773,0.20294,0.25071,0.41186,0.43261,0.47179
120.4,0.52,,0.074791,0.20298,0.25076,0.41151,0.43214,0.47171
120.6,0.52,,0.074811,0.20303,0.25082,0.41117,0.43168,0.47164
120.8,0.52,0.0547,0.074831,0.20308,0.25088,0.41083,0.43123,0.47157
121,0.52,0.054714,0.074852,0.20314,0.25094,0.4105,0.43079,0.47152
121.2,0.52,0.054729,0.074874,0.20319,0.251,0.41019,0.43036,0.47147
121.4,0.52,0.054743,0.074896,0.20324,0.25107,0.40987,0.42994,0.47144
121.6,0.52,0.054759,0.074919,0.2033,0.25113,0.40957,0.42953,0.47141
121.8,0.52,0.054775,0.074942,0.20336,0.2512,0.40927,0.42913,0.47139
122,0.52,0.054791,0.074967,0.20342,0.25127,0.40899,0.42874,0.47138
122.2,0.52,0.054808,0.074992,0.20348,0.25135,0.4087,0.42835,0.47138
122.4,0.52,0.054825,0.075018,0.20355,0.25142,0.40843,0.42798,0.47138
122.6,0.52,0.054843,0.075045,0.20361,0.2515,0.40816,0.42761,0.4714
122.8,0.52,0.054862,0.075072,0.20368,0.25158,0.4079,0.42725,0.47142
123,0.52,0.054881,0.075101,0.20375,0.25166,0.40765,0.4269,0.47146
123.2,0.52,0.054901,0.07513,0.20382,0.25174,0.40741,0.42656,0.4715
123.4,0.52,0.054921,0.075161,0.20389,0.25183,0.40717,0.42622,0.47155
123.6,0.52,0.054942,0.075192,0.20397,0.25192,0.40694,0.4259,0.47161
123.8,0.52,0.054964,0.075224,0.20405,0.25201,0.40671,0.42558,0.47168
124,0.52,0.054986,0.075258,0.20413,0.25211,0.40649,0.42527,0.47176
124.2,0.52,0.055009,0.075292,0.20421,0.2522,0.40628,0.42496,0.47184
124.4,0.52,0.055033,0.075328,0.2043,0.2523,0.40607,0.42467,0.47194
124.6,0.52,0.055058,0.075364,0.20439,0.25241,0.40587,0.42438,0.47204
124.8,0.52,0.055083,0.075402,0.20448,0.25251,0.40568,0.4241,0.47216
125,0.52,0.05511,0.075441,0.20457,0.25262,0.40549,0.42383,0.47228
125.2,0.52,0.055137,0.075482,0.20467,0.25273,0.40531,0.42356,0.47241
125.4,0.52,0.055165,0.075523,0.20477,0.25285,0.40513,0.42331,0.47255
125.6,0.52,0.055193,0.075566,0.20487,0.25297,0.40496,0.42306,0.4727
125.8,0.52,0.055223,0.07561,0.20497,0.25309,0.4048,0.42281,0.47286
126,0.52,0.055254,0.075656,0.20508,0.25321,0.40464,0.42258,0.47302
126.2,0.52,0.055286,0.075703,0.20519,0.25334,0.40448,0.42235,0.4732
126.4,0.52,0.055319,0.075752,0.2053,0.25347,0.40434,0.42212,0.47339
126.6,0.52,0.055352,0.075802,0.20542,0.25361,0.40419,0.42191,0.47358
126.8,0.52,0.055387,0.075853,0.20554,0.25375,0.40406,0.4217,0.47378
127,0.52,0.055423,0.075907,0.20567,0.25389,0.40393,0.4215,0.474
127.2,0.52,0.05546,0.075962,0.20579,0.25404,0.4038,0.4213,0.47422
127.4,0.52,0.055499,0.076019,0.20593,0.25419,0.40368,0.42111,0.47445
127.6,0.52,0.055538,0.076077,0.20606,0.25434,0.40357,0.42093,0.47469
127.8,0.52,0.055579,0.076138,0.2062,0.2545,0.40346,0.42075,0.47494
128,0.52,0.055621,0.0762,0.20634,0.25467,0.40335,0.42058,0.4752
128.2,0.52,0.055665,0.076264,0.20649,0.25484,0.40325,0.42042,0.47547
128.4,0.52,0.055709,0.07633,0.20664,0.25501,0.40316,0.42026,0.47574
128.6,0.52,0.055756,0.076399,0.2068,0.25519,0.40307,0.42011,0.47603
128.8,0.52,0.055804,0.076469,0.20696,0.25537,0.40298,0.41996,0.47633
129,0.52,0.055853,0.076542,0.20712,0.25556,0.4029,0.41982,0.47663
129.2,0.52,0.055904,0.076617,0.20729,0.25575,0.40283,0.41969,0.47695
129.4,0.52,0.055956,0.076695,0.20746,0.25595,0.40276,0.41956,0.47728
129.6,0.52,0.05601,0.076775,0.20764,0.25615,0.40269,0.41944,0.47761
129.8,0.52,0.056066,0.076857,0.20783,0.25636,0.40263,0.41933,0.47796
130,0.52,0.056124,0.076942,0.20802,0.25658,0.40258,0.41922,0.47831
130.2,0.52,0.056183,0.07703,0.20821,0.2568,0.40253,0.41912,0.47868
130.4,0.52,0.056245,0.077121,0.20841,0.25703,0.40248,0.41902,0.47905
130.6,0.52,0.056308,0.077214,0.20862,0.25726,0.40244,0.41893,0.47943
130.8,0.52,0.056374,0.07731,0.20883,0.2575,0.40241,0.41884,0.47983
131,0.52,0.056441,0.07741,0.20905,0.25774,0.40237,0.41877,0.48023
131.2,0.52,0.056511,0.077512,0.20927,0.258,0.40235,0.41869,0.48065
131.4,0.52,0.056583,0.077618,0.20951,0.25825,0.40233,0.41862,0.48107
131.6,0.52,0.056657,0.077727,0.20974,0.25852,0.40231,0.41856,0.48151
131.8,0.52,0.056734,0.07784,0.20999,0.25879,0.4023,0.41851,0.48195
132,0.52,0.056813,0.077956,0.21024,0.25907,0.40229,0.41846,0.48241
132.2,0.52,0.056894,0.078075,0.2105,0.25936,0.40229,0.41841,0.48288
132.4,0.52,0.056978,0.078199,0.21076,0.25966,0.40229,0.41837,0.48335
132.6,0.52,0.057065,0.078326,0.21104,0.25996,0.40229,0.41834,0.48384
132.8,0.52,0.057155,0.078458,0.21132,0.26028,0.4023,0.41831,0.48434
133,0.52,0.057247,0.078594,0.21161,0.2606,0.40232,0.41829,0.48485
133.2,0.52,0.057342,0.078733,0.2119,0.26093,0.40234,0.41827,0.48537
133.4,0.52,0.057441,0.078878,0.21221,0.26126,0.40237,0.41826,0.4859
133.6,0.52,0.057542,0.079027,0.21252,0.26161,0.4024,0.41826,0.48644
133.8,0.52,0.057647,0.07918,0.21285,0.26197,0.40243,0.41826,0.48699
134,0.52,0.057755,0.079339,0.21318,0.26233,0.40247,0.41826,0.48755
134.2,0.52,0.057867,0.079502,0.21352,0.26271,0.40251,0.41827,0.48813
134.4,0.52,0.057982,0.07967,0.21387,0.2631,0.40256,0.41829,0.48872
134.6,0.52,0.058101,0.079844,0.21424,0.26349,0.40262,0.41831,0.48931
134.8,0.52,0.058224,0.080024,0.21461,0.2639,0.40268,0.41834,0.48992
135,0.52,0.05835,0.080209,0.21499,0.26432,0.40274,0.41838,0.49054
135.2,0,0.058475,0.080391,0.21537,0.26474,0.40281,0.41842,0.49116
135.4,0,0.058595,0.080567,0.21574,0.26514,0.40286,0.41846,0.49176
135.6,0,0.058717,0.080745,0.21611,0.26554,0.4029,0.41851,0.49236
135.8,0,0.05884,0.080925,0.21648,0.26593,0.40293,0.41856,0.49294
136,0,0.058964,0.081107,0.21684,0.26633,0.40294,0.41862,0.49352
136.2,0,0.05909,0.08129,0.21721,0.26673,0.40295,0.41868,0.4941
136.4,0,0.059217,0.081476,0.21758,0.26712,0.40294,0.41875,0.49466
136.6,0,0.059345,0.081663,0.21795,0.26751,0.40292,0.41882,0.49522
136.8,0,0.059475,0.081852,0.21832,0.2679,0.40288,0.4189,0.49576
137,0,0.059606,0.082042,0.21869,0.26829,0.40284,0.41898,0.4963
137.2,0,0.059739,0.082235,0.21906,0.26867,0.40278,0.41906,0.49682
137.4,0,0.059873,0.082429,0.21943,0.26905,0.40271,0.41915,0.49733
137.6,0,0.060008,0.082624,0.2198,0.26943,0.40263,0.41925,0.49783
137.8,0,0.060144,0.082821,0.22016,0.2698,0.40253,0.41934,0.49831
138,0,0.060282,0.08302,0.22053,0.27017,0.40243,0.41945,0.49878
138.2,0,0.06042,0.083221,0.22089,0.27054,0.40231,0.41955,0.49923
138.4,0,0.060561,0.083423,0.22125,0.2709,0.40218,0.41966,0.49967
138.6,0,0.060702,0.083626,0.22162,0.27125,0.40204,0.41977,0.50009
138.8,0,0.060844,0.083831,0.22197,0.27161,0.40189,0.41989,0.5005
139,0,0.060988,0.084037,0.22233,0.27195,0.40173,0.42001,0.50088
139.2,0,0.061133,0.084245,0.22269,0.2723,0.40155,0.42013,0.50125
139.4,0,0.061279,0.084454,0.22304,0.27263,0.40137,0.42026,0.5016
139.6,0,0.061426,0.084665,0.22339,0.27297,0.40117,0.42039,0.50193
139.8,0,0.061574,0.084876,0.22374,0.27329,0.40096,0.42052,0.50224
140,0,0.061724,0.08509,0.22408,0.27361,0.40075,0.42065,0.50254
140.2,0,0.061874,0.085304,0.22442,0.27393,0.40052,0.42079,0.50281
140.4,0,0.062026,0.085519,0.22476,0.27423,0.40028,0.42093,0.50306
140.6,0,0.062178,0.085736,0.2251,0.27454,0.40004,0.42107,0.50329
140.8,0,0.062332,0.085954,0.22543,0.27483,0.39978,0.42121,0.5035
141,0,0.062487,0.086173,0.22576,0.27512,0.39952,0.42135,0.50368
141.2,0,0.062643,0.086393,0.22608,0.2754,0.39924,0.4215,0.50385
141.4,0,0.062799,0.086614,0.2264,0.27568,0.39896,0.42164,0.50399
141.6,0,0.062957,0.086837,0.22672,0.27594,0.39867,0.42179,0.50411
141.8,0,0.063116,0.08706,0.22703,0.2762,0.39837,0.42194,0.50421
142,0,0.063275,0.087284,0.22734,0.27645,0.39807,0.42209,0.50428
142.2,0,0.063436,0.087509,0.22765,0.2767,0.39776,0.42224,0.50434
142.4,0,0.063597,0.087735,0.22795,0.27694,0.39744,0.42239,0.50437
142.6,0,0.06376,0.087962,0.22824,0.27716,0.39711,0.42255,0.50437
142.8,0,0.063923,0.08819,0.22853,0.27738,0.39678,0.4227,0.50436
143,0,0.064087,0.088419,0.22882,0.2776,0.39644,0.42285,0.50432
143.2,0,0.064252,0.088648,0.2291,0.2778,0.39609,0.423,0.50426
143.4,0,0.064418,0.088878,0.22937,0.278,0.39574,0.42315,0.50417
143.6,0,0.064585,0.089109,0.22964,0.27818,0.39539,0.4233,0.50406
143.8,0,0.064752,0.08934,0.2299,0.27836,0.39503,0.42345,0.50393
144,0,0.06492,0.089572,0.23016,0.27853,0.39467,0.4236,0.50378
144.2,0,0.065089,0.089805,0.23042,0.27869,0.3943,0.42375,0.50361
144.4,0,0.065259,0.090038,0.23066,0.27884,0.39393,0.4239,0.50341
144.6,0,0.065429,0.090272,0.2309,0.27898,0.39356,0.42404,0.5032
144.8,0,0.065601,0.090506,0.23114,0.27912,0.39318,0.42419,0.50296
145,0,0.065772,0.090741,0.23137,0.27924,0.3928,0.42433,0.5027
145.2,0,0.065945,0.090976,0.23159,0.27935,0.39242,0.42447,0.50242
145.4,0,0.066118,0.091211,0.2318,0.27946,0.39204,0.42461,0.50212
145.6,0,0.066292,0.091447,0.23201,0.27955,0.39166,0.42474,0.5018
145.8,0,0.066466,0.091684,0.23222,0.27964,0.39128,0.42488,0.50146
146,0,0.066641,0.09192,0.23241,0.27972,0.39089,0.42501,0.5011
146.2,0,0.066817,0.092157,0.2326,0.27978,0.39051,0.42513,0.50072
146.4,0,0.066993,0.092394,0.23279,0.27984,0.39013,0.42526,0.50033
146.6,0,0.06717,0.092631,0.23296,0.27989,0.38974,0.42538,0.49992
146.8,0,0.067347,0.092868,0.23313,0.27992,0.38936,0.4255,0.49949
147,0,0.067525,0.093106,0.23329,0.27995,0.38898,0.42562,0.49904
147.2,0,0.067703,0.093343,0.23345,0.27997,0.38861,0.42573,0.49858
147.4,0,0.067882,0.093581,0.23359,0.27998,0.38823,0.42584,0.49811
147.6,0,0.068061,0.093819,0.23373,0.27998,0.38786,0.42594,0.49762
147.8,0,0.068241,0.094056,0.23387,0.27996,0.38749,0.42604,0.49712
148,0,0.068421,0.094294,0.23399,0.27994,0.38713,0.42614,0.4966
148.2,0,0.068601,0.094531,0.23411,0.27991,0.38677,0.42623,0.49607
148.4,0,0.068782,0.094769,0.23422,0.27987,0.38641,0.42632,0.49554
148.6,0,0.068963,0.095006,0.23432,0.27982,0.38606,0.4264,0.49499
148.8,0,0.069145,0.095243,0.23442,0.27976,0.38571,0.42648,0.49443
149,0,0.069327,0.09548,0.23451,0.27969,0.38537,0.42656,0.49386
149.2,0,0.069509,0.095716,0.23459,0.27961,0.38503,0.42663,0.49328
149.4,0,0.069691,0.095952,0.23466,0.27952,0.38471,0.4267,0.4927
149.6,0,0.069874,0.096188,0.23472,0.27942,0.38438,0.42676,0.49211
149.8,0,0.070057,0.096424,0.23478,0.27932,0.38407,0.42682,0.49151
150,0,0.07024,0.096659,0.23483,0.2792,0.38376,0.42687,0.49091
150.2,0,0.070423,0.096893,0.23487,0.27907,0.38346,0.42692,0.4903
150.4,0,0.070607,0.097128,0.2349,0.27894,0.38316,0.42696,0.48969
150.6,0,0.070791,0.097361,0.23493,0.27879,0.38288,0.42699,0.48908
150.8,0,0.070974,0.097594,0.23494,0.27864,0.3826,0.42703,0.48847
151,0,0.071158,0.097827,0.23495,0.27847,0.38233,0.42705,0.48785
151.2,0,0.071343,0.098059,0.23495,0.2783,0.38207,0.42708,0.48724
151.4,0,0.071527,0.09829,0.23495,0.27812,0.38182,0.42709,0.48663
151.6,0,0.071711,0.098521,0.23493,0.27793,0.38158,0.4271,0.48601
151.8,0,0.071895,0.098751,0.23491,0.27773,0.38135,0.42711,0.4854
152,0,0.07208,0.09898,0.23488,0.27753,0.38113,0.42711,0.4848
152.2,0,0.072264,0.099209,0.23484,0.27731,0.38092,0.42711,0.4842
152.4,0,0.072448,0.099436,0.2348,0.27709,0.38071,0.4271,0.4836
152.6,0,0.072633,0.099663,0.23474,0.27686,0.38052,0.42708,0.48301
152.8,0,0.072817,0.099889,0.23468,0.27662,0.38034,0.42706,0.48243
153,0,0.073001,0.10011,0.23461,0.27637,0.38018,0.42704,0.48185
153.2,0,0.073186,0.10034,0.23453,0.27612,0.38002,0.42701,0.48128
153.4,0,0.07337,0.10056,0.23445,0.27585,0.37987,0.42697,0.48072
153.6,0,0.073554,0.10078,0.23436,0.27558,0.37974,0.42693,0.48018
153.8,0,0.073737,0.101,0.23426,0.27531,0.37962,0.42689,0.47964
154,0,0.073921,0.10122,0.23415,0.27502,0.3795,0.42684,0.47911
154.2,0,0.074105,0.10144,0.23403,0.27473,0.3794,0.42678,0.4786
154.4,0,0.074288,0.10166,0.23391,0.27444,0.37932,0.42672,0.47809
154.6,0,0.074471,0.10188,0.23378,0.27413,0.37924,0.42666,0.47761
154.8,0,0.074654,0.10209,0.23364,0.27382,0.37918,0.42659,0.47713
155,0,0.074836,0.10231,0.2335,0.27351,0.37913,0.42651,0.47667
155.2,0,0.075019,0.10252,0.23335,0.27318,0.37909,0.42644,0.47623
155.4,0,0.075201,0.10273,0.23319,0.27286,0.37906,0.42635,0.4758
155.6,0,0.075382,0.10294,0.23302,0.27252,0.37905,0.42627,0.47539
155.8,0,0.075564,0.10315,0.23285,0.27218,0.37904,0.42617,0.475
156,0,0.075745,0.10336,0.23267,0.27184,0.37905,0.42608,0.47462
156.2,0,0.075926,0.10356,0.23248,0.27149,0.37908,0.42598,0.47427
156.4,0,0.076106,0.10377,0.23229,0.27114,0.37911,0.42588,0.47393
156.6,0,0.076286,0.10397,0.23209,0.27078,0.37916,0.42577,0.47361
156.8,0,0.076465,0.10417,0.23188,0.27041,0.37922,0.42566,0.47331
157,0,0.076644,0.10437,0.23166,0.27005,0.37929,0.42554,0.47303
157.2,0,0.076823,0.10457,0.23144,0.26968,0.37937,0.42543,0.47278
157.4,0,0.077001,0.10477,0.23122,0.2693,0.37947,0.42531,0.47254
157.6,0,0.077178,0.10497,0.23099,0.26892,0.37958,0.42518,0.47232
157.8,0,0.077355,0.10516,0.23075,0.26854,0.37969,0.42506,0.47213
158,0,0.077532,0.10535,0.2305,0.26816,0.37982,0.42493,0.47196
158.2,0,0.077708,0.10554,0.23025,0.26777,0.37997,0.42479,0.4718
158.4,0,0.077883,0.10573,0.22999,0.26738,0.38012,0.42466,0.47168
158.6,0,0.078058,0.10592,0.22973,0.26699,0.38029,0.42452,0.47157
158.8,0,0.078232,0.1061,0.22947,0.2666,0.38046,0.42438,0.47149
159,0,0.078406,0.10629,0.22919,0.2662,0.38065,0.42424,0.47143
159.2,0,0.078579,0.10647,0.22891,0.2658,0.38084,0.4241,0.47139
159.4,0,0.078751,0.10665,0.22863,0.2654,0.38105,0.42395,0.47138
159.6,0,0.078923,0.10682,0.22834,0.265,0.38127,0.42381,0.47138
159.8,0,0.079094,0.107,0.22805,0.2646,0.3815,0.42366,0.47141
160,0,0.079264,0.10717,0.22775,0.2642,0.38174,0.42351,0.47147
160.2,0,0.079433,0.10735,0.22745,0.2638,0.38198,0.42336,0.47155
160.4,0,0.079602,0.10752,0.22714,0.26339,0.38224,0.42321,0.47164
160.6,0,0.07977,0.10768,0.22683,0.26299,0.38251,0.42306,0.47177
160.8,0,0.079937,0.10785,0.22651,0.26259,0.38278,0.42291,0.47191
161,0,0.080103,0.10801,0.2262,0.26219,0.38306,0.42276,0.47208
161.2,0,0.080269,0.10817,0.22587,0.26179,0.38335,0.4226,0.47227
161.4,0,0.080434,0.10833,0.22554,0.26139,0.38365,0.42245,0.47248
161.6,0,0.080597,0.10849,0.22521,0.26099,0.38396,0.4223,0.47271
161.8,0,0.08076,0.10865,0.22488,0.26059,0.38427,0.42215,0.47296
162,0,0.080922,0.1088,0.22454,0.26019,0.38459,0.422,0.47323
162.2,0,0.081084,0.10895,0.2242,0.2598,0.38492,0.42185,0.47353
162.4,0,0.081244,0.1091,0.22386,0.25941,0.38525,0.4217,0.47384
162.6,0,0.081403,0.10925,0.22351,0.25902,0.38559,0.42155,0.47417
162.8,0,0.081561,0.10939,0.22316,0.25863,0.38594,0.42141,0.47452
163,0,0.081719,0.10953,0.22281,0.25825,0.38629,0.42126,0.47489
163.2,0,0.081875,0.10967,0.22245,0.25787,0.38664,0.42112,0.47528
163.4,0,0.082031,0.10981,0.2221,0.25749,0.387,0.42098,0.47569
163.6,0,0.082185,0.10994,0.22174,0.25712,0.38737,0.42084,0.47611
163.8,0,0.082338,0.11008,0.22138,0.25675,0.38773,0.4207,0.47655
164,0,0.08249,0.11021,0.22102,0.25638,0.3881,0.42057,0.477
164.2,0,0.082642,0.11033,0.22065,0.25602,0.38848,0.42044,0.47747
164.4,0,0.082792,0.11046,0.22029,0.25566,0.38885,0.42031,0.47796
164.6,0,0.082941,0.11058,0.21992,0.25531,0.38923,0.42018,0.47845
164.8,0,0.083089,0.1107,0.21956,0.25496,0.38961,0.42006,0.47897
165,0,0.083235,0.11082,0.21919,0.25461,0.38999,0.41994,0.47949
165.2,0,0.083381,0.11093,0.21882,0.25428,0.39038,0.41982,0.48002
165.4,0,0.083525,0.11105,0.21845,0.25394,0.39076,0.4197,0.48057
165.6,0,0.083669,0.11116,0.21808,0.25362,0.39114,0.41959,0.48113
165.8,0,0.083811,0.11126,0.21771,0.25329,0.39153,0.41949,0.48169
166,0,0.083952,0.11137,0.21734,0.25298,0.39191,0.41938,0.48226
166.2,0,0.084091,0.11147,0.21697,0.25267,0.39229,0.41928,0.48285
166.4,0,0.08423,0.11157,0.2166,0.25237,0.39267,0.41919,0.48344
166.6,0,0.084367,0.11167,0.21623,0.25207,0.39305,0.4191,0.48403
166.8,0,0.084503,0.11176,0.21587,0.25178,0.39343,0.41901,0.48463
167,0,0.084637,0.11186,0.2155,0.2515,0.3938,0.41893,0.48523
167.2,0,0.084771,0.11195,0.21513,0.25122,0.39417,0.41885,0.48584
167.4,0,0.084903,0.11203,0.21477,0.25095,0.39454,0.41878,0.48645
167.6,0,0.085033,0.11212,0.2144,0.25069,0.39491,0.41871,0.48707
167.8,0,0.085163,0.1122,0.21404,0.25044,0.39527,0.41864,0.48768
168,0,0.085291,0.11228,0.21368,0.25019,0.39562,0.41858,0.4883
168.2,0,0.085417,0.11235,0.21332,0.24995,0.39597,0.41853,0.48891
168.4,0,0.085542,0.11242,0.21296,0.24972,0.39632,0.41848,0.48952
168.6,0,0.085666,0.1125,0.21261,0.2495,0.39666,0.41843,0.49013
168.8,0,0.085789,0.11256,0.21226,0.24929,0.39699,0.41839,0.49074
169,0,0.08591,0.11263,0.21191,0.24908,0.39732,0.41836,0.49134
169.2,0,0.086029,0.11269,0.21156,0.24889,0.39765,0.41833,0.49194
169.4,0,0.086148,0.11275,0.21122,0.2487,0.39796,0.4183,0.49253
169.6,0,0.086264,0.11281,0.21087,0.24852,0.39827,0.41828,0.49312
169.8,0,0.08638,0.11286,0.21053,0.24835,0.39857,0.41827,0.4937
170,0,0.086493,0.11291,0.2102,0.24818,0.39886,0.41826,0.49427
170.2,0,0.086606,0.11296,0.20987,0.24803,0.39915,0.41825,0.49483
170.4,0,0.086716,0.113,0.20954,0.24789,0.39942,0.41826,0.49538
170.6,0,0.086826,0.11305,0.20921,0.24775,0.39969,0.41826,0.49592
170.8,0,0.086934,0.11309,0.20889,0.24763,0.39995,0.41827,0.49646
171,0,0.08704,0.11312,0.20858,0.24751,0.4002,0.41829,0.49697
171.2,0,0.087144,0.11316,0.20826,0.24741,0.40044,0.41831,0.49748
171.4,0,0.087248,0.11319,0.20796,0.24731,0.40067,0.41834,0.49797
171.6,0,0.087349,0.11322,0.20765,0.24722,0.40089,0.41837,0.49845
171.8,0,0.087449,0.11324,0.20735,0.24714,0.4011,0.41841,0.49892
172,0,0.087548,0.11326,0.20706,0.24707,0.4013,0.41845,0.49937
172.2,0,0.087644,0.11328,0.20677,0.24701,0.40149,0.4185,0.4998
172.4,0,0.08774,0.1133,0.20648,0.24697,0.40167,0.41855,0.50021
172.6,0,0.087833,0.11332,0.20621,0.24693,0.40183,0.41861,0.50061
172.8,0,0.087925,0.11333,0.20593,0.2469,0.40199,0.41867,0.501
173,0,0.088015,0.11334,0.20566,0.24688,0.40213,0.41874,0.50136
173.2,0,0.088104,0.11334,0.2054,0.24687,0.40227,0.41881,0.5017
173.4,0,0.088191,0.11334,0.20514,0.24687,0.40239,0.41888,0.50203
173.6,0,0.088277,0.11334,0.20489,0.24688,0.4025,0.41896,0.50233
173.8,0,0.08836,0.11334,0.20464,0.2469,0.4026,0.41905,0.50262
174,0,0.088442,0.11333,0.2044,0.24692,0.40268,0.41914,0.50289
174.2,0,0.088523,0.11332,0.20417,0.24696,0.40276,0.41923,0.50313
174.4,0,0.088601,0.11331,0.20394,0.24701,0.40282,0.41933,0.50335
174.6,0,0.088678,0.1133,0.20372,0.24707,0.40287,0.41943,0.50356
174.8,0,0.088753,0.11328,0.2035,0.24714,0.40291,0.41953,0.50374
175,0,0.088827,0.11326,0.20329,0.24722,0.40293,0.41964,0.50389
175.2,0,0.088898,0.11324,0.20309,0.2473,0.40294,0.41975,0.50403
175.4,0,0.088968,0.11321,0.20289,0.2474,0.40295,0.41987,0.50414
175.6,0,0.089037,0.11318,0.20271,0.24751,0.40293,0.41999,0.50423
175.8,0,0.089103,0.11315,0.20252,0.24762,0.40291,0.42011,0.5043
176,0,0.089168,0.11312,0.20235,0.24775,0.40287,0.42024,0.50435
176.2,0,0.089231,0.11308,0.20218,0.24788,0.40283,0.42036,0.50437
176.4,0,0.089292,0.11304,0.20202,0.24802,0.40276,0.42049,0.50437
176.6,0,0.089351,0.11299,0.20186,0.24818,0.40269,0.42063,0.50435
176.8,0,0.089409,0.11295,0.20172,0.24834,0.40261,0.42076,0.5043
177,0,0.089465,0.1129,0.20158,0.24851,0.40251,0.4209,0.50423
177.2,0,0.089519,0.11285,0.20145,0.24869,0.4024,0.42104,0.50414
177.4,0,0.089571,0.11279,0.20132,0.24887,0.40228,0.42118,0.50403
177.6,0,0.089622,0.11274,0.2012,0.24907,0.40215,0.42133,0.50389
177.8,0,0.08967,0.11268,0.20109,0.24928,0.40201,0.42147,0.50373
178,0,0.089717,0.11261,0.20099,0.24949,0.40185,0.42162,0.50355
178.2,0,0.089762,0.11255,0.2009,0.24971,0.40169,0.42177,0.50335
178.4,0,0.089805,0.11248,0.20081,0.24994,0.40151,0.42192,0.50313
178.6,0,0.089847,0.11241,0.20073,0.25018,0.40132,0.42207,0.50288
178.8,0,0.089886,0.11234,0.20066,0.25042,0.40112,0.42222,0.50261
179,0,0.089924,0.11226,0.2006,0.25068,0.40091,0.42237,0.50233
179.2,0,0.089959,0.11218,0.20054,0.25094,0.40069,0.42252,0.50202
179.4,0,0.089993,0.1121,0.20049,0.25121,0.40047,0.42267,0.5017
179.6,0,0.090025,0.11201,0.20045,0.25148,0.40023,0.42282,0.50135
179.8,0,0.090056,0.11193,0.20042,0.25176,0.39998,0.42298,0.50099
180,0,0.090084,0.11184,0.20039,0.25205,0.39972,0.42313,0.50061
180.2,0,0.090111,0.11174,0.20038,0.25235,0.39945,0.42328,0.50021
180.4,0,0.090135,0.11165,0.20037,0.25265,0.39918,0.42343,0.49979
180.6,0,0.090158,0.11155,0.20037,0.25296,0.39889,0.42358,0.49936
180.8,0,0.090179,0.11145,0.20038,0.25328,0.3986,0.42373,0.49891
181,0,0.090198,0.11135,0.20039,0.2536,0.3983,0.42387,0.49844
181.2,0,0.090215,0.11124,0.20041,0.25392,0.398,0.42402,0.49796
181.4,0,0.09023,0.11113,0.20044,0.25426,0.39768,0.42416,0.49747
181.6,0,0.090244,0.11102,0.20048,0.25459,0.39736,0.4243,0.49696
181.8,0,0.090255,0.11091,0.20053,0.25494,0.39703,0.42444,0.49644
182,0,0.090265,0.11079,0.20058,0.25529,0.3967,0.42458,0.49591
182.2,0,0.090273,0.11068,0.20065,0.25564,0.39636,0.42472,0.49537
182.4,0,0.090279,0.11055,0.20072,0.256,0.39601,0.42485,0.49482
182.6,0,0.090283,0.11043,0.20079,0.25636,0.39566,0.42498,0.49426
182.8,0,0.090285,0.11031,0.20088,0.25672,0.39531,0.42511,0.49369
183,0,0.090285,0.11018,0.20097,0.25709,0.39495,0.42524,0.49311
183.2,0,0.090283,0.11005,0.20107,0.25747,0.39458,0.42536,0.49252
183.4,0,0.09028,0.10991,0.20118,0.25785,0.39422,0.42548,0.49193
183.6,0,0.090274,0.10978,0.2013,0.25823,0.39384,0.4256,0.49133
183.8,0,0.090267,0.10964,0.20142,0.25861,0.39347,0.42571,0.49073
184,0,0.090258,0.1095,0.20155,0.259,0.39309,0.42582,0.49012
184.2,0,0.090247,0.10936,0.20169,0.25939,0.39272,0.42592,0.48951
184.4,0,0.090234,0.10921,0.20183,0.25978,0.39233,0.42602,0.4889
184.6,0,0.090219,0.10907,0.20199,0.26017,0.39195,0.42612,0.48828
184.8,0,0.090202,0.10892,0.20215,0.26057,0.39157,0.42622,0.48767
185,0,0.090184,0.10877,0.20231,0.26096,0.39119,0.42631,0.48705
185.2,0,0.090163,0.10861,0.20249,0.26136,0.3908,0.42639,0.48644
185.4,0,0.090141,0.10846,0.20267,0.26176,0.39042,0.42647,0.48583
185.6,0,0.090117,0.1083,0.20286,0.26216,0.39004,0.42655,0.48522
185.8,0,0.090091,0.10814,0.20305,0.26257,0.38966,0.42662,0.48462
186,0,0.090063,0.10798,0.20325,0.26297,0.38927,0.42669,0.48402
186.2,0,0.090033,0.10781,0.20346,0.26337,0.3889,0.42675,0.48342
186.4,0,0.090002,0.10765,0.20367,0.26377,0.38852,0.42681,0.48283
186.6,0,0.089968,0.10748,0.20389,0.26418,0.38815,0.42686,0.48225
186.8,0,0.089933,0.10731,0.20412,0.26458,0.38777,0.42691,0.48168
187,0,0.089896,0.10714,0.20435,0.26498,0.38741,0.42695,0.48111
187.2,0,0.089857,0.10696,0.20459,0.26538,0.38704,0.42699,0.48056
187.4,0,0.089816,0.10679,0.20484,0.26578,0.38668,0.42702,0.48001
187.6,0,0.089773,0.10661,0.20509,0.26618,0.38633,0.42705,0.47948
187.8,0,0.089729,0.10643,0.20535,0.26657,0.38598,0.42707,0.47895
188,0,0.089682,0.10625,0.20561,0.26697,0.38563,0.42709,0.47844
188.2,0,0.089634,0.10606,0.20588,0.26736,0.38529,0.4271,0.47795
188.4,0,0.089584,0.10588,0.20615,0.26775,0.38496,0.42711,0.47746
188.6,0,0.089532,0.10569,0.20643,0.26814,0.38463,0.42711,0.47699
188.8,0,0.089479,0.1055,0.20671,0.26852,0.38431,0.42711,0.47654
189,0,0.089423,0.10531,0.207,0.2689,0.38399,0.4271,0.4761
189.2,0,0.089366,0.10512,0.20729,0.26928,0.38369,0.42709,0.47568
189.4,0,0.089307,0.10492,0.20759,0.26965,0.38339,0.42707,0.47527
189.6,0,0.089247,0.10473,0.2079,0.27003,0.3831,0.42704,0.47488
189.8,0,0.089184,0.10453,0.2082,0.27039,0.38281,0.42701,0.47451
190,0,0.08912,0.10433,0.20852,0.27076,0.38254,0.42698,0.47416
190.2,0,0.089054,0.10413,0.20883,0.27112,0.38227,0.42694,0.47383
190.4,0,0.088986,0.10393,0.20915,0.27147,0.38201,0.42689,0.47352
190.6,0,0.088916,0.10372,0.20947,0.27182,0.38176,0.42685,0.47323
190.8,0,0.088845,0.10352,0.2098,0.27216,0.38152,0.42679,0.47295
191,0,0.088772,0.10331,0.21013,0.2725,0.3813,0.42673,0.4727
191.2,0,0.088697,0.10311,0.21047,0.27284,0.38108,0.42667,0.47247
191.4,0,0.088621,0.1029,0.21081,0.27316,0.38087,0.4266,0.47226
191.6,0,0.088543,0.10269,0.21115,0.27349,0.38067,0.42653,0.47207
191.8,0,0.088463,0.10247,0.21149,0.2738,0.38048,0.42645,0.47191
192,0,0.088381,0.10226,0.21184,0.27411,0.3803,0.42637,0.47176
192.2,0,0.088298,0.10205,0.21219,0.27442,0.38014,0.42628,0.47164
192.4,0,0.088213,0.10183,0.21254,0.27472,0.37998,0.42619,0.47154
192.6,0,0.088126,0.10161,0.21289,0.27501,0.37984,0.4261,0.47147
192.8,0,0.088038,0.1014,0.21325,0.27529,0.37971,0.426,0.47141
193,0,0.087948,0.10118,0.21361,0.27557,0.37959,0.42589,0.47138
193.2,0,0.087857,0.10096,0.21397,0.27584,0.37948,0.42579,0.47138
193.4,0,0.087763,0.10074,0.21433,0.2761,0.37938,0.42568,0.47139
193.6,0,0.087669,0.10051,0.21469,0.27636,0.3793,0.42556,0.47143
193.8,0,0.087572,0.10029,0.21506,0.2766,0.37923,0.42545,0.47149
194,0,0.087474,0.10007,0.21543,0.27684,0.37917,0.42533,0.47157
194.2,0,0.087375,0.09984,0.21579,0.27708,0.37912,0.4252,0.47168
194.4,0,0.087274,0.099614,0.21616,0.2773,0.37908,0.42508,0.47181
194.6,0,0.087171,0.099387,0.21653,0.27751,0.37906,0.42495,0.47196
194.8,0,0.087066,0.099159,0.2169,0.27772,0.37905,0.42482,0.47213
195,0,0.086961,0.09893,0.21727,0.27792,0.37905,0.42468,0.47233
195.2,0,0.086853,0.098701,0.21764,0.27811,0.37906,0.42454,0.47254
195.4,0,0.086744,0.098471,0.21801,0.27829,0.37908,0.42441,0.47278
195.6,0,0.086634,0.09824,0.21838,0.27846,0.37912,0.42427,0.47304
195.8,0,0.086522,0.098009,0.21875,0.27863,0.37917,0.42412,0.47332
196,0,0.086409,0.097777,0.21912,0.27878,0.37923,0.42398,0.47362
196.2,0,0.086294,0.097544,0.21948,0.27893,0.37931,0.42383,0.47394
196.4,0,0.086177,0.097311,0.21985,0.27906,0.37939,0.42368,0.47428
196.6,0,0.086059,0.097077,0.22022,0.27919,0.37949,0.42354,0.47463
196.8,0,0.08594,0.096842,0.22058,0.27931,0.3796,0.42339,0.47501
197,0,0.08582,0.096608,0.22095,0.27942,0.37972,0.42324,0.4754
197.2,0,0.085697,0.096373,0.22131,0.27952,0.37986,0.42309,0.47581
197.4,0,0.085574,0.096137,0.22167,0.27961,0.38,0.42293,0.47624
197.6,0,0.085449,0.095901,0.22203,0.27969,0.38016,0.42278,0.47668
197.8,0,0.085323,0.095665,0.22238,0.27976,0.38033,0.42263,0.47714
198,0,0.085195,0.095428,0.22274,0.27982,0.3805,0.42248,0.47762
198.2,0,0.085066,0.095191,0.22309,0.27987,0.38069,0.42233,0.47811
198.4,0,0.084936,0.094954,0.22344,0.27991,0.38089,0.42218,0.47861
198.6,0,0.084804,0.094717,0.22379,0.27994,0.3811,0.42203,0.47912
198.8,0,0.084671,0.09448,0.22413,0.27996,0.38132,0.42188,0.47965
199,0,0.084537,0.094242,0.22447,0.27998,0.38155,0.42173,0.48019
199.2,0,0.084401,0.094005,0.22481,0.27998,0.38179,0.42158,0.48074
199.4,0,0.084264,0.093767,0.22515,0.27997,0.38204,0.42143,0.4813
199.6,0,0.084126,0.09353,0.22548,0.27995,0.3823,0.42129,0.48186
199.8,0,0.083987,0.093292,0.22581,0.27993,0.38257,0.42114,0.48244
200,0,0.083847,0.093054,0.22613,0.27989,0.38284,0.421,0.48302
200.2,0,0.083705,0.092817,0.22645,0.27984,0.38313,0.42086,0.48361
200.4,0,0.083562,0.09258,0.22677,0.27979,0.38342,0.42073,0.48421
200.6,0,0.083418,0.092342,0.22708,0.27972,0.38372,0.42059,0.48481
200.8,0,0.083272,0.092105,0.22739,0.27964,0.38403,0.42046,0.48542
201,0,0.083126,0.091869,0.22769,0.27956,0.38435,0.42033,0.48603
201.2,0,0.082978,0.091632,0.22799,0.27946,0.38467,0.4202,0.48664
201.4,0,0.08283,0.091396,0.22828,0.27936,0.385,0.42008,0.48725
201.6,0,0.08268,0.09116,0.22857,0.27925,0.38533,0.41996,0.48787
201.8,0,0.082529,0.090925,0.22886,0.27912,0.38567,0.41984,0.48848
202,0,0.082377,0.09069,0.22914,0.27899,0.38602,0.41972,0.48909
202.2,0,0.082224,0.090455,0.22941,0.27885,0.38637,0.41961,0.48971
202.4,0,0.08207,0.090221,0.22968,0.2787,0.38673,0.4195,0.49032
202.6,0,0.081915,0.089987,0.22994,0.27854,0.38709,0.4194,0.49092
202.8,0,0.081759,0.089754,0.2302,0.27837,0.38745,0.4193,0.49152
203,0,0.081601,0.089522,0.23045,0.27819,0.38782,0.4192,0.49212
203.2,0,0.081443,0.08929,0.2307,0.27801,0.38819,0.41911,0.49271
203.4,0,0.081284,0.089059,0.23094,0.27781,0.38856,0.41902,0.49329
203.6,0,0.081124,0.088828,0.23117,0.27761,0.38894,0.41894,0.49387
203.8,0,0.080963,0.088598,0.2314,0.2774,0.38932,0.41886,0.49444
204,0,0.080802,0.088369,0.23162,0.27718,0.3897,0.41879,0.495
204.2,0,0.080639,0.08814,0.23184,0.27695,0.39008,0.41872,0.49555
204.4,0,0.080475,0.087913,0.23204,0.27671,0.39047,0.41865,0.49609
204.6,0,0.080311,0.087686,0.23225,0.27647,0.39085,0.41859,0.49661
204.8,0,0.080145,0.08746,0.23244,0.27622,0.39123,0.41854,0.49713
205,0,0.079979,0.087235,0.23263,0.27596,0.39162,0.41849,0.49763
205.2,0,0.079812,0.087011,0.23281,0.27569,0.392,0.41844,0.49812
205.4,0,0.079645,0.086788,0.23299,0.27542,0.39238,0.4184,0.49859
205.6,0,0.079476,0.086566,0.23315,0.27514,0.39276,0.41836,0.49905
205.8,0,0.079307,0.086345,0.23332,0.27485,0.39314,0.41833,0.4995
206,0,0.079137,0.086125,0.23347,0.27455,0.39351,0.41831,0.49993
206.2,0,0.078966,0.085907,0.23362,0.27425,0.39389,0.41829,0.50034
206.4,0,0.078795,0.085689,0.23375,0.27394,0.39426,0.41827,0.50073
206.6,0,0.078623,0.085473,0.23389,0.27363,0.39463,0.41826,0.50111
206.8,0,0.07845,0.085257,0.23401,0.27331,0.39499,0.41826,0.50146
207,0,0.078276,0.085043,0.23413,0.27298,0.39535,0.41826,0.5018
207.2,0,0.078102,0.08483,0.23424,0.27265,0.3957,0.41826,0.50212
207.4,0,0.077928,0.084619,0.23434,0.27232,0.39605,0.41827,0.50242
207.6,0,0.077752,0.084409,0.23443,0.27197,0.3964,0.41829,0.5027
207.8,0,0.077577,0.0842,0.23452,0.27163,0.39674,0.41831,0.50296
208,0,0.0774,0.083992,0.2346,0.27127,0.39707,0.41833,0.5032
208.2,0,0.077223,0.083786,0.23467,0.27092,0.3974,0.41837,0.50342
208.4,0,0.077046,0.083582,0.23473,0.27056,0.39772,0.4184,0.50361
208.6,0,0.076868,0.083379,0.23479,0.27019,0.39803,0.41844,0.50379
208.8,0,0.076689,0.083177,0.23483,0.26982,0.39834,0.41849,0.50394
209,0,0.076511,0.082977,0.23487,0.26945,0.39864,0.41854,0.50407
209.2,0,0.076331,0.082779,0.23491,0.26907,0.39893,0.4186,0.50417
209.4,0,0.076151,0.082582,0.23493,0.26869,0.39921,0.41866,0.50426
209.6,0,0.075971,0.082386,0.23495,0.26831,0.39949,0.41872,0.50432
209.8,0,0.075791,0.082193,0.23495,0.26792,0.39975,0.4188,0.50436
210,0,0.07561,0.082001,0.23495,0.26753,0.40001,0.41887,0.50437
210.2,0,0.075428,0.081811,0.23495,0.26714,0.40026,0.41895,0.50437
210.4,0,0.075247,0.081622,0.23493,0.26675,0.40049,0.41903,0.50434
210.6,0,0.075065,0.081435,0.23491,0.26635,0.40072,0.41912,0.50428
210.8,0,0.074883,0.08125,0.23488,0.26596,0.40094,0.41921,0.50421
211,0,0.0747,0.081067,0.23484,0.26556,0.40115,0.41931,0.50411
211.2,0,0.074517,0.080886,0.23479,0.26516,0.40134,0.41941,0.50399
211.4,0,0.074334,0.080706,0.23473,0.26476,0.40153,0.41952,0.50385
211.6,0,0.074151,0.080529,0.23467,0.26436,0.40171,0.41962,0.50368
211.8,0,0.073968,0.080353,0.2346,0.26395,0.40187,0.41973,0.50349
212,0,0.073784,0.08018,0.23452,0.26355,0.40202,0.41985,0.50328
212.2,0,0.0736,0.080008,0.23444,0.26315,0.40217,0.41997,0.50305
212.4,0,0.073416,0.079838,0.23434,0.26275,0.4023,0.42009,0.5028
212.6,0,0.073232,0.079671,0.23424,0.26234,0.40242,0.42021,0.50253
212.8,0,0.073048,0.079505,0.23413,0.26194,0.40252,0.42034,0.50224
213,0,0.072864,0.079341,0.23402,0.26154,0.40262,0.42047,0.50193
213.2,0,0.07268,0.07918,0.23389,0.26114,0.4027,0.4206,0.50159
213.4,0,0.072495,0.079021,0.23376,0.26075,0.40277,0.42074,0.50124
213.6,0,0.072311,0.078863,0.23362,0.26035,0.40283,0.42088,0.50087
213.8,0,0.072126,0.078708,0.23348,0.25995,0.40288,0.42102,0.50049
214,0,0.071942,0.078555,0.23332,0.25956,0.40291,0.42116,0.50008
214.2,0,0.071758,0.078405,0.23316,0.25917,0.40294,0.4213,0.49966
214.4,0,0.071573,0.078256,0.233,0.25878,0.40295,0.42145,0.49922
214.6,0,0.071389,0.07811,0.23282,0.2584,0.40294,0.42159,0.49877
214.8,0,0.071205,0.077966,0.23264,0.25802,0.40293,0.42174,0.4983
215,0,0.071021,0.077825,0.23245,0.25764,0.4029,0.42189,0.49782
215.2,0,0.070837,0.077686,0.23226,0.25726,0.40286,0.42204,0.49732
215.4,0,0.070653,0.077549,0.23206,0.25689,0.40281,0.42219,0.49681
215.6,0,0.07047,0.077414,0.23185,0.25652,0.40275,0.42234,0.49629
215.8,0,0.070286,0.077282,0.23163,0.25616,0.40267,0.42249,0.49575
216,0,0.070103,0.077152,0.23141,0.2558,0.40259,0.42265,0.49521
216.2,0,0.06992,0.077025,0.23118,0.25544,0.40249,0.4228,0.49465
216.4,0,0.069737,0.0769,0.23095,0.25509,0.40238,0.42295,0.49409
216.6,0,0.069555,0.076777,0.23071,0.25475,0.40225,0.4231,0.49351
216.8,0,0.069373,0.076657,0.23047,0.25441,0.40212,0.42325,0.49293
217,0,0.069191,0.07654,0.23021,0.25407,0.40197,0.4234,0.49234
217.2,0,0.069009,0.076425,0.22996,0.25374,0.40181,0.42355,0.49175
217.4,0,0.068828,0.076312,0.22969,0.25342,0.40165,0.4237,0.49115
217.6,0,0.068647,0.076202,0.22943,0.2531,0.40147,0.42385,0.49054
217.8,0,0.068467,0.076095,0.22915,0.25279,0.40128,0.42399,0.48994
218,0,0.068286,0.07599,0.22887,0.25248,0.40107,0.42414,0.48932
218.2,0,0.068107,0.075888,0.22859,0.25219,0.40086,0.42428,0.48871
218.4,0,0.067927,0.075788,0.2283,0.25189,0.40064,0.42442,0.4881
218.6,0,0.067749,0.075691,0.22801,0.25161,0.40041,0.42456,0.48748
218.8,0,0.06757,0.075597,0.22771,0.25133,0.40017,0.4247,0.48687
219,0,0.067392,0.075505,0.2274,0.25106,0.39992,0.42483,0.48626
219.2,0.52,0.067206,0.075411,0.22708,0.25078,0.39965,0.42497,0.48563
219.4,0.52,0.067019,0.075318,0.22677,0.25051,0.39938,0.42511,0.48501
219.6,0.52,0.066839,0.075228,0.22646,0.25025,0.39912,0.42525,0.4844
219.8,0.52,0.066667,0.075142,0.22616,0.25,0.39887,0.42539,0.48381
220,0.52,0.066502,0.075059,0.22588,0.24976,0.39861,0.42554,0.48323
220.2,0.52,0.066344,0.074981,0.22561,0.24954,0.39837,0.42569,0.48266
220.4,0.52,0.066193,0.074906,0.22535,0.24932,0.39813,0.42585,0.48211
220.6,0.52,0.066049,0.074834,0.2251,0.24911,0.39789,0.426,0.48158
220.8,0.52,0.065912,0.074766,0.22486,0.24891,0.39767,0.42616,0.48106
221,0.52,0.065781,0.074701,0.22464,0.24872,0.39744,0.42633,0.48055
221.2,0.52,0.065657,0.074639,0.22442,0.24854,0.39722,0.42649,0.48006
221.4,0.52,0.065539,0.074581,0.22421,0.24838,0.39701,0.42666,0.47958
221.6,0.52,0.065427,0.074525,0.22402,0.24822,0.3968,0.42683,0.47912
221.8,0.52,0.065322,0.074473,0.22383,0.24807,0.39659,0.427,0.47867
222,0.52,0.065222,0.074424,0.22366,0.24792,0.39639,0.42718,0.47823
222.2,0.52,0.065128,0.074378,0.22349,0.24779,0.3962,0.42736,0.47781
222.4,0.52,0.06504,0.074335,0.22333,0.24767,0.39601,0.42754,0.4774
222.6,0.52,0.064957,0.074295,0.22319,0.24756,0.39582,0.42773,0.47701
222.8,0.52,0.064881,0.074258,0.22305,0.24745,0.39564,0.42792,0.47663
223,0.52,0.064809,0.074224,0.22292,0.24736,0.39546,0.42811,0.47626
223.2,0.52,0.064744,0.074192,0.2228,0.24727,0.39529,0.42831,0.47591
223.4,0.52,0.064683,0.074163,0.22269,0.24719,0.39512,0.42851,0.47557
223.6,0.52,0.064628,0.074137,0.22259,0.24712,0.39496,0.42871,0.47524
223.8,0.52,0.064578,0.074114,0.2225,0.24706,0.3948,0.42892,0.47493
224,0.52,0.064534,0.074094,0.22241,0.24701,0.39464,0.42913,0.47463
224.2,0.52,0.064495,0.074076,0.22234,0.24696,0.39449,0.42934,0.47434
224.4,0.52,0.06446,0.074061,0.22227,0.24692,0.39434,0.42956,0.47407
224.6,0.52,0.064431,0.074048,0.22222,0.2469,0.39419,0.42978,0.47381
224.8,0.52,0.064407,0.074038,0.22217,0.24688,0.39405,0.43001,0.47357
225,0.52,0.064389,0.074031,0.22213,0.24687,0.39391,0.43024,0.47333
225.2,0.52,0.064375,0.074027,0.2221,0.24687,0.39378,0.43047,0.47311
225.4,0.52,0.064366,0.074025,0.22207,0.24687,0.39365,0.43071,0.47291
225.6,0.52,0.064362,0.074026,0.22206,0.24689,0.39352,0.43095,0.47271
225.8,0.52,0.064363,0.074029,0.22205,0.24691,0.3934,0.4312,0.47253
226,0.52,0.06437,0.074035,0.22206,0.24694,0.39328,0.43145,0.47237
226.2,0.52,0.064381,0.074044,0.22207,0.24698,0.39316,0.43171,0.47221
226.4,0.52,0.064397,0.074055,0.22209,0.24703,0.39305,0.43197,0.47207
226.6,0.52,0.064419,0.074069,0.22211,0.24709,0.39294,0.43223,0.47194
226.8,0.52,0.064445,0.074086,0.22215,0.24715,0.39283,0.4325,0.47183
227,0.52,0.064477,0.074105,0.2222,0.24723,0.39273,0.43277,0.47173
227.2,0.52,0.064514,0.074127,0.22225,0.24731,0.39262,0.43305,0.47164
227.4,0.52,0.064556,0.074152,0.22231,0.2474,0.39253,0.43333,0.47156
227.6,0.52,0.064603,0.07418,0.22238,0.2475,0.39243,0.43362,0.4715
227.8,0.52,0.064655,0.07421,0.22246,0.24761,0.39234,0.43392,0.47145
228,0.52,0.064713,0.074243,0.22255,0.24773,0.39225,0.43421,0.47141
228.2,0.52,0.064776,0.074279,0.22265,0.24786,0.39217,0.43452,0.47139
228.4,0.52,0.064845,0.074318,0.22276,0.24799,0.39208,0.43483,0.47138
228.6,0.52,0.064919,0.07436,0.22287,0.24814,0.39201,0.43514,0.47138
228.8,0.52,0.064998,0.074405,0.223,0.24829,0.39193,0.43546,0.47139
229,0.52,0.065084,0.074452,0.22313,0.24846,0.39185,0.43579,0.47142
229.2,0.52,0.065175,0.074503,0.22328,0.24863,0.39178,0.43612,0.47146
229.4,0.52,0.065271,0.074557,0.22343,0.24881,0.39171,0.43646,0.47151
229.6,0.52,0.065374,0.074614,0.22359,0.24901,0.39165,0.4368,0.47158
229.8,0.52,0.065483,0.074674,0.22377,0.24921,0.39159,0.43715,0.47166
230,0.52,0.065598,0.074738,0.22395,0.24942,0.39153,0.4375,0.47175
230.2,0.52,0.065719,0.074805,0.22414,0.24964,0.39147,0.43786,0.47185
230.4,0.52,0.065846,0.074875,0.22434,0.24988,0.39141,0.43823,0.47197
230.6,0.52,0.065981,0.074949,0.22456,0.25012,0.39136,0.43861,0.4721
230.8,0.52,0.066121,0.075026,0.22478,0.25038,0.39131,0.43899,0.47225
231,0.52,0.066269,0.075107,0.22501,0.25064,0.39126,0.43938,0.4724
231.2,0.52,0.066423,0.075191,0.22526,0.25092,0.39122,0.43977,0.47257
231.4,0.52,0.066584,0.075279,0.22551,0.25121,0.39118,0.44017,0.47276
231.6,0.52,0.066753,0.075371,0.22578,0.25151,0.39114,0.44058,0.47295
231.8,0.52,0.066929,0.075467,0.22606,0.25182,0.3911,0.44099,0.47316
232,0.52,0.067112,0.075567,0.22635,0.25214,0.39106,0.44142,0.47338
232.2,0,0.067295,0.075667,0.22664,0.25246,0.39103,0.44184,0.47361
232.4,0,0.067469,0.075765,0.22692,0.25278,0.391,0.44224,0.47385
232.6,0,0.067644,0.075865,0.22719,0.25311,0.39095,0.44262,0.47409
232.8,0,0.067819,0.075968,0.22745,0.25345,0.39091,0.443,0.47435
233,0,0.067995,0.076074,0.22772,0.25379,0.39085,0.44336,0.47461
233.2,0,0.068171,0.076182,0.22797,0.25414,0.39079,0.44372,0.47489
233.4,0,0.068347,0.076293,0.22822,0.25449,0.39072,0.44406,0.47517
233.6,0,0.068524,0.076407,0.22847,0.25485,0.39065,0.44438,0.47546
233.8,0,0.068701,0.076523,0.22871,0.25522,0.39057,0.4447,0.47576
234,0,0.068878,0.076642,0.22895,0.25559,0.39049,0.445,0.47606
234.2,0,0.069056,0.076764,0.22918,0.25597,0.3904,0.44528,0.47637
234.4,0,0.069234,0.076887,0.2294,0.25635,0.3903,0.44555,0.47669
234.6,0,0.069412,0.077014,0.22962,0.25674,0.3902,0.44581,0.47702
234.8,0,0.069591,0.077143,0.22983,0.25713,0.3901,0.44605,0.47735
235,0,0.06977,0.077274,0.23004,0.25752,0.38999,0.44628,0.47768
235.2,0,0.069949,0.077408,0.23024,0.25793,0.38987,0.44649,0.47802
235.4,0,0.070128,0.077545,0.23043,0.25833,0.38975,0.44668,0.47836
235.6,0,0.070307,0.077684,0.23062,0.25874,0.38963,0.44686,0.47871
235.8,0,0.070487,0.077825,0.2308,0.25915,0.3895,0.44702,0.47906
236,0,0.070666,0.077969,0.23098,0.25957,0.38936,0.44717,0.47942
236.2,0,0.070846,0.078115,0.23115,0.25999,0.38922,0.4473,0.47977
236.4,0,0.071026,0.078263,0.23131,0.26041,0.38908,0.44741,0.48013
236.6,0,0.071206,0.078414,0.23146,0.26083,0.38893,0.4475,0.48049
236.8,0,0.071386,0.078567,0.23161,0.26126,0.38878,0.44758,0.48085
237,0,0.071566,0.078722,0.23175,0.26169,0.38863,0.44764,0.48121
237.2,0,0.071746,0.078879,0.23189,0.26212,0.38847,0.44769,0.48157
237.4,0,0.071926,0.079039,0.23202,0.26255,0.3883,0.44771,0.48192
237.6,0,0.072106,0.079201,0.23214,0.26299,0.38814,0.44772,0.48228
237.8,0,0.072286,0.079365,0.23225,0.26342,0.38797,0.44771,0.48264
238,0,0.072466,0.079532,0.23236,0.26386,0.3878,0.44769,0.48299
238.2,0,0.072646,0.0797,0.23246,0.2643,0.38762,0.44764,0.48334
238.4,0,0.072826,0.079871,0.23255,0.26473,0.38745,0.44758,0.48369
238.6,0,0.073005,0.080044,0.23264,0.26517,0.38727,0.44751,0.48403
238.8,0,0.073185,0.080218,0.23272,0.26561,0.38708,0.44741,0.48437
239,0,0.073365,0.080395,0.23279,0.26604,0.3869,0.4473,0.48471
239.2,0,0.073544,0.080574,0.23285,0.26648,0.38671,0.44717,0.48504
239.4,0,0.073723,0.080755,0.23291,0.26691,0.38653,0.44703,0.48536
239.6,0,0.073902,0.080938,0.23296,0.26734,0.38634,0.44686,0.48568
239.8,0,0.074081,0.081122,0.233,0.26778,0.38615,0.44669,0.48599
240,0,0.074259,0.081309,0.23303,0.26821,0.38596,0.44649,0.4863
240.2,0,0.074437,0.081498,0.23306,0.26863,0.38576,0.44628,0.4866
240.4,0,0.074615,0.081688,0.23308,0.26906,0.38557,0.44606,0.48689
240.6,0,0.074793,0.08188,0.23309,0.26948,0.38538,0.44582,0.48717
240.8,0,0.07497,0.082074,0.23309,0.2699,0.38518,0.44556,0.48744
241,0,0.075147,0.08227,0.23309,0.27032,0.38499,0.44529,0.48771
241.2,0,0.075324,0.082468,0.23308,0.27074,0.3848,0.445,0.48796
241.4,0,0.0755,0.082667,0.23306,0.27115,0.3846,0.4447,0.48821
241.6,0,0.075676,0.082868,0.23303,0.27155,0.38441,0.44439,0.48845
241.8,0,0.075851,0.08307,0.233,0.27196,0.38422,0.44406,0.48867
242,0,0.076026,0.083274,0.23296,0.27235,0.38403,0.44372,0.48889
242.2,0,0.076201,0.08348,0.23291,0.27275,0.38384,0.44337,0.48909
242.4,0,0.076375,0.083688,0.23285,0.27314,0.38365,0.44301,0.48928
242.6,0,0.076549,0.083897,0.23279,0.27352,0.38346,0.44263,0.48947
242.8,0,0.076722,0.084107,0.23272,0.2739,0.38327,0.44224,0.48964
243,0,0.076895,0.084319,0.23264,0.27428,0.38309,0.44185,0.48979
243.2,0,0.077067,0.084532,0.23256,0.27465,0.38291,0.44144,0.48994
243.4,0,0.077239,0.084747,0.23247,0.27501,0.38273,0.44102,0.49007
243.6,0,0.07741,0.084963,0.23237,0.27537,0.38255,0.44059,0.49019
243.8,0,0.07758,0.085181,0.23226,0.27572,0.38238,0.44015,0.4903
244,0,0.07775,0.085399,0.23215,0.27606,0.3822,0.43971,0.4904
244.2,0,0.077919,0.085619,0.23203,0.2764,0.38204,0.43925,0.49048
244.4,0,0.078088,0.085841,0.2319,0.27673,0.38187,0.43879,0.49055
244.6,0,0.078256,0.086063,0.23176,0.27705,0.38171,0.43832,0.4906
244.8,0,0.078423,0.086287,0.23162,0.27737,0.38155,0.43785,0.49065
245,0,0.07859,0.086512,0.23147,0.27768,0.38139,0.43737,0.49068
245.2,0,0.078755,0.086738,0.23132,0.27798,0.38124,0.43688,0.49069
245.4,0,0.078921,0.086965,0.23116,0.27827,0.38109,0.43639,0.49069
245.6,0,0.079085,0.087193,0.23099,0.27856,0.38095,0.4359,0.49068
245.8,0,0.079249,0.087422,0.23081,0.27884,0.38081,0.4354,0.49066
246,0,0.079411,0.087653,0.23063,0.2791,0.38068,0.4349,0.49062
246.2,0,0.079574,0.087884,0.23045,0.27937,0.38055,0.4344,0.49057
246.4,0,0.079735,0.088116,0.23025,0.27962,0.38042,0.4339,0.49051
246.6,0,0.079895,0.088349,0.23005,0.27986,0.3803,0.43339,0.49043
246.8,0,0.080055,0.088583,0.22985,0.2801,0.38018,0.43289,0.49034
247,0,0.080214,0.088817,0.22963,0.28032,0.38007,0.43238,0.49024
247.2,0,0.080371,0.089053,0.22942,0.28054,0.37997,0.43188,0.49012
247.4,0,0.080528,0.089289,0.22919,0.28075,0.37987,0.43138,0.48999
247.6,0,0.080684,0.089526,0.22896,0.28094,0.37977,0.43087,0.48985
247.8,0,0.08084,0.089763,0.22873,0.28113,0.37968,0.43038,0.4897
248,0,0.080994,0.090001,0.22849,0.28131,0.3796,0.42988,0.48953
248.2,0,0.081147,0.09024,0.22824,0.28148,0.37952,0.42939,0.48936
248.4,0,0.081299,0.09048,0.22799,0.28164,0.37945,0.4289,0.48917
248.6,0,0.081451,0.09072,0.22773,0.28179,0.37938,0.42842,0.48897
248.8,0,0.081601,0.09096,0.22747,0.28193,0.37932,0.42794,0.48876
249,0,0.08175,0.091201,0.22721,0.28205,0.37927,0.42747,0.48854
249.2,0,0.081898,0.091442,0.22693,0.28217,0.37922,0.427,0.48831
249.4,0,0.082045,0.091684,0.22666,0.28228,0.37917,0.42654,0.48806
249.6,0,0.082192,0.091926,0.22638,0.28238,0.37914,0.42609,0.48781
249.8,0,0.082337,0.092169,0.22609,0.28247,0.37911,0.42565,0.48755
250,0,0.08248,0.092412,0.2258,0.28254,0.37908,0.42522,0.48728
250.2,0,0.082623,0.092655,0.22551,0.28261,0.37906,0.42479,0.487
250.4,0,0.082765,0.092898,0.22521,0.28267,0.37905,0.42438,0.48671
250.6,0,0.082905,0.093141,0.22491,0.28271,0.37904,0.42397,0.48642
250.8,0,0.083045,0.093385,0.22461,0.28275,0.37904,0.42358,0.48612
251,0,0.083183,0.093629,0.2243,0.28277,0.37905,0.42319,0.48581
251.2,0,0.08332,0.093872,0.22399,0.28279,0.37906,0.42282,0.48549
251.4,0,0.083456,0.094116,0.22367,0.28279,0.37908,0.42246,0.48517
251.6,0,0.08359,0.09436,0.22335,0.28278,0.37911,0.42212,0.48484
251.8,0,0.083724,0.094604,0.22303,0.28277,0.37914,0.42178,0.48451
252,0,0.083856,0.094848,0.22271,0.28274,0.37918,0.42146,0.48417
252.2,0,0.083987,0.095092,0.22238,0.2827,0.37922,0.42115,0.48383
252.4,0,0.084116,0.095335,0.22205,0.28265,0.37927,0.42086,0.48348
252.6,0,0.084245,0.095578,0.22172,0.28259,0.37932,0.42058,0.48313
252.8,0,0.084372,0.095822,0.22139,0.28252,0.37939,0.42031,0.48278
253,0,0.084497,0.096065,0.22105,0.28244,0.37945,0.42006,0.48242
253.2,0,0.084622,0.096307,0.22071,0.28234,0.37953,0.41983,0.48207
253.4,0,0.084745,0.09655,0.22037,0.28224,0.37961,0.41961,0.48171
253.6,0,0.084866,0.096792,0.22003,0.28213,0.37969,0.4194,0.48135
253.8,0,0.084987,0.097033,0.21969,0.28201,0.37978,0.41922,0.48099
254,0,0.085106,0.097275,0.21934,0.28188,0.37988,0.41905,0.48063
254.2,0,0.085223,0.097515,0.219,0.28173,0.37998,0.41889,0.48027
254.4,0,0.085339,0.097756,0.21865,0.28158,0.38008,0.41875,0.47991
254.6,0,0.085454,0.097996,0.2183,0.28142,0.38019,0.41863,0.47956
254.8,0,0.085568,0.098235,0.21795,0.28125,0.38031,0.41853,0.4792
255,0,0.085679,0.098473,0.2176,0.28106,0.38043,0.41844,0.47885
255.2,0,0.08579,0.098711,0.21725,0.28087,0.38056,0.41837,0.4785
255.4,0,0.085899,0.098949,0.2169,0.28067,0.38069,0.41831,0.47816
255.6,0,0.086006,0.099185,0.21655,0.28046,0.38082,0.41828,0.47781
255.8,0,0.086112,0.099421,0.2162,0.28024,0.38096,0.41826,0.47748
256,0,0.086217,0.099657,0.21585,0.28001,0.38111,0.41826,0.47715
256.2,0,0.08632,0.099891,0.21551,0.27977,0.38125,0.41827,0.47682
256.4,0,0.086422,0.10012,0.21516,0.27953,0.38141,0.4183,0.4765
256.6,0,0.086522,0.10036,0.21481,0.27927,0.38156,0.41836,0.47618
256.8,0,0.08662,0.10059,0.21446,0.27901,0.38172,0.41842,0.47588
257,0,0.086717,0.10082,0.21412,0.27873,0.38188,0.41851,0.47558
257.2,0,0.086812,0.10105,0.21377,0.27845,0.38205,0.41861,0.47528
257.4,0,0.086906,0.10128,0.21343,0.27817,0.38222,0.41873,0.475
257.6,0,0.086998,0.10151,0.21309,0.27787,0.38239,0.41886,0.47472
257.8,0,0.087089,0.10173,0.21275,0.27757,0.38257,0.41901,0.47445
258,0,0.087178,0.10196,0.21241,0.27725,0.38274,0.41918,0.47419
258.2,0,0.087266,0.10218,0.21207,0.27693,0.38292,0.41937,0.47395
258.4,0,0.087351,0.10241,0.21174,0.27661,0.38311,0.41957,0.47371
258.6,0,0.087436,0.10263,0.2114,0.27627,0.38329,0.41978,0.47348
258.8,0,0.087518,0.10285,0.21108,0.27593,0.38348,0.42002,0.47326
259,0,0.087599,0.10307,0.21075,0.27559,0.38366,0.42026,0.47305
259.2,0,0.087679,0.10329,0.21042,0.27524,0.38385,0.42053,0.47285
259.4,0,0.087756,0.10351,0.2101,0.27488,0.38404,0.4208,0.47267
259.6,0,0.087832,0.10372,0.20978,0.27451,0.38423,0.42109,0.47249
259.8,0,0.087907,0.10394,0.20947,0.27414,0.38443,0.4214,0.47233
260,0,0.087979,0.10415,0.20916,0.27376,0.38462,0.42172,0.47218
260.2,0,0.08805,0.10436,0.20885,0.27338,0.38481,0.42205,0.47204
260.4,0,0.088119,0.10457,0.20854,0.273,0.38501,0.4224,0.47192
260.6,0,0.088187,0.10478,0.20824,0.27261,0.3852,0.42275,0.47181
260.8,0,0.088253,0.10498,0.20795,0.27221,0.38539,0.42312,0.47171
261,0,0.088317,0.10519,0.20765,0.27181,0.38559,0.4235,0.47162
261.2,0,0.088379,0.10539,0.20736,0.2714,0.38578,0.4239,0.47155
261.4,0,0.08844,0.1056,0.20708,0.271,0.38597,0.4243,0.47148
261.6,0,0.088499,0.1058,0.2068,0.27058,0.38616,0.42471,0.47144
261.8,0,0.088556,0.106,0.20652,0.27017,0.38635,0.42514,0.4714
262,0,0.088612,0.10619,0.20625,0.26975,0.38654,0.42557,0.47138
262.2,0,0.088665,0.10639,0.20599,0.26933,0.38673,0.42601,0.47138
262.4,0,0.088717,0.10658,0.20572,0.2689,0.38692,0.42646,0.47138
262.6,0,0.088768,0.10677,0.20547,0.26848,0.3871,0.42691,0.4714
262.8,0,0.088816,0.10696,0.20522,0.26805,0.38728,0.42738,0.47143
263,0,0.088863,0.10715,0.20497,0.26762,0.38746,0.42785,0.47148
263.2,0,0.088907,0.10734,0.20473,0.26719,0.38764,0.42833,0.47154
263.4,0,0.088951,0.10752,0.2045,0.26675,0.38781,0.42881,0.47161
263.6,0,0.088992,0.1077,0.20427,0.26632,0.38798,0.42929,0.4717
263.8,0,0.089031,0.10788,0.20404,0.26588,0.38815,0.42979,0.4718
264,0,0.089069,0.10806,0.20382,0.26545,0.38832,0.43028,0.47191
264.2,0,0.089105,0.10824,0.20361,0.26501,0.38848,0.43078,0.47203
264.4,0,0.089139,0.10841,0.20341,0.26457,0.38864,0.43128,0.47217
264.6,0,0.089171,0.10858,0.20321,0.26414,0.38879,0.43178,0.47232
264.8,0,0.089202,0.10875,0.20301,0.2637,0.38894,0.43229,0.47248
265,0,0.089231,0.10892,0.20282,0.26326,0.38909,0.43279,0.47265
265.2,0,0.089257,0.10909,0.20264,0.26283,0.38923,0.4333,0.47283
265.4,0,0.089282,0.10925,0.20247,0.2624,0.38937,0.4338,0.47303
265.6,0,0.089306,0.10941,0.2023,0.26196,0.38951,0.43431,0.47324
265.8,0,0.089327,0.10957,0.20214,0.26153,0.38964,0.43481,0.47346
266,0,0.089347,0.10973,0.20198,0.26111,0.38976,0.43531,0.47368
266.2,0,0.089364,0.10988,0.20184,0.26068,0.38988,0.43581,0.47392
266.4,0,0.08938,0.11003,0.20169,0.26026,0.39,0.4363,0.47417
266.6,0,0.089394,0.11018,0.20156,0.25983,0.39011,0.43679,0.47443
266.8,0,0.089407,0.11033,0.20143,0.25942,0.39021,0.43728,0.4747
267,0,0.089417,0.11048,0.20131,0.259,0.39031,0.43776,0.47497
267.2,0,0.089425,0.11062,0.2012,0.25859,0.39041,0.43823,0.47526
267.4,0,0.089432,0.11076,0.20109,0.25818,0.3905,0.4387,0.47555
267.6,0,0.089437,0.1109,0.20099,0.25778,0.39058,0.43916,0.47585
267.8,0,0.08944,0.11103,0.2009,0.25738,0.39066,0.43962,0.47615
268,0,0.089441,0.11117,0.20081,0.25698,0.39073,0.44007,0.47647
268.2,0,0.089441,0.1113,0.20074,0.25659,0.39079,0.44051,0.47679
268.4,0,0.089438,0.11143,0.20067,0.25621,0.39086,0.44094,0.47711
268.6,0,0.089434,0.11155,0.2006,0.25583,0.39091,0.44136,0.47745
268.8,0,0.089428,0.11168,0.20055,0.25545,0.39096,0.44177,0.47778
269,0,0.08942,0.1118,0.2005,0.25508,0.391,0.44217,0.47812
269.2,0,0.08941,0.11191,0.20046,0.25472,0.39104,0.44256,0.47847
269.4,0,0.089398,0.11203,0.20043,0.25436,0.39107,0.44294,0.47882
269.6,0,0.089385,0.11214,0.2004,0.25401,0.39109,0.4433,0.47917
269.8,0,0.08937,0.11225,0.20038,0.25366,0.39111,0.44366,0.47952
270,0,0.089352,0.11236,0.20037,0.25332,0.39112,0.444,0.47988
270.2,0,0.089333,0.11247,0.20037,0.25299,0.39112,0.44433,0.48024
270.4,0,0.089313,0.11257,0.20037,0.25267,0.39112,0.44465,0.4806
270.6,0,0.08929,0.11267,0.20038,0.25235,0.39112,0.44495,0.48096
270.8,0,0.089265,0.11276,0.2004,0.25204,0.3911,0.44524,0.48132
271,0,0.089239,0.11286,0.20043,0.25174,0.39108,0.44551,0.48167
271.2,0,0.089211,0.11295,0.20046,0.25144,0.39106,0.44577,0.48203
271.4,0,0.089181,0.11304,0.2005,0.25115,0.39103,0.44601,0.48239
271.6,0,0.089149,0.11312,0.20055,0.25087,0.39099,0.44624,0.48275
271.8,0,0.089116,0.11321,0.20061,0.2506,0.39094,0.44645,0.4831
272,0,0.089081,0.11329,0.20067,0.25034,0.39089,0.44665,0.48345
272.2,0,0.089043,0.11337,0.20074,0.25009,0.39084,0.44683,0.48379
272.4,0,0.089004,0.11344,0.20082,0.24984,0.39077,0.447,0.48414
272.6,0,0.088964,0.11351,0.20091,0.24961,0.39071,0.44714,0.48448
272.8,0,0.088921,0.11358,0.201,0.24938,0.39063,0.44728,0.48481
273,0,0.088877,0.11365,0.2011,0.24916,0.39055,0.44739,0.48514
273.2,0,0.088831,0.11371,0.20121,0.24895,0.39047,0.44749,0.48546
273.4,0,0.088783,0.11377,0.20132,0.24875,0.39038,0.44757,0.48578
273.6,0,0.088733,0.11383,0.20144,0.24856,0.39028,0.44763,0.48609
273.8,0,0.088682,0.11389,0.20157,0.24838,0.39018,0.44768,0.48639
274,0,0.088629,0.11394,0.2017,0.24821,0.39007,0.44771,0.48669
274.2,0,0.088574,0.11399,0.20185,0.24805,0.38996,0.44772,0.48697
274.4,0,0.088517,0.11403,0.202,0.2479,0.38984,0.44772,0.48725
274.6,0,0.088459,0.11408,0.20215,0.24776,0.38972,0.44769,0.48752
274.8,0,0.088399,0.11412,0.20231,0.24763,0.3896,0.44765,0.48779
275,0,0.088337,0.11415,0.20248,0.24751,0.38947,0.44759,0.48804
275.2,0,0.088273,0.11419,0.20266,0.2474,0.38933,0.44752,0.48828
275.4,0,0.088208,0.11422,0.20284,0.2473,0.38919,0.44743,0.48852
275.6,0,0.088141,0.11425,0.20303,0.24721,0.38905,0.44732,0.48874
275.8,0,0.088072,0.11428,0.20322,0.24713,0.3889,0.44719,0.48895
276,0,0.088002,0.1143,0.20342,0.24706,0.38874,0.44705,0.48915
276.2,0,0.08793,0.11432,0.20363,0.247,0.38859,0.44689,0.48934
276.4,0,0.087856,0.11434,0.20384,0.24695,0.38843,0.44672,0.48952
276.6,0,0.08778,0.11435,0.20406,0.24691,0.38827,0.44653,0.48968
276.8,0,0.087703,0.11436,0.20428,0.24689,0.3881,0.44632,0.48984
277,0,0.087624,0.11437,0.20451,0.24687,0.38793,0.4461,0.48998
277.2,0,0.087544,0.11437,0.20475,0.24687,0.38776,0.44586,0.49011
277.4,0,0.087462,0.11438,0.20499,0.24687,0.38758,0.4456,0.49023
277.6,0,0.087378,0.11438,0.20524,0.24689,0.3874,0.44534,0.49033
277.8,0,0.087293,0.11437,0.20549,0.24691,0.38722,0.44505,0.49042
278,0,0.087206,0.11437,0.20574,0.24695,0.38704,0.44476,0.4905
278.2,0,0.087117,0.11436,0.20601,0.247,0.38686,0.44445,0.49057
278.4,0,0.087027,0.11434,0.20627,0.24706,0.38667,0.44412,0.49062
278.6,0,0.086935,0.11433,0.20654,0.24712,0.38648,0.44378,0.49066
278.8,0,0.086842,0.11431,0.20682,0.2472,0.38629,0.44343,0.49068
279,0,0.086747,0.11429,0.2071,0.24729,0.3861,0.44307,0.49069
279.2,0,0.086651,0.11427,0.20739,0.24739,0.38591,0.4427,0.49069
279.4,0,0.086553,0.11424,0.20768,0.2475,0.38572,0.44231,0.49068
279.6,0,0.086453,0.11421,0.20797,0.24762,0.38553,0.44191,0.49065
279.8,0,0.086352,0.11418,0.20827,0.24775,0.38533,0.44151,0.49061
280,0,0.08625,0.11414,0.20857,0.24789,0.38514,0.44109,0.49055
280.2,0,0.086146,0.1141,0.20887,0.24805,0.38495,0.44066,0.49049
280.4,0,0.08604,0.11406,0.20918,0.24821,0.38475,0.44023,0.4904
280.6,0,0.085933,0.11402,0.20949,0.24838,0.38456,0.43978,0.49031
280.8,0,0.085824,0.11397,0.20981,0.24856,0.38437,0.43933,0.4902
281,0,0.085714,0.11392,0.21013,0.24875,0.38417,0.43887,0.49008
281.2,0,0.085603,0.11386,0.21045,0.24895,0.38398,0.4384,0.48995
281.4,0,0.08549,0.11381,0.21077,0.24915,0.38379,0.43793,0.48981
281.6,0,0.085376,0.11375,0.2111,0.24937,0.3836,0.43745,0.48965
281.8,0,0.08526,0.11369,0.21143,0.2496,0.38342,0.43697,0.48948
282,0,0.085143,0.11362,0.21176,0.24984,0.38323,0.43648,0.4893
282.2,0,0.085024,0.11356,0.2121,0.25008,0.38305,0.43599,0.48911
282.4,0,0.084904,0.11349,0.21243,0.25033,0.38287,0.43549,0.48891
282.6,0,0.084783,0.11341,0.21277,0.2506,0.38269,0.43499,0.48869
282.8,0,0.084661,0.11334,0.21311,0.25087,0.38251,0.43449,0.48847
283,0,0.084537,0.11326,0.21345,0.25115,0.38234,0.43398,0.48823
283.2,0,0.084411,0.11318,0.2138,0.25143,0.38217,0.43348,0.48799
283.4,0,0.084285,0.11309,0.21414,0.25173,0.382,0.43297,0.48773
283.6,0,0.084157,0.113,0.21449,0.25203,0.38183,0.43247,0.48747
283.8,0,0.084028,0.11291,0.21484,0.25234,0.38167,0.43196,0.4872
284,0,0.083897,0.11282,0.21518,0.25266,0.38151,0.43146,0.48692
284.2,0,0.083765,0.11273,0.21553,0.25298,0.38136,0.43096,0.48663
284.4,0,0.083632,0.11263,0.21588,0.25332,0.38121,0.43046,0.48633
284.6,0,0.083498,0.11253,0.21623,0.25365,0.38106,0.42996,0.48602
284.8,0,0.083363,0.11243,0.21658,0.254,0.38092,0.42947,0.48571
285,0,0.083226,0.11232,0.21693,0.25435,0.38078,0.42898,0.4854
285.2,0,0.083088,0.11221,0.21728,0.25471,0.38065,0.4285,0.48507
285.4,0,0.082949,0.1121,0.21763,0.25507,0.38052,0.42802,0.48474
285.6,0,0.082809,0.11199,0.21798,0.25544,0.38039,0.42755,0.48441
285.8,0,0.082668,0.11187,0.21833,0.25582,0.38027,0.42708,0.48407
286,0,0.082525,0.11175,0.21868,0.2562,0.38016,0.42662,0.48372
286.2,0,0.082382,0.11163,0.21902,0.25658,0.38005,0.42617,0.48338
286.4,0,0.082237,0.1115,0.21937,0.25697,0.37994,0.42573,0.48303
286.6,0,0.082092,0.11138,0.21971,0.25737,0.37984,0.42529,0.48267
286.8,0,0.081945,0.11125,0.22006,0.25777,0.37975,0.42486,0.48232
287,0,0.081797,0.11112,0.2204,0.25817,0.37966,0.42445,0.48196
287.2,0,0.081648,0.11098,0.22074,0.25858,0.37958,0.42404,0.4816
287.4,0,0.081498,0.11085,0.22108,0.25899,0.3795,0.42364,0.48124
287.6,0,0.081347,0.11071,0.22141,0.25941,0.37943,0.42326,0.48088
287.8,0,0.081195,0.11057,0.22175,0.25982,0.37937,0.42288,0.48052
288,0,0.081042,0.11042,0.22208,0.26024,0.37931,0.42252,0.48016
288.2,0,0.080888,0.11028,0.22241,0.26067,0.37925,0.42217,0.47981
288.4,0,0.080733,0.11013,0.22273,0.26109,0.37921,0.42184,0.47945
288.6,0,0.080578,0.10998,0.22306,0.26152,0.37916,0.42151,0.4791
288.8,0,0.080421,0.10982,0.22338,0.26195,0.37913,0.4212,0.47874
289,0,0.080263,0.10967,0.2237,0.26238,0.3791,0.42091,0.4784
289.2,0,0.080105,0.10951,0.22401,0.26282,0.37908,0.42062,0.47805
289.4,0,0.079946,0.10935,0.22432,0.26325,0.37906,0.42036,0.47771
289.6,0,0.079785,0.10919,0.22463,0.26369,0.37905,0.4201,0.47738
289.8,0,0.079624,0.10902,0.22494,0.26412,0.37904,0.41987,0.47705
290,0,0.079463,0.10886,0.22524,0.26456,0.37905,0.41964,0.47672
290.2,0,0.0793,0.10869,0.22553,0.265,0.37905,0.41944,0.4764
290.4,0,0.079137,0.10852,0.22583,0.26543,0.37907,0.41925,0.47609
290.6,0,0.078972,0.10834,0.22612,0.26587,0.37909,0.41907,0.47579
290.8,0,0.078807,0.10817,0.2264,0.26631,0.37911,0.41892,0.47549
291,0,0.078642,0.10799,0.22668,0.26674,0.37915,0.41877,0.4752
291.2,0,0.078475,0.10781,0.22696,0.26718,0.37919,0.41865,0.47491
291.4,0,0.078308,0.10763,0.22723,0.26761,0.37923,0.41854,0.47464
291.6,0,0.078141,0.10745,0.22749,0.26804,0.37928,0.41845,0.47437
291.8,0,0.077972,0.10726,0.22775,0.26847,0.37934,0.41838,0.47412
292,0,0.077803,0.10708,0.22801,0.26889,0.3794,0.41832,0.47387
292.2,0,0.077634,0.10689,0.22826,0.26932,0.37947,0.41828,0.47364
292.4,0,0.077463,0.1067,0.22851,0.26974,0.37954,0.41826,0.47341
292.6,0,0.077292,0.10651,0.22875,0.27016,0.37962,0.41826,0.47319
292.8,0,0.077121,0.10631,0.22898,0.27057,0.37971,0.41827,0.47299
293,0,0.076949,0.10612,0.22921,0.27099,0.3798,0.4183,0.4728
293.2,0,0.076777,0.10592,0.22943,0.27139,0.3799,0.41835,0.47261
293.4,0,0.076603,0.10572,0.22965,0.2718,0.38,0.41841,0.47244
293.6,0,0.07643,0.10552,0.22986,0.2722,0.38011,0.41849,0.47229
293.8,0,0.076256,0.10531,0.23007,0.2726,0.38022,0.41859,0.47214
294,0,0.076081,0.10511,0.23027,0.27299,0.38034,0.41871,0.472
294.2,0,0.075907,0.1049,0.23046,0.27337,0.38046,0.41884,0.47188
294.4,0,0.075731,0.1047,0.23065,0.27375,0.38059,0.41899,0.47177
294.6,0,0.075555,0.10449,0.23083,0.27413,0.38072,0.41915,0.47168
294.8,0,0.075379,0.10428,0.231,0.2745,0.38085,0.41934,0.4716
295,0,0.075203,0.10407,0.23117,0.27487,0.381,0.41953,0.47153
295.2,0,0.075026,0.10385,0.23133,0.27523,0.38114,0.41975,0.47147
295.4,0,0.074849,0.10364,0.23149,0.27558,0.38129,0.41998,0.47143
295.6,0,0.074671,0.10342,0.23163,0.27593,0.38144,0.42022,0.4714
295.8,0,0.074493,0.1032,0.23178,0.27627,0.3816,0.42048,0.47138
296,0,0.074315,0.10298,0.23191,0.2766,0.38176,0.42076,0.47138
296.2,0,0.074137,0.10276,0.23204,0.27693,0.38192,0.42104,0.47139
296.4,0,0.073958,0.10254,0.23216,0.27725,0.38209,0.42135,0.47141
296.6,0,0.073779,0.10232,0.23227,0.27756,0.38226,0.42166,0.47145
296.8,0,0.0736,0.1021,0.23238,0.27786,0.38243,0.42199,0.4715
297,0,0.073421,0.10187,0.23247,0.27816,0.38261,0.42234,0.47156
297.2,0,0.073242,0.10165,0.23257,0.27845,0.38278,0.42269,0.47164
297.4,0,0.073062,0.10142,0.23265,0.27873,0.38297,0.42306,0.47173
297.6,0,0.072882,0.10119,0.23273,0.279,0.38315,0.42344,0.47183
297.8,0,0.072703,0.10096,0.2328,0.27926,0.38333,0.42383,0.47194
298,0,0.072523,0.10073,0.23286,0.27952,0.38352,0.42423,0.47207
298.2,0,0.072343,0.1005,0.23291,0.27977,0.38371,0.42464,0.47221
298.4,0,0.072163,0.10027,0.23296,0.28001,0.3839,0.42506,0.47236
298.6,0,0.071983,0.10003,0.233,0.28023,0.38409,0.42549,0.47253
298.8,0,0.071803,0.0998,0.23303,0.28045,0.38428,0.42593,0.4727
299,0,0.071622,0.099565,0.23306,0.28066,0.38447,0.42638,0.47289
299.2,0,0.071442,0.09933,0.23308,0.28087,0.38466,0.42684,0.47309
299.4,0,0.071262,0.099094,0.23309,0.28106,0.38486,0.4273,0.4733
299.6,0,0.071082,0.098857,0.23309,0.28124,0.38505,0.42777,0.47352
299.8,0,0.070903,0.098619,0.23309,0.28141,0.38525,0.42824,0.47375
300,0,0.070723,0.098381,0.23307,0.28158,0.38544,0.42873,0.474
300.2,0,0.070543,0.098142,0.23305,0.28173,0.38563,0.42921,0.47425
300.4,0,0.070364,0.097902,0.23303,0.28187,0.38583,0.4297,0.47451
300.6,0,0.070184,0.097662,0.23299,0.282,0.38602,0.4302,0.47478
300.8,0,0.070005,0.097422,0.23295,0.28213,0.38621,0.43069,0.47506
301,0,0.069826,0.097181,0.2329,0.28224,0.3864,0.43119,0.47534
301.2,0,0.069647,0.09694,0.23285,0.28234,0.38659,0.4317,0.47564
301.4,0,0.069468,0.096698,0.23278,0.28243,0.38677,0.4322,0.47594
301.6,0,0.06929,0.096456,0.23271,0.28252,0.38696,0.43271,0.47625
301.8,0,0.069112,0.096213,0.23263,0.28259,0.38714,0.43321,0.47656
302,0,0.068934,0.09597,0.23255,0.28265,0.38732,0.43372,0.47689
302.2,0,0.068757,0.095727,0.23245,0.2827,0.3875,0.43422,0.47721
302.4,0,0.068579,0.095484,0.23235,0.28274,0.38768,0.43472,0.47755
302.6,0,0.068403,0.09524,0.23224,0.28276,0.38785,0.43522,0.47788
302.8,0,0.068226,0.094997,0.23213,0.28278,0.38802,0.43572,0.47823
303,0,0.06805,0.094753,0.23201,0.28279,0.38819,0.43622,0.47857
303.2,0,0.067874,0.094509,0.23188,0.28279,0.38836,0.43671,0.47892
303.4,0,0.067699,0.094265,0.23174,0.28277,0.38852,0.4372,0.47927
303.6,0,0.067524,0.094022,0.2316,0.28275,0.38867,0.43768,0.47963
303.8,0,0.06735,0.093778,0.23145,0.28271,0.38883,0.43815,0.47999
304,0,0.067176,0.093534,0.2313,0.28267,0.38898,0.43862,0.48034
304.2,0,0.067002,0.09329,0.23113,0.28261,0.38912,0.43909,0.4807
304.4,0,0.066829,0.093047,0.23096,0.28255,0.38927,0.43954,0.48106
304.6,0,0.066657,0.092803,0.23079,0.28247,0.3894,0.43999,0.48142
304.8,0,0.066485,0.09256,0.23061,0.28238,0.38954,0.44043,0.48178
305,0,0.066313,0.092317,0.23042,0.28228,0.38967,0.44086,0.48214
305.2,0,0.066142,0.092075,0.23022,0.28218,0.38979,0.44129,0.4825
305.4,0,0.065972,0.091832,0.23002,0.28206,0.38991,0.4417,0.48285
305.6,0,0.065803,0.09159,0.22982,0.28193,0.39002,0.4421,0.4832
305.8,0,0.065634,0.091349,0.2296,0.28179,0.39013,0.44249,0.48355
306,0,0.065465,0.091107,0.22938,0.28164,0.39024,0.44287,0.4839
306.2,0,0.065298,0.090867,0.22916,0.28148,0.39034,0.44324,0.48424
306.4,0,0.065131,0.090626,0.22893,0.28131,0.39043,0.4436,0.48458
306.6,0,0.064964,0.090387,0.22869,0.28114,0.39052,0.44394,0.48491
306.8,0,0.064799,0.090147,0.22845,0.28095,0.3906,0.44428,0.48524
307,0,0.064634,0.089909,0.2282,0.28075,0.39067,0.44459,0.48556
307.2,0,0.06447,0.089671,0.22795,0.28054,0.39074,0.4449,0.48587
307.4,0,0.064306,0.089434,0.2277,0.28033,0.39081,0.44519,0.48618
307.6,0,0.064144,0.089197,0.22743,0.2801,0.39087,0.44546,0.48648
307.8,0,0.063982,0.088961,0.22717,0.27987,0.39092,0.44573,0.48677
308,0,0.063821,0.088726,0.22689,0.27962,0.39097,0.44597,0.48706
308.2,0,0.063661,0.088492,0.22662,0.27937,0.39101,0.4462,0.48734
308.4,0,0.063502,0.088258,0.22634,0.27911,0.39104,0.44642,0.4876
308.6,0,0.063343,0.088026,0.22605,0.27884,0.39107,0.44662,0.48786
308.8,0,0.063186,0.087794,0.22576,0.27857,0.39109,0.4468,0.48811
309,0,0.063029,0.087563,0.22547,0.27828,0.39111,0.44697,0.48835
309.2,0,0.062873,0.087333,0.22517,0.27799,0.39112,0.44712,0.48858
309.4,0,0.062719,0.087104,0.22487,0.27769,0.39112,0.44726,0.4888
309.6,0,0.062565,0.086877,0.22456,0.27738,0.39112,0.44737,0.48901
309.8,0,0.062412,0.08665,0.22425,0.27706,0.39111,0.44747,0.48921
310,0,0.06226,0.086424,0.22394,0.27674,0.3911,0.44756,0.48939
310.2,0,0.062109,0.0862,0.22363,0.27641,0.39108,0.44762,0.48957
310.4,0,0.061959,0.085977,0.22331,0.27607,0.39105,0.44767,0.48973
310.6,0,0.06181,0.085755,0.22299,0.27573,0.39102,0.44771,0.48988
310.8,0,0.061663,0.085534,0.22266,0.27537,0.39098,0.44772,0.49002
311,0,0.061516,0.085314,0.22233,0.27502,0.39093,0.44772,0.49015
311.2,0,0.06137,0.085096,0.222,0.27466,0.39088,0.4477,0.49026
311.4,0,0.061226,0.084879,0.22167,0.27429,0.39082,0.44766,0.49036
311.6,0,0.061082,0.084663,0.22134,0.27391,0.39076,0.44761,0.49045
311.8,0,0.06094,0.084449,0.221,0.27353,0.39069,0.44753,0.49052
312,0,0.060798,0.084236,0.22066,0.27315,0.39061,0.44745,0.49058
312.2,0,0.060658,0.084025,0.22032,0.27276,0.39053,0.44734,0.49063
312.4,0,0.060519,0.083815,0.21998,0.27236,0.39045,0.44722,0.49067
312.6,0,0.060382,0.083607,0.21964,0.27197,0.39036,0.44708,0.49069
312.8,0,0.060245,0.0834,0.21929,0.27156,0.39026,0.44692,0.4907
313,0,0.06011,0.083195,0.21894,0.27116,0.39016,0.44675,0.49069
313.2,0,0.059976,0.082991,0.2186,0.27075,0.39005,0.44656,0.49067
313.4,0,0.059843,0.082789,0.21825,0.27033,0.38994,0.44636,0.49064
313.6,0,0.059711,0.082589,0.2179,0.26991,0.38982,0.44614,0.49059
313.8,0,0.059581,0.082391,0.21755,0.26949,0.38969,0.4459,0.49053
314,0,0.059452,0.082194,0.2172,0.26907,0.38957,0.44565,0.49046
314.2,0,0.059324,0.081999,0.21685,0.26865,0.38943,0.44538,0.49038
314.4,0,0.059197,0.081805,0.2165,0.26822,0.3893,0.4451,0.49028
314.6,0,0.059072,0.081614,0.21615,0.26779,0.38916,0.44481,0.49017
314.8,0,0.058948,0.081424,0.2158,0.26736,0.38901,0.4445,0.49005
315,0,0.058826,0.081236,0.21545,0.26692,0.38886,0.44418,0.48991
315.2,0,0.058705,0.08105,0.21511,0.26649,0.38871,0.44384,0.48976
315.4,0,0.058585,0.080866,0.21476,0.26605,0.38855,0.44349,0.4896
315.6,0,0.058466,0.080684,0.21441,0.26562,0.38839,0.44313,0.48943
315.8,0,0.058349,0.080504,0.21407,0.26518,0.38823,0.44276,0.48925
316,0,0.058234,0.080326,0.21372,0.26474,0.38806,0.44238,0.48905
316.2,0.52,0.058114,0.080142,0.21336,0.26429,0.38789,0.44197,0.48884
316.4,0.52,0.057992,0.079955,0.21301,0.26384,0.38771,0.44156,0.48863
316.6,0.52,0.057874,0.079773,0.21266,0.26339,0.38754,0.44116,0.48841
316.8,0.52,0.05776,0.079598,0.21232,0.26296,0.38737,0.44077,0.48821
317,0.52,0.057649,0.079427,0.21199,0.26254,0.3872,0.44038,0.488
317.2,0.52,0.057541,0.079262,0.21167,0.26213,0.38704,0.44,0.4878
317.4,0.52,0.057437,0.079102,0.21135,0.26173,0.38688,0.43963,0.4876
317.6,0.52,0.057336,0.078946,0.21105,0.26135,0.38672,0.43926,0.4874
317.8,0.52,0.057239,0.078796,0.21076,0.26097,0.38657,0.4389,0.4872
318,0.52,0.057144,0.07865,0.21047,0.2606,0.38642,0.43854,0.48701
318.2,0.52,0.057052,0.078508,0.21019,0.26024,0.38628,0.43819,0.48682
318.4,0.52,0.056963,0.078371,0.20992,0.25989,0.38613,0.43785,0.48663
318.6,0.52,0.056877,0.078238,0.20965,0.25955,0.38599,0.43751,0.48644
318.8,0.52,0.056794,0.078109,0.2094,0.25922,0.38585,0.43718,0.48626
319,0.52,0.056713,0.077985,0.20915,0.2589,0.38572,0.43686,0.48608
319.2,0.52,0.056634,0.077863,0.20891,0.25858,0.38558,0.43654,0.4859
319.4,0.52,0.056558,0.077746,0.20867,0.25828,0.38545,0.43622,0.48572
319.6,0.52,0.056484,0.077632,0.20844,0.25798,0.38533,0.43591,0.48554
319.8,0.52,0.056413,0.077522,0.20822,0.25769,0.3852,0.43561,0.48537
320,0.52,0.056344,0.077415,0.208,0.25741,0.38508,0.43531,0.4852
320.2,0.52,0.056277,0.077311,0.20779,0.25713,0.38496,0.43502,0.48503
320.4,0.52,0.056212,0.077211,0.20758,0.25686,0.38484,0.43473,0.48486
320.6,0.52,0.056149,0.077113,0.20739,0.2566,0.38473,0.43445,0.4847
320.8,0.52,0.056088,0.077019,0.20719,0.25635,0.38461,0.43417,0.48454
321,0.52,0.056029,0.076927,0.207,0.2561,0.3845,0.43389,0.48437
321.2,0.52,0.055971,0.076838,0.20682,0.25586,0.38439,0.43362,0.48422
321.4,0.52,0.055916,0.076752,0.20664,0.25563,0.38429,0.43336,0.48406
321.6,0.52,0.055862,0.076669,0.20647,0.2554,0.38418,0.4331,0.4839
321.8,0.52,0.05581,0.076588,0.2063,0.25517,0.38408,0.43284,0.48375
322,0.52,0.055759,0.07651,0.20614,0.25496,0.38398,0.43259,0.4836
322.2,0.52,0.05571,0.076434,0.20598,0.25475,0.38388,0.43235,0.48345
322.4,0.52,0.055663,0.07636,0.20582,0.25454,0.38378,0.4321,0.4833
322.6,0.52,0.055617,0.076289,0.20567,0.25434,0.38369,0.43187,0.48316
322.8,0.52,0.055572,0.076219,0.20552,0.25414,0.3836,0.43163,0.48301
323,0.52,0.055529,0.076152,0.20538,0.25395,0.38351,0.4314,0.48287
323.2,0.52,0.055487,0.076087,0.20524,0.25377,0.38342,0.43118,0.48273
323.4,0.52,0.055447,0.076024,0.20511,0.25359,0.38333,0.43095,0.48259
323.6,0.52,0.055408,0.075963,0.20498,0.25341,0.38325,0.43073,0.48245
323.8,0.52,0.055369,0.075904,0.20485,0.25324,0.38316,0.43052,0.48232
324,0.52,0.055333,0.075846,0.20473,0.25308,0.38308,0.43031,0.48218
324.2,0.52,0.055297,0.07579,0.20461,0.25291,0.383,0.4301,0.48205
324.4,0.52,0.055262,0.075736,0.20449,0.25276,0.38292,0.4299,0.48192
324.6,0.52,0.055228,0.075684,0.20438,0.2526,0.38284,0.4297,0.48179
324.8,0.52,0.055196,0.075633,0.20426,0.25245,0.38277,0.4295,0.48166
325,0.52,0.055164,0.075584,0.20416,0.25231,0.38269,0.42931,0.48154
325.2,0.52,0.055134,0.075536,0.20405,0.25216,0.38262,0.42912,0.48141
325.4,0.52,0.055104,0.07549,0.20395,0.25203,0.38255,0.42893,0.48129
325.6,0.52,0.055075,0.075445,0.20385,0.25189,0.38248,0.42875,0.48117
325.8,0.52,0.055048,0.075402,0.20376,0.25176,0.38241,0.42857,0.48105
326,0.52,0.055021,0.07536,0.20366,0.25163,0.38235,0.42839,0.48093
326.2,0.52,0.054995,0.075319,0.20357,0.25151,0.38228,0.42821,0.48081
326.4,0.52,0.054969,0.075279,0.20348,0.25139,0.38222,0.42804,0.4807
326.6,0.52,0.054945,0.075241,0.2034,0.25127,0.38215,0.42787,0.48058
326.8,0.52,0.054921,0.075204,0.20331,0.25115,0.38209,0.42771,0.48047
327,0.52,0.054898,0.075168,0.20323,0.25104,0.38203,0.42755,0.48036
327.2,0.52,0.054876,0.075133,0.20315,0.25093,0.38197,0.42739,0.48025
327.4,0.52,0.054854,0.075099,0.20308,0.25083,0.38191,0.42723,0.48014
327.6,0.52,0.054833,0.075066,0.203,0.25072,0.38185,0.42707,0.48003
327.8,0.52,0.054813,0.075034,0.20293,0.25062,0.3818,0.42692,0.47992
328,0.52,0.054793,0.075003,0.20286,0.25052,0.38174,0.42677,0.47982
328.2,0.52,0.054774,0.074973,0.20279,0.25043,0.38169,0.42663,0.47972
328.4,0.52,0.054755,0.074944,0.20272,0.25034,0.38164,0.42648,0.47961
328.6,0.52,0.054737,0.074916,0.20266,0.25025,0.38159,0.42634,0.47951
328.8,0.52,0.05472,0.074889,0.20259,0.25016,0.38154,0.4262,0.47941
329,0.52,0.054703,0.074863,0.20253,0.25007,0.38149,0.42606,0.47931
329.2,0.52,,0.074837,0.20247,0.24999,0.38144,0.42593,0.47922
329.4,0.52,,0.074812,0.20241,0.24991,0.38139,0.4258,0.47912
329.6,0.52,,0.074788,0.20236,0.24983,0.38134,0.42567,0.47902
329.8,0.52,,0.074765,0.2023,0.24975,0.3813,0.42554,0.47893
330,0.52,,0.074742,0.20225,0.24967,0.38125,0.42542,0.47884
330.2,0.52,,0.07472,0.2022,0.2496,0.38121,0.42529,0.47875
330.4,0.52,,0.074699,0.20215,0.24953,0.38117,0.42517,0.47866
330.6,0.52,,0.074678,0.2021,0.24946,0.38112,0.42505,0.47857
330.8,0.52,,0.074658,0.20205,0.24939,0.38108,0.42493,0.47848
331,0.52,,0.074639,0.202,0.24933,0.38104,0.42482,0.47839
331.2,0.52,,0.07462,0.20196,0.24926,0.381,0.42471,0.4783
331.4,0.52,,0.074602,0.20191,0.2492,0.38096,0.4246,0.47822
331.6,0.52,,0.074584,0.20187,0.24914,0.38092,0.42449,0.47813
331.8,0.52,,0.074567,0.20183,0.24908,0.38089,0.42438,0.47805
332,0.52,,0.074551,0.20179,0.24902,0.38085,0.42427,0.47797
332.2,0.52,,,0.20175,0.24896,0.38081,0.42417,0.47789
332.4,0.52,,,0.20171,0.24891,0.38078,0.42407,0.47781
332.6,0.52,,,0.20167,0.24886,0.38074,0.42397,0.47773
332.8,0.52,,,0.20164,0.2488,0.38071,0.42387,0.47765
333,0.52,,,0.2016,0.24875,0.38068,0.42377,0.47757
333.2,0.52,,,0.20157,0.2487,0.38064,0.42368,0.4775
333.4,0.52,,,0.20154,0.24866,0.38061,0.42358,0.47742
333.6,0.52,,,0.2015,0.24861,0.38058,0.42349,0.47735
333.8,0.52,,,0.20147,0.24856,0.38055,0.4234,0.47727
334,0.52,,,0.20144,0.24852,0.38052,0.42331,0.4772
334.2,0.52,,,0.20141,0.24848,0.38049,0.42323,0.47713
334.4,0.52,,,0.20138,0.24843,0.38046,0.42314,0.47706
334.6,0.52,,,0.20136,0.24839,0.38043,0.42306,0.47699
334.8,0.52,,,0.20133,0.24835,0.38041,0.42297,0.47692
335,0.52,,,0.2013,0.24832,0.38038,0.42289,0.47685
335.2,0.52,,,0.20128,0.24828,0.38035,0.42281,0.47678
335.4,0.52,,,0.20125,0.24824,0.38033,0.42273,0.47672
335.6,0.52,,,0.20123,0.2482,0.3803,0.42266,0.47665
335.8,0.52,,,0.2012,0.24817,0.38028,0.42258,0.47659
336,0.52,,,0.20118,0.24814,0.38025,0.42251,0.47652
336.2,0.52,,,0.20116,0.2481,0.38023,0.42243,0.47646
336.4,0.52,,,0.20114,0.24807,0.3802,0.42236,0.47639
336.6,0.52,,,0.20111,0.24804,0.38018,0.42229,0.47633
336.8,0.52,,,0.20109,0.24801,0.38016,0.42222,0.47627
337,0.52,,,0.20107,0.24798,0.38014,0.42215,0.47621
337.2,0.52,,,0.20105,0.24795,0.38011,0.42209,0.47615
337.4,0.52,,,0.20103,0.24792,0.38009,0.42202,0.47609
337.6,0.52,,,0.20102,0.24789,0.38007,0.42195,0.47603
337.8,0.52,,,0.201,0.24787,0.38005,0.42189,0.47598
338,0.52,,,0.20098,0.24784,0.38003,0.42183,0.47592
338.2,0.52,,,0.20096,0.24781,0.38001,0.42177,0.47586
338.4,0.52,,,0.20095,0.24779,0.37999,0.42171,0.47581
338.6,0.52,,,0.20093,0.24777,0.37997,0.42165,0.47575
338.8,0.52,,,0.20092,0.24774,0.37996,0.42159,0.4757
339,0.52,,,0.2009,0.24772,0.37994,0.42153,0.47565
339.2,0.52,,,0.20089,0.2477,0.37992,0.42147,0.47559
339.4,0.52,,,,0.24768,0.3799,0.42142,0.47554
339.6,0.52,,,,0.24765,0.37988,0.42136,0.47549
339.8,0.52,,,,0.24763,0.37987,0.42131,0.47544
340,0.52,,,,0.24761,0.37985,0.42126,0.47539
340.2,0.52,,,,0.24759,0.37984,0.42121,0.47534
340.4,0.52,,,,0.24758,0.37982,0.42116,0.47529
340.6,0.52,,,,0.24756,0.3798,0.42111,0.47524
340.8,0.52,,,,0.24754,0.37979,0.42106,0.47519
341,0.52,,,,0.24752,0.37977,0.42101,0.47514
341.2,0.52,,,,0.2475,0.37976,0.42096,0.4751
341.4,0.52,,,,0.24749,0.37975,0.42091,0.47505
341.6,0.52,,,,0.24747,0.37973,0.42087,0.47501
341.8,0.52,,,,0.24746,0.37972,0.42082,0.47496
342,0.52,,,,0.24744,0.3797,0.42078,0.47492
342.2,0.52,,,,0.24742,0.37969,0.42073,0.47487
342.4,0.52,,,,0.24741,0.37968,0.42069,0.47483
342.6,0.52,,,,0.2474,0.37967,0.42065,0.47479
342.8,0.52,,,,0.24738,0.37965,0.42061,0.47474
343,0.52,,,,,0.37964,0.42057,0.4747
343.2,0.52,,,,,0.37963,0.42053,0.47466
343.4,0.52,,,,,0.37962,0.42049,0.47462
343.6,0.52,,,,,0.37961,0.42045,0.47458
343.8,0.52,,,,,0.37959,0.42041,0.47454
344,0.52,,,,,0.37958,0.42038,0.4745
344.2,0.52,,,,,0.37957,0.42034,0.47446
344.4,0.52,,,,,0.37956,0.4203,0.47442
344.6,0.52,,,,,,0.42027,0.47438
344.8,0.52,,,,,,0.42023,0.47435
345,0.52,,,,,,0.4202,0.47431
345.2,0.52,,,,,,0.42016,0.47427
345.4,0.52,,,,,,0.42013,0.47424
345.6,0.52,,,,,,0.4201,0.4742
345.8,0.52,,,,,,0.42007,0.47417
346,0.52,,,,,,0.42004,0.47413
346.2,0.52,,,,,,0.42001,0.4741
346.4,0.52,,,,,,0.41998,0.47406
346.6,0.52,,,,,,0.41995,0.47403
346.8,0.52,,,,,,0.41992,0.474
347,0.52,,,,,,0.41989,0.47396
347.2,0.52,,,,,,0.41986,0.47393
347.4,0.52,,,,,,0.41983,0.4739
347.6,0.52,,,,,,0.4198,0.47387
347.8,0.52,,,,,,0.41978,0.47384
348,0.52,,,,,,0.41975,0.4738
348.2,0.52,,,,,,0.41973,0.47377
348.4,0.52,,,,,,0.4197,0.47374
348.6,0.52,,,,,,0.41968,0.47371
348.8,0.52,,,,,,0.41965,0.47368
349,0.52,,,,,,0.41963,0.47366
349.2,0.52,,,,,,0.4196,0.47363
349.4,0.52,,,,,,0.41958,0.4736
349.6,0.52,,,,,,0.41956,0.47357
349.8,0.52,,,,,,0.41953,0.47354
350,0.52,,,,,,0.41951,0.47352
350.2,0.52,,,,,,0.41949,0.47349
350.4,0.52,,,,,,0.41947,0.47346
350.6,0.52,,,,,,0.41945,0.47344
350.8,0.52,,,,,,0.41943,0.47341
351,0.52,,,,,,0.41941,0.47338
351.2,0.52,,,,,,0.41939,0.47336
351.4,0.52,,,,,,0.41937,0.47333
351.6,0.52,,,,,,0.41935,0.47331
351.8,0.52,,,,,,0.41933,0.47328
352,0.52,,,,,,0.41931,0.47326
352.2,0.52,,,,,,0.41929,0.47324
352.4,0.52,,,,,,0.41927,0.47321
352.6,0.52,,,,,,0.41926,0.47319
352.8,0.52,,,,,,0.41924,0.47317
353,0.52,,,,,,0.41922,0.47314
353.2,0.52,,,,,,0.41921,0.47312
353.4,0.52,,,,,,0.41919,0.4731
353.6,0.52,,,,,,0.41917,0.47308
353.8,0.52,,,,,,0.41916,0.47306
354,0.52,,,,,,0.41914,0.47303
354.2,0.52,,,,,,0.41913,0.47301
354.4,0.52,,,,,,0.41911,0.47299
354.6,0.52,,,,,,0.4191,0.47297
354.8,0.52,,,,,,0.41908,0.47295
355,0.52,,,,,,0.41907,0.47293
355.2,0.52,,,,,,0.41905,0.47291
355.4,0.52,,,,,,0.41904,0.47289
355.6,0.52,,,,,,0.41902,0.47287
355.8,0.52,,,,,,0.41901,0.47285
356,0.52,,,,,,0.419,0.47283
356.2,0.52,,,,,,0.41899,0.47282
356.4,0.52,,,,,,0.41897,0.4728
356.6,0.52,,,,,,0.41896,0.47278
356.8,0.52,,,,,,0.41895,0.47276
357,0.52,,,,,,0.41894,0.47274
357.2,0.52,,,,,,0.41892,0.47273
357.4,0.52,,,,,,0.41891,0.47271
357.6,0.52,,,,,,0.4189,0.47269
357.8,0.52,,,,,,0.41889,0.47267
358,0.52,,,,,,0.41888,0.47266
358.2,0.52,,,,,,0.41887,0.47264
358.4,0.52,,,,,,0.41886,0.47262
358.6,0.52,,,,,,0.41885,0.47261
358.8,0.52,,,,,,0.41884,0.47259
359,0.52,,,,,,0.41883,0.47258
359.2,0.52,,,,,,0.41882,0.47256
359.4,0.52,,,,,,0.41881,0.47255
359.6,0.52,,,,,,0.4188,0.47253
359.8,0.52,,,,,,0.41879,0.47252
360,0.52,,,,,,0.41878,0.4725
360.2,0.52,,,,,,0.41877,0.47249
360.4,0.52,,,,,,,0.47247
360.6,0.52,,,,,,,0.47246
360.8,0.52,,,,,,,0.47244
361,0.52,,,,,,,0.47243
361.2,0.52,,,,,,,0.47242
361.4,0.52,,,,,,,0.4724
361.6,0.52,,,,,,,0.47239
361.8,0.52,,,,,,,0.47238
362,0.52,,,,,,,0.47236
362.2,0.52,,,,,,,0.47235
362.4,0.52,,,,,,,0.47234
362.6,0.52,,,,,,,0.47232
362.8,0.52,,,,,,,0.47231
363,0.52,,,,,,,0.4723
363.2,0.52,,,,,,,0.47229
363.4,0.52,,,,,,,0.47228
363.6,0.52,,,,,,,0.47226
363.8,0.52,,,,,,,0.47225
364,0.52,,,,,,,0.47224
364.2,0.52,,,,,,,0.47223
364.4,0.52,,,,,,,0.47222
364.6,0.52,,,,,,,0.47221
364.8,0.52,,,,,,,0.4722
365,0.52,,,,,,,0.47218
365.2,0.52,,,,,,,0.47217
365.4,0.52,,,,,,,0.47216
365.6,0.52,,,,,,,0.47215
365.8,0.52,,,,,,,0.47214
366,0.52,,,,,,,0.47213
366.2,0.52,,,,,,,0.47212
366.4,0.52,,,,,,,0.47211
366.6,0.52,,,,,,,0.4721
366.8,0.52,,,,,,,0.47209
367,0.52,,,,,,,0.47208
367.2,0.52,,,,,,,0.47207
367.4,0.52,,,,,,,0.47206
367.6,0.52,,,,,,,0.47205
367.8,0.52,,,,,,,0.47205
368,0.52,,,,,,,0.47204
368.2,0.52,,,,,,,0.47203
368.4,0.52,,,,,,,0.47202
368.6,0.52,,,,,,,0.47201
368.8,0.52,,,,,,,0.472
369,0.52,,,,,,,0.47199
369.2,0.52,,,,,,,0.47198
369.4,0.52,,,,,,,0.47198
369.6,0.52,,,,,,,0.47197
369.8,0.52,,,,,,,0.47196
370,0.52,,,,,,,0.47195
370.2,0.52,,,,,,,0.47194
370.4,0.52,,,,,,,0.47194
370.6,0.52,,,,,,,0.47193
370.8,0.52,,,,,,,0.47192
371,0.52,,,,,,,0.47191
371.2,0.52,,,,,,,0.47191
371.4,0.52,,,,,,,0.4719
371.6,0.52,,,,,,,0.47189
371.8,0.52,,,,,,,0.47188
372,0.52,,,,,,,
372.2,0.52,,,,,,,
372.4,0.52,,,,,,,
372.6,0.52,,,,,,,
372.8,0.52,,,,,,,
373,0.52,,,,,,,
373.2,0.52,,,,,,,
373.4,0.52,,,,,,,
373.6,0.52,,,,,,,
373.8,0.52,,,,,,,
374,0.52,,,,,,,
374.2,0.52,,,,,,,
374.4,0.52
374.6,0.52
374.8,0.52
375,0.52
375.2,0.52
375.4,0.52
375.6,0.52
375.8,0.52
376,0.52
376.2,0.52
376.4,0.52
376.6,0.52
376.8,0.52
377,0.52
377.2,0.52
377.4,0.52
377.6,0.52
377.8,0.52
378,0.52
378.2,0.52
378.4,0.52
378.6,0.52
378.8,0.52
379,0.52
379.2,0.52
379.4,0.52
379.6,0.52
379.8,0.52
380,0.52
380.2,0.52
380.4,0.52
380.6,0.52
380.8,0.52
381,0.52
381.2,0.52
381.4,0.52
381.6,0.52
381.8,0.52
382,0.52
382.2,0.52
382.4,0.52
382.6,0.52
382.8,0.52
383,0.52
383.2,0.52
383.4,0.52
383.6,0.52
383.8,0.52
384,0.52
384.2,0.52
384.4,0.52
384.6,0.52
384.8,0.52
385,0.52
385.2,0.52
385.4,0.52
385.6,0.52
385.8,0.52
386,0.52
386.2,0.52
386.4,0.52
386.6,0.52
386.8,0.52
387,0.52
387.2,0.52
387.4,0.52
387.6,0.52
387.8,0.52
388,0.52
388.2,0.52
388.4,0.52
388.6,0.52
388.8,0.52
389,0.52
389.2,0.52
389.4,0.52
389.6,0.52
389.8,0.52
390,0.52
390.2,0.52
390.4,0.52
390.6,0.52
390.8,0.52
391,0.52
391.2,0.52
391.4,0.52
391.6,0.52
391.8,0.52
392,0.52
392.2,0.52
392.4,0.52
392.6,0.52
392.8,0.52
393,0.52
393.2,0.52
393.4,0.52
393.6,0.52
393.8,0.52
394,0.52
394.2,0.52
394.4,0.52
394.6,0.52
394.8,0.52
395,0.52
395.2,0.52
395.4,0.52
395.6,0.52
395.8,0.52
396,0.52
396.2,0.52
396.4,0.52
396.6,0.52
396.8,0.52
397,0.52
397.2,0.52
397.4,0.52
397.6,0.52
397.8,0.52
398,0.52
398.2,0.52
398.4,0.52
398.6,0.52
398.8,0.52
399,0.52
399.2,0.52
399.4,0.52
399.6,0.52
399.8,0.52
400,0.52
400.2,0.52
400.4,0.52
400.6,0.52
400.8,0.52
401,0.52
401.2,0.52
401.4,0.52
401.6,0.52
401.8,0.52
402,0.52
402.2,0.52
402.4,0.52
402.6,0.52
402.8,0.52
403,0.52
403.2,0.52
403.4,0.52
403.6,0.52
403.8,0.52
404,0.52
404.2,0.52
404.4,0.52
404.6,0.52
404.8,0.52
405,0.52
405.2,0.52
405.4,0.52
405.6,0.52
405.8,0.52
406,0.52
406.2,0.52
406.4,0.52
406.6,0.52
406.8,0.52
407,0.52
407.2,0.52
407.4,0.52
407.6,0.52
407.8,0.52
408,0.52
408.2,0.52
408.4,0.52
408.6,0.52
408.8,0.52
409,0.52
409.2,0.52
409.4,0.52
409.6,0.52
409.8,0.52
410,0.52
410.2,0.52
410.4,0.52
410.6,0.52
410.8,0.52
411,0.52
411.2,0.52
411.4,0.52
411.6,0.52
411.8,0.52
412,0.52
412.2,0.52
412.4,0.52
412.6,0.52
412.8,0.52
413,0.52
413.2,0.52
413.4,0.52
413.6,0.52
413.8,0.52
414,0.52
414.2,0.52
414.4,0.52
414.6,0.52
414.8,0.52
415,0.52
415.2,0.52
415.4,0.52
415.6,0.52
415.8,0.52
416,0.52
