0,-3.6801e-017
1,-1.9985e-011
2,-1.2192e-010
3,-4.1595e-010
4,-1.0714e-009
5,-2.3334e-009
6,-4.5478e-009
7,-8.1948e-009
8,-1.3937e-008
9,-2.2685e-008
10,-3.5687e-008
11,-5.4654e-008
12,-8.1926e-008
13,-1.2071e-007
14,-1.7537e-007
15,-2.5178e-007
16,-3.5631e-007
17,-4.9591e-007
18,-6.7794e-007
19,-9.1009e-007
20,-1.2002e-006
21,-1.5561e-006
22,-1.9856e-006
23,-2.4962e-006
24,-3.0949e-006
25,-3.7884e-006
26,-4.5827e-006
27,-5.4829e-006
28,-6.4934e-006
29,-7.6176e-006
30,-8.8581e-006
31,-1.0216e-005
32,-1.1692e-005
33,-1.3286e-005
34,-1.4995e-005
35,-1.6817e-005
36,-1.8748e-005
37,-2.0784e-005
38,-2.2919e-005
39,-2.5147e-005
40,-2.7461e-005
41,-2.9855e-005
42,-3.2321e-005
43,-3.485e-005
44,-3.7437e-005
45,-4.0075e-005
46,-4.2764e-005
47,-4.5503e-005
48,-4.8297e-005
49,-5.1152e-005
50,-5.4078e-005
51,-5.7091e-005
52,-6.0211e-005
53,-6.3461e-005
54,-6.6861e-005
55,-7.0436e-005
56,-7.4207e-005
57,-7.8198e-005
58,-8.243e-005
59,-8.6923e-005
60,-9.1695e-005
61,-9.6763e-005
62,-0.00010214
63,-0.00010784
64,-0.00011388
65,-0.00012024
66,-0.00012695
67,-0.000134
68,-0.00014139
69,-0.0001491
70,-0.00015713
71,-0.00016547
72,-0.0001741
73,-0.00018301
74,-0.00019217
75,-0.00020157
76,-0.00021117
77,-0.00022097
78,-0.00023094
79,-0.00024105
80,-0.0002513
81,-0.00026166
82,-0.00027215
83,-0.00028276
84,-0.00029351
85,-0.00030441
86,-0.00031551
87,-0.00032683
88,-0.00033843
89,-0.00035035
90,-0.00036263
91,-0.00037531
92,-0.00038844
93,-0.00040206
94,-0.0004162
95,-0.00043089
96,-0.00044617
97,-0.00046205
98,-0.00047855
99,-0.00049568
100,-0.00051345
101,-0.00053185
102,-0.00055087
103,-0.00057051
104,-0.00059073
105,-0.00061151
106,-0.00063282
107,-0.00065463
108,-0.00067689
109,-0.00069957
110,-0.00072262
111,-0.00074599
112,-0.00076965
113,-0.00079356
114,-0.0008177
115,-0.00084207
116,-0.00086669
117,-0.00089158
118,-0.00091676
119,-0.0009423
120,-0.00096828
121,-0.00099478
122,-0.0010219
123,-0.0010496
124,-0.0010782
125,-0.0011075
126,-0.0011378
127,-0.001169
128,-0.0012013
129,-0.0012346
130,-0.001269
131,-0.0013045
132,-0.0013412
133,-0.001379
134,-0.0014179
135,-0.0014579
136,-0.001499
137,-0.0015411
138,-0.0015841
139,-0.0016281
140,-0.0016728
141,-0.0017184
142,-0.0017646
143,-0.0018114
144,-0.0018588
145,-0.0019067
146,-0.0019551
147,-0.0020041
148,-0.0020537
149,-0.002104
150,-0.0021552
151,-0.0022075
152,-0.0022611
153,-0.0023162
154,-0.002373
155,-0.0024317
156,-0.0024925
157,-0.0025556
158,-0.0026211
159,-0.0026892
160,-0.0027601
161,-0.0028336
162,-0.0029101
163,-0.0029893
164,-0.0030714
165,-0.0031563
166,-0.003244
167,-0.0033342
168,-0.0034269
169,-0.003522
170,-0.0036192
171,-0.0037184
172,-0.0038193
173,-0.0039218
174,-0.0040256
175,-0.0041306
176,-0.0042367
177,-0.0043439
178,-0.0044521
179,-0.0045616
180,-0.0046724
181,-0.0047848
182,-0.004899
183,-0.0050155
184,-0.0051344
185,-0.0052562
186,-0.005381
187,-0.0055092
188,-0.005641
189,-0.0057765
190,-0.0059159
191,-0.0060594
192,-0.0062069
193,-0.0063584
194,-0.0065139
195,-0.0066732
196,-0.0068363
197,-0.0070029
198,-0.0071727
199,-0.0073456
200,-0.0075212
201,-0.0076991
202,-0.0078792
203,-0.0080609
204,-0.0082441
205,-0.0084285
206,-0.0086139
207,-0.0088002
208,-0.0089874
209,-0.0091755
210,-0.0093644
211,-0.0095544
212,-0.0097454
213,-0.0099378
214,-0.010132
215,-0.010328
216,-0.010526
217,-0.010727
218,-0.01093
219,-0.011136
220,-0.011346
221,-0.011558
222,-0.011774
223,-0.011994
224,-0.012217
225,-0.012443
226,-0.012673
227,-0.012906
228,-0.013142
229,-0.01338
230,-0.013622
231,-0.013865
232,-0.01411
233,-0.014357
234,-0.014606
235,-0.014856
236,-0.015107
237,-0.015359
238,-0.015612
239,-0.015867
240,-0.016123
241,-0.016381
242,-0.016642
243,-0.016905
244,-0.01717
245,-0.017439
246,-0.017711
247,-0.017987
248,-0.018267
249,-0.01855
250,-0.018838
251,-0.019129
252,-0.019425
253,-0.019724
254,-0.020027
255,-0.020333
256,-0.020641
257,-0.020953
258,-0.021267
259,-0.021583
260,-0.0219
261,-0.022219
262,-0.02254
263,-0.022861
264,-0.023184
265,-0.023509
266,-0.023835
267,-0.024163
268,-0.024493
269,-0.024826
270,-0.025162
271,-0.0255
272,-0.025842
273,-0.026188
274,-0.026537
275,-0.026889
276,-0.027246
277,-0.027605
278,-0.027969
279,-0.028335
280,-0.028704
281,-0.029076
282,-0.02945
283,-0.029826
284,-0.030204
285,-0.030584
286,-0.030965
287,-0.031347
288,-0.031731
289,-0.032116
290,-0.032504
291,-0.032893
292,-0.033285
293,-0.03368
294,-0.034079
295,-0.034481
296,-0.034889
297,-0.035301
298,-0.035719
299,-0.036142
300,-0.036571
301,-0.037005
302,-0.037444
303,-0.037889
304,-0.038339
305,-0.038793
306,-0.039251
307,-0.039713
308,-0.040177
309,-0.040644
310,-0.041113
311,-0.041585
312,-0.042058
313,-0.042533
314,-0.04301
315,-0.043489
316,-0.04397
317,-0.044455
318,-0.044943
319,-0.045435
320,-0.045932
321,-0.046434
322,-0.046942
323,-0.047457
324,-0.047979
325,-0.048508
326,-0.049043
327,-0.049586
328,-0.050135
329,-0.050691
330,-0.051252
331,-0.051818
332,-0.052389
333,-0.052963
334,-0.05354
335,-0.05412
336,-0.054702
337,-0.055287
338,-0.055873
339,-0.056462
340,-0.057052
341,-0.057645
342,-0.058241
343,-0.058839
344,-0.059441
345,-0.060048
346,-0.060658
347,-0.061274
348,-0.061894
349,-0.06252
350,-0.063151
351,-0.063787
352,-0.064428
353,-0.065073
354,-0.065722
355,-0.066374
356,-0.067018
357,-0.067654
358,-0.068281
359,-0.068898
360,-0.069507
361,-0.070106
362,-0.070696
363,-0.071276
364,-0.071848
365,-0.07241
366,-0.072964
367,-0.07351
368,-0.074048
369,-0.074579
370,-0.075103
371,-0.075621
372,-0.076133
373,-0.076639
374,-0.077139
375,-0.077632
376,-0.078119
377,-0.078599
378,-0.079072
379,-0.079536
380,-0.079992
381,-0.08044
382,-0.080878
383,-0.081307
384,-0.081728
385,-0.082139
386,-0.082541
387,-0.082935
388,-0.08332
389,-0.083697
390,-0.084066
391,-0.084428
392,-0.084783
393,-0.085133
394,-0.085477
395,-0.085816
396,-0.086149
397,-0.086477
398,-0.086799
399,-0.087115
400,-0.087425
401,-0.087727
402,-0.088022
403,-0.088308
404,-0.088587
405,-0.088857
406,-0.089119
407,-0.089372
408,-0.089618
409,-0.089856
410,-0.090086
411,-0.09031
412,-0.090528
413,-0.090741
414,-0.090949
415,-0.091155
416,-0.091358
417,-0.091558
418,-0.091757
419,-0.091952
420,-0.092145
421,-0.092334
422,-0.092518
423,-0.092697
424,-0.09287
425,-0.093035
426,-0.093194
427,-0.093345
428,-0.093488
429,-0.093624
430,-0.093753
431,-0.093874
432,-0.093988
433,-0.094095
434,-0.094198
435,-0.094295
436,-0.094389
437,-0.094479
438,-0.094567
439,-0.094652
440,-0.094734
441,-0.094813
442,-0.094888
443,-0.094959
444,-0.095025
445,-0.095085
446,-0.095138
447,-0.095184
448,-0.095222
449,-0.095254
450,-0.095279
451,-0.095296
452,-0.095307
453,-0.095311
454,-0.095311
455,-0.095305
456,-0.095296
457,-0.095285
458,-0.095272
459,-0.095257
460,-0.095242
461,-0.095225
462,-0.095207
463,-0.095186
464,-0.095162
465,-0.095133
466,-0.095098
467,-0.095057
468,-0.09501
469,-0.094955
470,-0.094893
471,-0.094824
472,-0.094747
473,-0.094663
474,-0.094572
475,-0.094475
476,-0.094372
477,-0.094263
478,-0.094149
479,-0.094032
480,-0.09391
481,-0.093784
482,-0.093654
483,-0.093519
484,-0.093378
485,-0.093231
486,-0.093077
487,-0.092915
488,-0.092745
489,-0.092568
490,-0.092382
491,-0.092188
492,-0.091986
493,-0.091776
494,-0.091557
495,-0.091332
496,-0.0911
497,-0.090861
498,-0.090617
499,-0.090368
500,-0.090115
501,-0.089857
502,-0.089596
503,-0.089331
504,-0.089061
505,-0.088786
506,-0.088504
507,-0.088216
508,-0.087921
509,-0.087618
510,-0.087308
511,-0.08699
512,-0.086664
513,-0.08633
514,-0.085989
515,-0.08564
516,-0.085284
517,-0.084923
518,-0.084555
519,-0.084184
520,-0.083808
521,-0.083429
522,-0.083048
523,-0.082663
524,-0.082276
525,-0.081884
526,-0.081489
527,-0.081087
528,-0.08068
529,-0.080266
530,-0.079844
531,-0.079415
532,-0.078978
533,-0.078534
534,-0.078082
535,-0.077622
536,-0.077155
537,-0.076681
538,-0.0762
539,-0.075713
540,-0.075221
541,-0.074726
542,-0.074227
543,-0.073726
544,-0.073222
545,-0.072716
546,-0.072208
547,-0.071697
548,-0.071182
549,-0.070672
550,-0.070168
551,-0.069668
552,-0.069173
553,-0.06868
554,-0.068192
555,-0.067706
556,-0.067224
557,-0.066745
558,-0.066269
559,-0.065797
560,-0.06533
561,-0.064867
562,-0.064409
563,-0.063958
564,-0.063513
565,-0.063077
566,-0.062647
567,-0.062226
568,-0.061812
569,-0.061404
570,-0.061002
571,-0.060606
572,-0.060213
573,-0.059823
574,-0.059437
575,-0.059053
576,-0.058671
577,-0.058291
578,-0.057914
579,-0.057538
580,-0.057165
581,-0.056793
582,-0.056424
583,-0.056057
584,-0.055693
585,-0.055332
586,-0.054975
587,-0.054622
588,-0.054272
589,-0.053926
590,-0.053583
591,-0.053244
592,-0.052907
593,-0.052573
594,-0.052241
595,-0.05191
596,-0.05158
597,-0.051251
598,-0.050922
599,-0.050594
600,-0.050267
601,-0.04994
602,-0.049614
603,-0.04929
604,-0.048968
605,-0.048648
606,-0.048331
607,-0.048017
608,-0.047707
609,-0.047401
610,-0.047098
611,-0.0468
612,-0.046505
613,-0.046213
614,-0.045924
615,-0.045638
616,-0.045355
617,-0.045075
618,-0.044797
619,-0.044523
620,-0.044252
621,-0.043984
622,-0.043721
623,-0.043462
624,-0.043207
625,-0.042956
626,-0.042708
627,-0.042464
628,-0.042222
629,-0.041983
630,-0.041745
631,-0.041509
632,-0.041274
633,-0.04104
634,-0.040808
635,-0.040576
636,-0.040345
637,-0.040116
638,-0.039889
639,-0.039665
640,-0.039444
641,-0.039226
642,-0.039012
643,-0.038803
644,-0.038597
645,-0.038396
646,-0.038199
647,-0.038005
648,-0.037815
649,-0.037627
650,-0.037442
651,-0.03726
652,-0.03708
653,-0.036902
654,-0.036726
655,-0.036553
656,-0.036383
657,-0.036215
658,-0.03605
659,-0.035888
660,-0.035728
661,-0.035571
662,-0.035416
663,-0.035262
664,-0.03511
665,-0.03496
666,-0.034811
667,-0.034663
668,-0.034517
669,-0.034372
670,-0.034229
671,-0.034088
672,-0.033949
673,-0.033812
674,-0.033678
675,-0.033546
676,-0.033418
677,-0.033293
678,-0.033171
679,-0.033051
680,-0.032934
681,-0.03282
682,-0.032707
683,-0.032596
684,-0.032487
685,-0.032379
686,-0.032273
687,-0.032169
688,-0.032067
689,-0.031966
690,-0.031868
691,-0.031772
692,-0.031678
693,-0.031586
694,-0.031496
695,-0.031408
696,-0.031323
697,-0.031239
698,-0.031157
699,-0.031077
700,-0.030999
701,-0.030923
702,-0.030849
703,-0.030777
704,-0.030708
705,-0.030641
706,-0.030576
707,-0.030514
708,-0.030454
709,-0.030397
710,-0.030343
711,-0.030291
712,-0.03024
713,-0.030192
714,-0.030145
715,-0.030101
716,-0.030058
717,-0.030017
718,-0.029978
719,-0.029941
720,-0.029908
721,-0.029877
722,-0.02985
723,-0.029826
724,-0.029806
725,-0.02979
726,-0.029778
727,-0.02977
728,-0.029766
729,-0.029766
730,-0.02977
731,-0.029779
732,-0.029791
733,-0.029808
734,-0.029828
735,-0.029854
736,-0.029883
737,-0.029917
738,-0.029956
739,-0.029998
740,-0.030045
741,-0.030095
742,-0.030149
743,-0.030206
744,-0.030265
745,-0.030327
746,-0.030391
747,-0.030457
748,-0.030526
749,-0.030598
750,-0.030672
751,-0.030751
752,-0.030832
753,-0.030919
754,-0.031009
755,-0.031105
756,-0.031205
757,-0.031311
758,-0.031422
759,-0.031538
760,-0.03166
761,-0.031788
762,-0.031921
763,-0.032059
764,-0.032204
765,-0.032354
766,-0.032509
767,-0.032669
768,-0.032834
769,-0.033004
770,-0.033178
771,-0.033356
772,-0.033536
773,-0.033719
774,-0.033905
775,-0.034092
776,-0.034281
777,-0.034472
778,-0.034664
779,-0.034857
780,-0.035052
781,-0.035249
782,-0.035448
783,-0.035649
784,-0.035854
785,-0.036061
786,-0.036271
787,-0.036486
788,-0.036704
789,-0.036927
790,-0.037155
791,-0.037387
792,-0.037624
793,-0.037866
794,-0.038112
795,-0.038363
796,-0.038619
797,-0.038879
798,-0.039144
799,-0.039412
800,-0.039683
801,-0.039957
802,-0.040233
803,-0.040512
804,-0.040792
805,-0.041075
806,-0.041359
807,-0.041645
808,-0.041933
809,-0.042223
810,-0.042516
811,-0.042811
812,-0.043111
813,-0.043414
814,-0.043722
815,-0.044034
816,-0.044352
817,-0.044675
818,-0.045004
819,-0.045338
820,-0.045678
821,-0.046023
822,-0.046374
823,-0.04673
824,-0.047091
825,-0.047455
826,-0.047824
827,-0.048196
828,-0.04857
829,-0.048947
830,-0.049327
831,-0.049708
832,-0.050091
833,-0.050476
834,-0.050862
835,-0.051252
836,-0.051643
837,-0.052038
838,-0.052436
839,-0.052838
840,-0.053245
841,-0.053655
842,-0.054071
843,-0.054491
844,-0.054916
845,-0.055346
846,-0.05578
847,-0.056219
848,-0.056662
849,-0.057108
850,-0.057558
851,-0.058011
852,-0.058466
853,-0.058924
854,-0.059383
855,-0.059844
856,-0.060306
857,-0.06077
858,-0.061236
859,-0.061704
860,-0.062173
861,-0.062646
862,-0.063121
863,-0.063599
864,-0.064081
865,-0.064568
866,-0.065058
867,-0.065554
868,-0.066054
869,-0.066558
870,-0.067068
871,-0.067582
872,-0.0681
873,-0.068622
874,-0.069147
875,-0.069675
876,-0.070206
877,-0.070739
878,-0.071274
879,-0.071811
880,-0.072349
881,-0.072889
882,-0.073431
883,-0.073974
884,-0.07452
885,-0.075068
886,-0.075618
887,-0.076172
888,-0.076731
889,-0.077293
890,-0.077861
891,-0.078434
892,-0.079013
893,-0.079597
894,-0.080187
895,-0.080782
896,-0.081383
897,-0.081988
898,-0.082598
899,-0.083212
900,-0.083829
901,-0.084448
902,-0.08507
903,-0.085694
904,-0.086321
905,-0.08695
906,-0.08758
907,-0.088213
908,-0.088849
909,-0.089488
910,-0.09013
911,-0.090777
912,-0.091428
913,-0.092085
914,-0.092748
915,-0.093417
916,-0.094093
917,-0.094775
918,-0.095464
919,-0.096158
920,-0.096858
921,-0.097563
922,-0.098273
923,-0.098975
924,-0.099669
925,-0.10036
926,-0.10103
927,-0.1017
928,-0.10236
929,-0.10301
930,-0.10366
931,-0.10429
932,-0.10492
933,-0.10553
934,-0.10615
935,-0.10675
936,-0.10735
937,-0.10794
938,-0.10853
939,-0.10912
940,-0.1097
941,-0.11028
942,-0.11085
943,-0.11142
944,-0.11198
945,-0.11253
946,-0.11308
947,-0.11362
948,-0.11416
949,-0.11468
950,-0.1152
951,-0.11571
952,-0.11621
953,-0.1167
954,-0.11718
955,-0.11766
956,-0.11813
957,-0.11859
958,-0.11904
959,-0.11949
960,-0.11993
961,-0.12037
962,-0.12081
963,-0.12124
964,-0.12166
965,-0.12208
966,-0.1225
967,-0.12291
968,-0.12331
969,-0.12371
970,-0.12409
971,-0.12447
972,-0.12484
973,-0.1252
974,-0.12556
975,-0.1259
976,-0.12624
977,-0.12657
978,-0.12689
979,-0.1272
980,-0.12751
981,-0.12781
982,-0.12811
983,-0.1284
984,-0.12869
985,-0.12897
986,-0.12924
987,-0.12952
988,-0.12978
989,-0.13004
990,-0.13029
991,-0.13053
992,-0.13077
993,-0.131
994,-0.13121
995,-0.13143
996,-0.13163
997,-0.13182
998,-0.13201
999,-0.13219
1000,-0.13237
1001,-0.13254
1002,-0.1327
1003,-0.13287
1004,-0.13303
1005,-0.13318
1006,-0.13333
1007,-0.13348
1008,-0.13363
1009,-0.13377
1010,-0.1339
1011,-0.13403
1012,-0.13415
1013,-0.13426
1014,-0.13437
1015,-0.13446
1016,-0.13455
1017,-0.13463
1018,-0.13471
1019,-0.13477
1020,-0.13483
1021,-0.13488
1022,-0.13493
1023,-0.13497
1024,-0.13501
1025,-0.13504
1026,-0.13506
1027,-0.13509
1028,-0.1351
1029,-0.13511
1030,-0.13512
1031,-0.13511
1032,-0.1351
1033,-0.13508
1034,-0.13505
1035,-0.13502
1036,-0.13498
1037,-0.13493
1038,-0.13487
1039,-0.1348
1040,-0.13473
1041,-0.13465
1042,-0.13456
1043,-0.13447
1044,-0.13437
1045,-0.13427
1046,-0.13417
1047,-0.13406
1048,-0.13394
1049,-0.13382
1050,-0.1337
1051,-0.13356
1052,-0.13342
1053,-0.13328
1054,-0.13312
1055,-0.13295
1056,-0.13278
1057,-0.1326
1058,-0.13241
1059,-0.13221
1060,-0.13201
1061,-0.1318
1062,-0.13158
1063,-0.13136
1064,-0.13114
1065,-0.13091
1066,-0.13067
1067,-0.13044
1068,-0.1302
1069,-0.12995
1070,-0.12971
1071,-0.12945
1072,-0.12919
1073,-0.12892
1074,-0.12865
1075,-0.12836
1076,-0.12807
1077,-0.12777
1078,-0.12747
1079,-0.12716
1080,-0.12684
1081,-0.12651
1082,-0.12618
1083,-0.12584
1084,-0.12549
1085,-0.12515
1086,-0.1248
1087,-0.12445
1088,-0.12409
1089,-0.12373
1090,-0.12337
1091,-0.12301
1092,-0.12264
1093,-0.12226
1094,-0.12188
1095,-0.12148
1096,-0.12109
1097,-0.12068
1098,-0.12026
1099,-0.11984
1100,-0.11941
1101,-0.11898
1102,-0.11853
1103,-0.11808
1104,-0.11762
1105,-0.11716
1106,-0.11669
1107,-0.11622
1108,-0.11575
1109,-0.11527
1110,-0.1148
1111,-0.11431
1112,-0.11383
1113,-0.11334
1114,-0.11286
1115,-0.11238
1116,-0.1119
1117,-0.11143
1118,-0.11096
1119,-0.1105
1120,-0.11003
1121,-0.10958
1122,-0.10912
1123,-0.10867
1124,-0.10821
1125,-0.10777
1126,-0.10732
1127,-0.10689
1128,-0.10645
1129,-0.10603
1130,-0.1056
1131,-0.10519
1132,-0.10478
1133,-0.10438
1134,-0.10398
1135,-0.10358
1136,-0.10319
1137,-0.10281
1138,-0.10242
1139,-0.10204
1140,-0.10166
1141,-0.10128
1142,-0.1009
1143,-0.10053
1144,-0.10015
1145,-0.099777
1146,-0.099404
1147,-0.099032
1148,-0.098662
1149,-0.098293
1150,-0.097926
1151,-0.09756
1152,-0.097197
1153,-0.096836
1154,-0.096478
1155,-0.096123
1156,-0.09577
1157,-0.095421
1158,-0.095073
1159,-0.094728
1160,-0.094385
1161,-0.094044
1162,-0.093704
1163,-0.093365
1164,-0.093027
1165,-0.09269
1166,-0.092354
1167,-0.092018
1168,-0.091684
1169,-0.09135
1170,-0.091018
1171,-0.090688
1172,-0.090359
1173,-0.090033
1174,-0.08971
1175,-0.089389
1176,-0.089071
1177,-0.088756
1178,-0.088443
1179,-0.088134
1180,-0.087827
1181,-0.087522
1182,-0.087219
1183,-0.086919
1184,-0.08662
1185,-0.086324
1186,-0.08603
1187,-0.085739
1188,-0.085451
1189,-0.085165
1190,-0.084883
1191,-0.084605
1192,-0.084329
1193,-0.084057
1194,-0.083788
1195,-0.083521
1196,-0.083256
1197,-0.082993
1198,-0.082732
1199,-0.082473
1200,-0.082215
1201,-0.081959
1202,-0.081704
1203,-0.08145
1204,-0.081199
1205,-0.08095
1206,-0.080703
1207,-0.08046
1208,-0.080219
1209,-0.079982
1210,-0.079748
1211,-0.079517
1212,-0.079291
1213,-0.079067
1214,-0.078846
1215,-0.078628
1216,-0.078411
1217,-0.078197
1218,-0.077985
1219,-0.077775
1220,-0.077566
1221,-0.07736
1222,-0.077155
1223,-0.076952
1224,-0.076751
1225,-0.076553
1226,-0.076357
1227,-0.076164
1228,-0.075972
1229,-0.075783
1230,-0.075595
1231,-0.07541
1232,-0.075226
1233,-0.075044
1234,-0.074863
1235,-0.074685
1236,-0.074508
1237,-0.074333
1238,-0.074161
1239,-0.073991
1240,-0.073823
1241,-0.073658
1242,-0.073495
1243,-0.073335
1244,-0.073178
1245,-0.073023
1246,-0.07287
1247,-0.07272
1248,-0.072571
1249,-0.072424
1250,-0.072278
1251,-0.072134
1252,-0.071991
1253,-0.071849
1254,-0.071708
1255,-0.071569
1256,-0.071432
1257,-0.071297
1258,-0.071163
1259,-0.071031
1260,-0.070902
1261,-0.070774
1262,-0.070649
1263,-0.070526
1264,-0.070405
1265,-0.070286
1266,-0.070169
1267,-0.070055
1268,-0.069943
1269,-0.069834
1270,-0.069727
1271,-0.069622
1272,-0.06952
1273,-0.069421
1274,-0.069324
1275,-0.069229
1276,-0.069137
1277,-0.069047
1278,-0.068958
1279,-0.068872
1280,-0.068787
1281,-0.068703
1282,-0.068621
1283,-0.068541
1284,-0.068462
1285,-0.068385
1286,-0.06831
1287,-0.068237
1288,-0.068167
1289,-0.0681
1290,-0.068037
1291,-0.067977
1292,-0.067921
1293,-0.067869
1294,-0.067821
1295,-0.067778
1296,-0.067739
1297,-0.067704
1298,-0.067675
1299,-0.067649
1300,-0.067629
1301,-0.067613
1302,-0.067602
1303,-0.067596
1304,-0.067593
1305,-0.067595
1306,-0.067602
1307,-0.067611
1308,-0.067624
1309,-0.06764
1310,-0.067659
1311,-0.06768
1312,-0.067703
1313,-0.067728
1314,-0.067756
1315,-0.067785
1316,-0.067817
1317,-0.067851
1318,-0.067889
1319,-0.06793
1320,-0.067975
1321,-0.068025
1322,-0.068079
1323,-0.068139
1324,-0.068203
1325,-0.068274
1326,-0.06835
1327,-0.068431
1328,-0.068519
1329,-0.068613
1330,-0.068712
1331,-0.068817
1332,-0.068928
1333,-0.069044
1334,-0.069165
1335,-0.069291
1336,-0.069421
1337,-0.069554
1338,-0.069691
1339,-0.069831
1340,-0.069973
1341,-0.070117
1342,-0.070263
1343,-0.07041
1344,-0.070559
1345,-0.070709
1346,-0.07086
1347,-0.071013
1348,-0.071167
1349,-0.071323
1350,-0.071482
1351,-0.071643
1352,-0.071807
1353,-0.071975
1354,-0.072146
1355,-0.072321
1356,-0.072501
1357,-0.072685
1358,-0.072873
1359,-0.073066
1360,-0.073264
1361,-0.073467
1362,-0.073673
1363,-0.073885
1364,-0.0741
1365,-0.074319
1366,-0.074542
1367,-0.074768
1368,-0.074996
1369,-0.075226
1370,-0.075459
1371,-0.075693
1372,-0.075929
1373,-0.076167
1374,-0.076406
1375,-0.076647
1376,-0.07689
1377,-0.077136
1378,-0.077384
1379,-0.077636
1380,-0.077891
1381,-0.07815
1382,-0.078414
1383,-0.078682
1384,-0.078956
1385,-0.079234
1386,-0.079518
1387,-0.079807
1388,-0.080101
1389,-0.080399
1390,-0.080703
1391,-0.08101
1392,-0.081321
1393,-0.081636
1394,-0.081954
1395,-0.082274
1396,-0.082596
1397,-0.082921
1398,-0.083247
1399,-0.083574
1400,-0.083904
1401,-0.084235
1402,-0.084569
1403,-0.084905
1404,-0.085243
1405,-0.085585
1406,-0.08593
1407,-0.086279
1408,-0.086633
1409,-0.08699
1410,-0.087353
1411,-0.08772
1412,-0.088091
1413,-0.088467
1414,-0.088847
1415,-0.08923
1416,-0.089618
1417,-0.090009
1418,-0.090403
1419,-0.090799
1420,-0.091197
1421,-0.091597
1422,-0.092
1423,-0.092403
1424,-0.092809
1425,-0.093217
1426,-0.093627
1427,-0.09404
1428,-0.094455
1429,-0.094875
1430,-0.095299
1431,-0.095728
1432,-0.096163
1433,-0.096603
1434,-0.097051
1435,-0.097505
1436,-0.097965
1437,-0.098433
1438,-0.098907
1439,-0.099388
1440,-0.099874
1441,-0.10037
1442,-0.10086
1443,-0.10136
1444,-0.10187
1445,-0.10238
1446,-0.10289
1447,-0.1034
1448,-0.10391
1449,-0.10443
1450,-0.10495
1451,-0.10547
1452,-0.106
1453,-0.10653
1454,-0.10706
1455,-0.1076
1456,-0.10814
1457,-0.10869
1458,-0.10925
1459,-0.10982
1460,-0.11039
1461,-0.11097
1462,-0.11156
1463,-0.11216
1464,-0.11277
1465,-0.11338
1466,-0.11401
1467,-0.11463
1468,-0.11527
1469,-0.1159
1470,-0.11654
1471,-0.11719
1472,-0.11783
1473,-0.11848
1474,-0.11913
1475,-0.11979
1476,-0.12045
1477,-0.1211
1478,-0.12177
1479,-0.12243
1480,-0.1231
1481,-0.12378
1482,-0.12446
1483,-0.12515
1484,-0.12584
1485,-0.12654
1486,-0.12724
1487,-0.12795
1488,-0.12867
1489,-0.12939
1490,-0.13012
1491,-0.13085
1492,-0.13157
1493,-0.13228
1494,-0.13299
1495,-0.13369
1496,-0.13437
1497,-0.13505
1498,-0.13572
1499,-0.13639
1500,-0.13704
1501,-0.13768
1502,-0.13832
1503,-0.13895
1504,-0.13957
1505,-0.14018
1506,-0.14079
1507,-0.14139
1508,-0.14199
1509,-0.14258
1510,-0.14317
1511,-0.14375
1512,-0.14433
1513,-0.1449
1514,-0.14546
1515,-0.14601
1516,-0.14656
1517,-0.1471
1518,-0.14763
1519,-0.14815
1520,-0.14867
1521,-0.14917
1522,-0.14967
1523,-0.15015
1524,-0.15063
1525,-0.1511
1526,-0.15157
1527,-0.15202
1528,-0.15247
1529,-0.15292
1530,-0.15336
1531,-0.1538
1532,-0.15423
1533,-0.15466
1534,-0.15508
1535,-0.1555
1536,-0.15591
1537,-0.15632
1538,-0.15671
1539,-0.1571
1540,-0.15749
1541,-0.15786
1542,-0.15823
1543,-0.15859
1544,-0.15894
1545,-0.15928
1546,-0.15962
1547,-0.15995
1548,-0.16027
1549,-0.16059
1550,-0.16091
1551,-0.16123
1552,-0.16154
1553,-0.16185
1554,-0.16216
1555,-0.16247
1556,-0.16278
1557,-0.16309
1558,-0.16339
1559,-0.16368
1560,-0.16397
1561,-0.16426
1562,-0.16454
1563,-0.16481
1564,-0.16507
1565,-0.16532
1566,-0.16557
1567,-0.16581
1568,-0.16605
1569,-0.16628
1570,-0.1665
1571,-0.16672
1572,-0.16694
1573,-0.16715
1574,-0.16737
1575,-0.16758
1576,-0.16778
1577,-0.16799
1578,-0.16819
1579,-0.16839
1580,-0.16859
1581,-0.16877
1582,-0.16896
1583,-0.16913
1584,-0.1693
1585,-0.16946
1586,-0.16962
1587,-0.16977
1588,-0.16991
1589,-0.17004
1590,-0.17018
1591,-0.1703
1592,-0.17043
1593,-0.17055
1594,-0.17067
1595,-0.17079
1596,-0.17091
1597,-0.17103
1598,-0.17114
1599,-0.17126
1600,-0.17137
1601,-0.17148
1602,-0.17159
1603,-0.17168
1604,-0.17177
1605,-0.17186
1606,-0.17193
1607,-0.172
1608,-0.17207
1609,-0.17212
1610,-0.17217
1611,-0.17221
1612,-0.17225
1613,-0.17228
1614,-0.17231
1615,-0.17233
1616,-0.17235
1617,-0.17236
1618,-0.17237
1619,-0.17238
1620,-0.17238
1621,-0.17237
1622,-0.17236
1623,-0.17234
1624,-0.17231
1625,-0.17228
1626,-0.17223
1627,-0.17218
1628,-0.17212
1629,-0.17205
1630,-0.17198
1631,-0.17189
1632,-0.1718
1633,-0.1717
1634,-0.1716
1635,-0.17149
1636,-0.17138
1637,-0.17127
1638,-0.17115
1639,-0.17102
1640,-0.1709
1641,-0.17076
1642,-0.17062
1643,-0.17047
1644,-0.17032
1645,-0.17016
1646,-0.16999
1647,-0.16981
1648,-0.16963
1649,-0.16943
1650,-0.16923
1651,-0.16902
1652,-0.16881
1653,-0.16859
1654,-0.16836
1655,-0.16813
1656,-0.16789
1657,-0.16765
1658,-0.16741
1659,-0.16716
1660,-0.16691
1661,-0.16666
1662,-0.1664
1663,-0.16613
1664,-0.16586
1665,-0.16558
1666,-0.1653
1667,-0.16501
1668,-0.1647
1669,-0.16439
1670,-0.16408
1671,-0.16375
1672,-0.16342
1673,-0.16308
1674,-0.16273
1675,-0.16238
1676,-0.16202
1677,-0.16166
1678,-0.16129
1679,-0.16092
1680,-0.16054
1681,-0.16017
1682,-0.15979
1683,-0.1594
1684,-0.15901
1685,-0.15863
1686,-0.15825
1687,-0.15788
1688,-0.15751
1689,-0.15714
1690,-0.15677
1691,-0.15641
1692,-0.15605
1693,-0.1557
1694,-0.15534
1695,-0.155
1696,-0.15465
1697,-0.15431
1698,-0.15397
1699,-0.15364
1700,-0.15332
1701,-0.153
1702,-0.15269
1703,-0.15239
1704,-0.15209
1705,-0.1518
1706,-0.15152
1707,-0.15124
1708,-0.15096
1709,-0.15069
1710,-0.15042
1711,-0.15015
1712,-0.14989
1713,-0.14962
1714,-0.14936
1715,-0.14911
1716,-0.14885
1717,-0.1486
1718,-0.14834
1719,-0.1481
1720,-0.14785
1721,-0.14761
1722,-0.14737
1723,-0.14714
1724,-0.14691
1725,-0.14669
1726,-0.14647
1727,-0.14626
1728,-0.14605
1729,-0.14584
1730,-0.14563
1731,-0.14543
1732,-0.14523
1733,-0.14502
1734,-0.14482
1735,-0.14462
1736,-0.14442
1737,-0.14422
1738,-0.14401
1739,-0.14381
1740,-0.14362
1741,-0.14342
1742,-0.14323
1743,-0.14304
1744,-0.14285
1745,-0.14267
1746,-0.1425
1747,-0.14232
1748,-0.14216
1749,-0.14199
1750,-0.14183
1751,-0.14168
1752,-0.14153
1753,-0.14138
1754,-0.14123
1755,-0.14108
1756,-0.14094
1757,-0.1408
1758,-0.14067
1759,-0.14054
1760,-0.14041
1761,-0.14029
1762,-0.14017
1763,-0.14005
1764,-0.13993
1765,-0.13982
1766,-0.1397
1767,-0.13959
1768,-0.13948
1769,-0.13937
1770,-0.13925
1771,-0.13914
1772,-0.13903
1773,-0.13892
1774,-0.13881
1775,-0.1387
1776,-0.13859
1777,-0.13849
1778,-0.13839
1779,-0.13829
1780,-0.13819
1781,-0.1381
1782,-0.13801
1783,-0.13793
1784,-0.13784
1785,-0.13776
1786,-0.13769
1787,-0.13761
1788,-0.13754
1789,-0.13747
1790,-0.1374
1791,-0.13733
1792,-0.13726
1793,-0.1372
1794,-0.13713
1795,-0.13707
1796,-0.13701
1797,-0.13695
1798,-0.1369
1799,-0.13684
1800,-0.13678
1801,-0.13673
1802,-0.13667
1803,-0.13661
1804,-0.13656
1805,-0.1365
1806,-0.13645
1807,-0.13639
1808,-0.13634
1809,-0.13628
1810,-0.13623
1811,-0.13618
1812,-0.13613
1813,-0.13608
1814,-0.13604
1815,-0.13599
1816,-0.13595
1817,-0.13591
1818,-0.13587
1819,-0.13583
1820,-0.13579
1821,-0.13575
1822,-0.13571
1823,-0.13568
1824,-0.13564
1825,-0.13561
1826,-0.13558
1827,-0.13555
1828,-0.13551
1829,-0.13548
1830,-0.13545
1831,-0.13542
1832,-0.13539
1833,-0.13536
1834,-0.13533
1835,-0.13531
1836,-0.13528
1837,-0.13525
1838,-0.13522
1839,-0.13519
1840,-0.13516
1841,-0.13513
1842,-0.13511
1843,-0.13508
1844,-0.13505
1845,-0.13503
1846,-0.135
1847,-0.13498
1848,-0.13496
1849,-0.13493
1850,-0.13491
1851,-0.13489
1852,-0.13487
1853,-0.13485
1854,-0.13483
1855,-0.13481
1856,-0.13479
1857,-0.13478
1858,-0.13476
1859,-0.13474
1860,-0.13473
1861,-0.13471
1862,-0.1347
1863,-0.13468
1864,-0.13467
1865,-0.13466
1866,-0.13464
1867,-0.13463
1868,-0.13461
1869,-0.1346
1870,-0.13459
1871,-0.13457
1872,-0.13456
1873,-0.13455
1874,-0.13453
1875,-0.13452
1876,-0.13451
1877,-0.1345
1878,-0.13449
1879,-0.13448
1880,-0.13447
1881,-0.13446
1882,-0.13446
1883,-0.13445
1884,-0.13444
1885,-0.13443
1886,-0.13443
1887,-0.13442
1888,-0.13442
1889,-0.13441
1890,-0.13441
1891,-0.1344
1892,-0.1344
1893,-0.13439
1894,-0.13439
1895,-0.13438
1896,-0.13438
1897,-0.13437
1898,-0.13437
1899,-0.13436
1900,-0.13436
1901,-0.13436
1902,-0.13435
1903,-0.13435
1904,-0.13435
1905,-0.13434
1906,-0.13434
1907,-0.13434
1908,-0.13433
1909,-0.13433
1910,-0.13433
1911,-0.13433
1912,-0.13433
1913,-0.13433
1914,-0.13433
1915,-0.13433
1916,-0.13433
1917,-0.13432
1918,-0.13432
1919,-0.13432
1920,-0.13432
1921,-0.13432
1922,-0.13432
1923,-0.13432
1924,-0.13432
1925,-0.13432
1926,-0.13432
1927,-0.13432
1928,-0.13432
1929,-0.13432
1930,-0.13432
1931,-0.13432
1932,-0.13432
1933,-0.13432
1934,-0.13432
1935,-0.13432
1936,-0.13432
1937,-0.13432
1938,-0.13432
1939,-0.13432
1940,-0.13432
1941,-0.13432
1942,-0.13432
1943,-0.13432
1944,-0.13432
1945,-0.13432
1946,-0.13432
