0,0.7782
0.05,0.7782
0.1,0.7782
0.15,0.7782
0.2,0.7782
0.25,0.7782
0.3,0.7782
0.35,0.7782
0.4,0.7782
0.45,0.7782
0.5,0.7782
0.55,0.7782
0.6,0.7782
0.65,0.7782
0.7,0.7782
0.75,0.7782
0.8,0.7782
0.85,0.7782
0.9,0.7782
0.95,0.7782
1,0.7782
1.05,0.7782
1.1,0.7782
1.15,0.7782
1.2,0.7782
1.25,0.7782
1.3,0.7782
1.35,0.7782
1.4,0.7782
1.45,0.7782
1.5,0.7782
1.55,0.7782
1.6,0.7782
1.65,0.7782
1.7,0.7782
1.75,0.7782
1.8,0.7782
1.85,0.7782
1.9,0.7782
1.95,0.7782
2,0.7782
2.05,0.7782
2.1,0.7782
2.15,0.7782
2.2,0.7782
2.25,0.7782
2.3,0.7782
2.35,0.7782
2.4,0.7782
2.45,0.7782
2.5,0.7782
2.55,0.7782
2.6,0.7782
2.65,0.7782
2.7,0.7782
2.75,0.7782
2.8,0.7782
2.85,0.7782
2.9,0.7782
2.95,0.7782
3,0.7782
3.05,0.7782
3.1,0.7782
3.15,0.7782
3.2,0.7782
3.25,0.7782
3.3,0.7782
3.35,0.7782
3.4,0.7782
3.45,0.7782
3.5,0.7782
3.55,0.7782
3.6,0.7782
3.65,0.7782
3.7,0.7782
3.75,0.7782
3.8,0.7782
3.85,0.7782
3.9,0.7782
3.95,0.7782
4,0.7782
4.05,0.7782
4.1,0.7782
4.15,0.7782
4.2,0.7782
4.25,0.7782
4.3,0.7782
4.35,0.7782
4.4,0.7782
4.45,0.7782
4.5,0.7782
4.55,0.7782
4.6,0.7782
4.65,0.7782
4.7,0.7782
4.75,0.7782
4.8,0.7782
4.85,0.7782
4.9,0.7782
4.95,0.7782
5,0.7782
5.05,0.7782
5.1,0.7782
5.15,0.7782
5.2,0.7782
5.25,0.7782
5.3,0.7782
5.35,0.7782
5.4,0.7782
5.45,0.7782
5.5,0.7782
5.55,0.7782
5.6,0.7782
5.65,0.7782
5.7,0.7782
5.75,0.7782
5.8,0.7782
5.85,0.7782
5.9,0.7782
5.95,0.7782
6,0.7782
6.05,0.7782
6.1,0.7782
6.15,0.7782
6.2,0.7782
6.25,0.7782
6.3,0.7782
6.35,0.7782
6.4,0.7782
6.45,0.7782
6.5,0.7782
6.55,0.7782
6.6,0.7782
6.65,0.7782
6.7,0.7782
6.75,0.7782
6.8,0.7782
6.85,0.7782
6.9,0.7782
6.95,0.7782
7,0.7782
7.05,0.7782
7.1,0.7782
7.15,0.7782
7.2,0.7782
7.25,0.7782
7.3,0.7782
7.35,0.7782
7.4,0.7782
7.45,0.7782
7.5,0.7782
7.55,0.7782
7.6,0.7782
7.65,0.7782
7.7,0.7782
7.75,0.7782
7.8,0.7782
7.85,0.7782
7.9,0.7782
7.95,0.7782
8,0.7782
8.05,0.7782
8.1,0.7782
8.15,0.7782
8.2,0.7782
8.25,0.7782
8.3,0.7782
8.35,0.7782
8.4,0.7782
8.45,0.7782
8.5,0.7782
8.55,0.7782
8.6,0.7782
8.65,0.7782
8.7,0.7782
8.75,0.7782
8.8,0.7782
8.85,0.7782
8.9,0.7782
8.95,0.7782
9,0.7782
9.05,0.7782
9.1,0.7782
9.15,0.7782
9.2,0.7782
9.25,0.7782
9.3,0.7782
9.35,0.7782
9.4,0.7782
9.45,0.7782
9.5,0.7782
9.55,0.7782
9.6,0.7782
9.65,0.7782
9.7,0.7782
9.75,0.7782
9.8,0.7782
9.85,0.7782
9.9,0.7782
9.95,0.7782
10,0.7782
10.05,0.7782
10.1,0.7782
10.15,0.7782
10.2,0.7782
10.25,0.7782
10.3,0.7782
10.35,0.7782
10.4,0.7782
10.45,0.7782
10.5,0.7782
10.55,0.7782
10.6,0.7782
10.65,0.7782
10.7,0.7782
10.75,0.7782
10.8,0.7782
10.85,0.7782
10.9,0.7782
10.95,0.7782
11,0.7782
11.05,0.7782
11.1,0.7782
11.15,0.7782
11.2,0.7782
11.25,0.7782
11.3,0.7782
11.35,0.7782
11.4,0.7782
11.45,0.7782
11.5,0.7782
11.55,0.7782
11.6,0.7782
11.65,0.7782
11.7,0.7782
11.75,0.7782
11.8,0.7782
11.85,0.7782
11.9,0.7782
11.95,0.7782
12,0.7782
12.05,0.7782
12.1,0.7782
12.15,0.7782
12.2,0.7782
12.25,0.7782
12.3,0.7782
12.35,0.7782
12.4,0.7782
12.45,0.7782
12.5,0.7782
12.55,0.7782
12.6,0.7782
12.65,0.7782
12.7,0.7782
12.75,0.7782
12.8,0.7782
12.85,0.7782
12.9,0.7782
12.95,0.7782
13,0.7782
13.05,0.7782
13.1,0.7782
13.15,0.7782
13.2,0.7782
13.25,0.7782
13.3,0.7782
13.35,0.7782
13.4,0.7782
13.45,0.7782
13.5,0.7782
13.55,0.7782
13.6,0.7782
13.65,0.7782
13.7,0.7782
13.75,0.7782
13.8,0.7782
13.85,0.7782
13.9,0.7782
13.95,0.7782
14,0.7782
14.05,0.7782
14.1,0.7782
14.15,0.7782
14.2,0.7782
14.25,0.7782
14.3,0.7782
14.35,0.7782
14.4,0.7782
14.45,0.7782
14.5,0.7782
14.55,0.7782
14.6,0.7782
14.65,0.7782
14.7,0.7782
14.75,0.7782
14.8,0.7782
14.85,0.7782
14.9,0.7782
14.95,0.7782
15,0.7782
15.05,0.7782
15.1,0.7782
15.15,0.7782
15.2,0.7782
15.25,0.7782
15.3,0.7782
15.35,0.7782
15.4,0.7782
15.45,0.7782
15.5,0.7782
15.55,0.7782
15.6,0.7782
15.65,0.7782
15.7,0.7782
15.75,0.7782
15.8,0.7782
15.85,0.7782
15.9,0.7782
15.95,0.7782
16,0.7782
16.05,0.7782
16.1,0.7782
16.15,0.7782
16.2,0.7782
16.25,0.7782
16.3,0.7782
16.35,0.7782
16.4,0.7782
16.45,0.7782
16.5,0.7782
16.55,0.7782
16.6,0.7782
16.65,0.7782
16.7,0.7782
16.75,0.7782
16.8,0.7782
16.85,0.7782
16.9,0.7782
16.95,0.7782
17,0.7782
17.05,0.7782
17.1,0.7782
17.15,0.7782
17.2,0.7782
17.25,0.7782
17.3,0.7782
17.35,0.7782
17.4,0.7782
17.45,0.7782
17.5,0.7782
17.55,0.7782
17.6,0.7782
17.65,0.7782
17.7,0.7782
17.75,0.7782
17.8,0.7782
17.85,0.7782
17.9,0.7782
17.95,0.7782
18,0.7782
18.05,0.7782
18.1,0.7782
18.15,0.7782
18.2,0.7782
18.25,0.7782
18.3,0.7782
18.35,0.7782
18.4,0.7782
18.45,0.7782
18.5,0.7782
18.55,0.7782
18.6,0.7782
18.65,0.7782
18.7,0.7782
18.75,0.7782
18.8,0.7782
18.85,0.7782
18.9,0.7782
18.95,0.7782
19,0.7782
19.05,0.7782
19.1,0.7782
19.15,0.7782
19.2,0.7782
19.25,0.7782
19.3,0.7782
19.35,0.7782
19.4,0.7782
19.45,0.7782
19.5,0.7782
19.55,0.7782
19.6,0.7782
19.65,0.7782
19.7,0.7782
19.75,0.7782
19.8,0.7782
19.85,0.7782
19.9,0.7782
19.95,0.7782
20,0.7782
20.05,0.7782
20.1,0.7782
20.15,0.7782
20.2,0.7782
20.25,0.7782
20.3,0.7782
20.35,0.7782
20.4,0.7782
20.45,0.7782
20.5,0.7782
20.55,0.7782
20.6,0.7782
20.65,0.7782
20.7,0.7782
20.75,0.7782
20.8,0.7782
20.85,0.7782
20.9,0.7782
20.95,0.7782
21,0.7782
21.05,0.7782
21.1,0.7782
21.15,0.7782
21.2,0.7782
21.25,0.7782
21.3,0.7782
21.35,0.7782
21.4,0.7782
21.45,0.7782
21.5,0.7782
21.55,0.7782
21.6,0.7782
21.65,0.7782
21.7,0.7782
21.75,0.7782
21.8,0.7782
21.85,0.7782
21.9,0.7782
21.95,0.7782
22,0.7782
22.05,0.7782
22.1,0.7782
22.15,0.7782
22.2,0.7782
22.25,0.7782
22.3,0.7782
22.35,0.7782
22.4,0.7782
22.45,0.7782
22.5,0.7782
22.55,0.7782
22.6,0.7782
22.65,0.7782
22.7,0.7782
22.75,0.7782
22.8,0.7782
22.85,0.7782
22.9,0.7782
22.95,0.7782
23,0.7782
23.05,0.7782
23.1,0.7782
23.15,0.7782
23.2,0.7782
23.25,0.7782
23.3,0.7782
23.35,0.7782
23.4,0.7782
23.45,0.7782
23.5,0.7782
23.55,0.7782
23.6,0.7782
23.65,0.7782
23.7,0.7782
23.75,0.7782
23.8,0.7782
23.85,0.7782
23.9,0.7782
23.95,0.7782
24,0.7782
24.05,0.7782
24.1,0.7782
24.15,0.7782
24.2,0.7782
24.25,0.7782
24.3,0.7782
24.35,0.7782
24.4,0.7782
24.45,0.7782
24.5,0.7782
24.55,0.7782
24.6,0.7782
24.65,0.7782
24.7,0.7782
24.75,0.7782
24.8,0.7782
24.85,0.7782
24.9,0.7782
24.95,0.7782
25,0.7782
25.05,0.7782
25.1,0.7782
25.15,0.7782
25.2,0.7782
25.25,0.7782
25.3,0.7782
25.35,0.7782
25.4,0.7782
25.45,0.7782
25.5,0.7782
25.55,0.7782
25.6,0.7782
25.65,0.7782
25.7,0.7782
25.75,0.7782
25.8,0.7782
25.85,0.7782
25.9,0.7782
25.95,0.7782
26,0.7782
26.05,0.7782
26.1,0.7782
26.15,0.7782
26.2,0.7782
26.25,0.7782
26.3,0.7782
26.35,0.7782
26.4,0.7782
26.45,0.7782
26.5,0.7782
26.55,0.7782
26.6,0.7782
26.65,0.7782
26.7,0.7782
26.75,0.7782
26.8,0.7782
26.85,0.7782
26.9,0.7782
26.95,0.7782
27,0.7782
27.05,0.7782
27.1,0.7782
27.15,0.7782
27.2,0.7782
27.25,0.7782
27.3,0.7782
27.35,0.7782
27.4,0.7782
27.45,0.7782
27.5,0.7782
27.55,0.7782
27.6,0.7782
27.65,0.7782
27.7,0.7782
27.75,0.7782
27.8,0.7782
27.85,0.7782
27.9,0.7782
27.95,0.7782
28,0.7782
28.05,0.7782
28.1,0.7782
28.15,0.7782
28.2,0.7782
28.25,0.7782
28.3,0.7782
28.35,0.7782
28.4,0.7782
28.45,0.7782
28.5,0.7782
28.55,0.7782
28.6,0.7782
28.65,0.7782
28.7,0.7782
28.75,0.7782
28.8,0.7782
28.85,0.7782
28.9,0.7782
28.95,0.7782
29,0.7782
29.05,0.7782
29.1,0.7782
29.15,0.7782
29.2,0.7782
29.25,0.7782
29.3,0.7782
29.35,0.7782
29.4,0.7782
29.45,0.7782
29.5,0.7782
29.55,0.7782
29.6,0.7782
29.65,0.7782
29.7,0.7782
29.75,0.7782
29.8,0.7782
29.85,0.7782
29.9,0.7782
29.95,0.7782
30,0.7782
30.05,0.7782
30.1,0.7782
30.15,0.7782
30.2,0.7782
30.25,0.7782
30.3,0.7782
30.35,0.7782
30.4,0.7782
30.45,0.7782
30.5,0.7782
30.55,0.7782
30.6,0.7782
30.65,0.7782
30.7,0.7782
30.75,0.7782
30.8,0.7782
30.85,0.7782
30.9,0.7782
30.95,0.7782
31,0.7782
31.05,0.7782
31.1,0.7782
31.15,0.7782
31.2,0.7782
31.25,0.7782
31.3,0.7782
31.35,0.7782
31.4,0.7782
31.45,0.7782
31.5,0.7782
31.55,0.7782
31.6,0.7782
31.65,0.7782
31.7,0.7782
31.75,0.7782
31.8,0.7782
31.85,0.7782
31.9,0.7782
31.95,0.7782
32,0.7782
32.05,0.7782
32.1,0.7782
32.15,0.7782
32.2,0.7782
32.25,0.7782
32.3,0.7782
32.35,0.7782
32.4,0.7782
32.45,0.7782
32.5,0.7782
32.55,0.7782
32.6,0.7782
32.65,0.7782
32.7,0.7782
32.75,0.7782
32.8,0.7782
32.85,0.7782
32.9,0.7782
32.95,0.7782
33,0.7782
33.05,0.7782
33.1,0.7782
33.15,0.7782
33.2,0.7782
33.25,0.7782
33.3,0.7782
33.35,0.7782
33.4,0.7782
33.45,0.7782
33.5,0.7782
33.55,0.7782
33.6,0.7782
33.65,0.7782
33.7,0.7782
33.75,0.7782
33.8,0.7782
33.85,0.7782
33.9,0.7782
33.95,0.7782
34,0.7782
34.05,0.7782
34.1,0.7782
34.15,0.7782
34.2,0.7782
34.25,0.7782
34.3,0.7782
34.35,0.7782
34.4,0.7782
34.45,0.7782
34.5,0.7782
34.55,0.7782
34.6,0.7782
34.65,0.7782
34.7,0.7782
34.75,0.7782
34.8,0.7782
34.85,0.7782
34.9,0.7782
34.95,0.7782
35,0.7782
35.05,0.7782
35.1,0.7782
35.15,0.7782
35.2,0.7782
35.25,0.7782
35.3,0.7782
35.35,0.7782
35.4,0.7782
35.45,0.7782
35.5,0.7782
35.55,0.7782
35.6,0.7782
35.65,0.7782
35.7,0.7782
35.75,0.7782
35.8,0.7782
35.85,0.7782
35.9,0.7782
35.95,0.7782
36,0.7782
36.05,0.7782
36.1,0.7782
36.15,0.7782
36.2,0.7782
36.25,0.7782
36.3,0.7782
36.35,0.7782
36.4,0.7782
36.45,0.7782
36.5,0.7782
36.55,0.7782
36.6,0.7782
36.65,0.7782
36.7,0.7782
36.75,0.7782
36.8,0.7782
36.85,0.7782
36.9,0.7782
36.95,0.7782
37,0.7782
37.05,0.7782
37.1,0.7782
37.15,0.7782
37.2,0.7782
37.25,0.7782
37.3,0.7782
37.35,0.7782
37.4,0.7782
37.45,0.7782
37.5,0.7782
37.55,0.7782
37.6,0.7782
37.65,0.7782
37.7,0.7782
37.75,0.7782
37.8,0.7782
37.85,0.7782
37.9,0.7782
37.95,0.7782
38,0.7782
38.05,0.7782
38.1,0.7782
38.15,0.7782
38.2,0.7782
38.25,0.7782
38.3,0.7782
38.35,0.7782
38.4,0.7782
38.45,0.7782
38.5,0.7782
38.55,0.7782
38.6,0.7782
38.65,0.7782
38.7,0.7782
38.75,0.7782
38.8,0.7782
38.85,0.7782
38.9,0.7782
38.95,0.7782
39,0.7782
39.05,0.7782
39.1,0.7782
39.15,0.7782
39.2,0.7782
39.25,0.7782
39.3,0.7782
39.35,0.7782
39.4,0.7782
39.45,0.7782
39.5,0.7782
39.55,0.7782
39.6,0.7782
39.65,0.7782
39.7,0.7782
39.75,0.7782
39.8,0.7782
39.85,0.7782
39.9,0.7782
39.95,0.7782
40,0.7782
40.05,0.7782
40.1,0.7782
40.15,0.7782
40.2,0.7782
40.25,0.7782
40.3,0.7782
40.35,0.7782
40.4,0.7782
40.45,0.7782
40.5,0.7782
40.55,0.7782
40.6,0.7782
40.65,0.7782
40.7,0.7782
40.75,0.7782
40.8,0.7782
40.85,0.7782
40.9,0.7782
40.95,0.7782
41,0.7782
41.05,0.7782
41.1,0.7782
41.15,0.7782
41.2,0.7782
41.25,0.7782
41.3,0.7782
41.35,0.7782
41.4,0.7782
41.45,0.7782
41.5,0.7782
41.55,0.7782
41.6,0.7782
41.65,0.7782
41.7,0.7782
41.75,0.7782
41.8,0.7782
41.85,0.7782
41.9,0.7782
41.95,0.7782
42,0.7782
42.05,0.7782
42.1,0.7782
42.15,0.7782
42.2,0.7782
42.25,0.7782
42.3,0.7782
42.35,0.7782
42.4,0.7782
42.45,0.7782
42.5,0.7782
42.55,0.7782
42.6,0.7782
42.65,0.7782
42.7,0.7782
42.75,0.7782
42.8,0.7782
42.85,0.7782
42.9,0.7782
42.95,0.7782
43,0.7782
43.05,0.7782
43.1,0.7782
43.15,0.7782
43.2,0.7782
43.25,0.7782
43.3,0.7782
43.35,0.7782
43.4,0.7782
43.45,0.7782
43.5,0.7782
43.55,0.7782
43.6,0.7782
43.65,0.7782
43.7,0.7782
43.75,0.7782
43.8,0.7782
43.85,0.7782
43.9,0.7782
43.95,0.7782
44,0.7782
44.05,0.7782
44.1,0.7782
44.15,0.7782
44.2,0.7782
44.25,0.7782
44.3,0.7782
44.35,0.7782
44.4,0.7782
44.45,0.7782
44.5,0.7782
44.55,0.7782
44.6,0.7782
44.65,0.7782
44.7,0.7782
44.75,0.7782
44.8,0.7782
44.85,0.7782
44.9,0.7782
44.95,0.7782
45,0.7782
45.05,0.7782
45.1,0.7782
45.15,0.7782
45.2,0.7782
45.25,0.7782
45.3,0.7782
45.35,0.7782
45.4,0.7782
45.45,0.7782
45.5,0.7782
45.55,0.7782
45.6,0.7782
45.65,0.7782
45.7,0.7782
45.75,0.7782
45.8,0.7782
45.85,0.7782
45.9,0.7782
45.95,0.7782
46,0.7782
46.05,0.7782
46.1,0.7782
46.15,0.7782
46.2,0.7782
46.25,0.7782
46.3,0.7782
46.35,0.7782
46.4,0.7782
46.45,0.7782
46.5,0.7782
46.55,0.7782
46.6,0.7782
46.65,0.7782
46.7,0.7782
46.75,0.7782
46.8,0.7782
46.85,0.7782
46.9,0.7782
46.95,0.7782
47,0.7782
47.05,0.7782
47.1,0.7782
47.15,0.7782
47.2,0.7782
47.25,0.7782
47.3,0.7782
47.35,0.7782
47.4,0.7782
47.45,0.7782
47.5,0.7782
47.55,0.7782
47.6,0.7782
47.65,0.7782
47.7,0.7782
47.75,0.7782
47.8,0.7782
47.85,0.7782
47.9,0.7782
47.95,0.7782
48,0.7782
48.05,0.7782
48.1,0.7782
48.15,0.7782
48.2,0.7782
48.25,0.7782
48.3,0.7782
48.35,0.7782
48.4,0.7782
48.45,0.7782
48.5,0.7782
48.55,0.7782
48.6,0.7782
48.65,0.7782
48.7,0.7782
48.75,0.7782
48.8,0.7782
48.85,0.7782
48.9,0.7782
48.95,0.7782
49,0.7782
49.05,0.7782
49.1,0.7782
49.15,0.7782
49.2,0.7782
49.25,0.7782
49.3,0.7782
49.35,0.7782
49.4,0.7782
49.45,0.7782
49.5,0.7782
49.55,0.7782
49.6,0.7782
49.65,0.7782
49.7,0.7782
49.75,0.7782
49.8,0.7782
49.85,0.7782
49.9,0.7782
49.95,0.7782
50,0.7782
50.05,0.7782
50.1,0.7782
50.15,0.7782
50.2,0.7782
50.25,0.7782
50.3,0.7782
50.35,0.7782
50.4,0.7782
50.45,0.7782
50.5,0.7782
50.55,0.7782
50.6,0.7782
50.65,0.7782
50.7,0.7782
50.75,0.7782
50.8,0.7782
50.85,0.7782
50.9,0.7782
50.95,0.7782
51,0.7782
51.05,0.7782
51.1,0.7782
51.15,0.7782
51.2,0.7782
51.25,0.7782
51.3,0.7782
51.35,0.7782
51.4,0.7782
51.45,0.7782
51.5,0.7782
51.55,0.7782
51.6,0.7782
51.65,0.7782
51.7,0.7782
51.75,0.7782
51.8,0.7782
51.85,0.7782
51.9,0.7782
51.95,0.7782
52,0.7782
52.05,0.7782
52.1,0.7782
52.15,0.7782
52.2,0.7782
52.25,0.7782
52.3,0.7782
52.35,0.7782
52.4,0.7782
52.45,0.7782
52.5,0.7782
52.55,0.7782
52.6,0.7782
52.65,0.7782
52.7,0.7782
52.75,0.7782
52.8,0.7782
52.85,0.7782
52.9,0.7782
52.95,0.7782
53,0.7782
53.05,0.7782
53.1,0.7782
53.15,0.7782
53.2,0.7782
53.25,0.7782
53.3,0.7782
53.35,0.7782
53.4,0.7782
53.45,0.7782
53.5,0.7782
53.55,0.7782
53.6,0.7782
53.65,0.7782
53.7,0.7782
53.75,0.7782
53.8,0.7782
53.85,0.7782
53.9,0.7782
53.95,0.7782
54,0.7782
54.05,0.7782
54.1,0.7782
54.15,0.7782
54.2,0.7782
54.25,0.7782
54.3,0.7782
54.35,0.7782
54.4,0.7782
54.45,0.7782
54.5,0.7782
54.55,0.7782
54.6,0.7782
54.65,0.7782
54.7,0.7782
54.75,0.7782
54.8,0.7782
54.85,0.7782
54.9,0.7782
54.95,0.7782
55,0.7782
55.05,0.7782
55.1,0.7782
55.15,0.7782
55.2,0.7782
55.25,0.7782
55.3,0.7782
55.35,0.7782
55.4,0.7782
55.45,0.7782
55.5,0.7782
55.55,0.7782
55.6,0.7782
55.65,0.7782
55.7,0.7782
55.75,0.7782
55.8,0.7782
55.85,0.7782
55.9,0.7782
55.95,0.7782
56,0.7782
56.05,0.7782
56.1,0.7782
56.15,0.7782
56.2,0.7782
56.25,0.7782
56.3,0.7782
56.35,0.7782
56.4,0.7782
56.45,0.7782
56.5,0.7782
56.55,0.7782
56.6,0.7782
56.65,0.7782
56.7,0.7782
56.75,0.7782
56.8,0.7782
56.85,0.7782
56.9,0.7782
56.95,0.7782
57,0.7782
57.05,0.7782
57.1,0.7782
57.15,0.7782
57.2,0.7782
57.25,0.7782
57.3,0.7782
57.35,0.7782
57.4,0.7782
57.45,0.7782
57.5,0.7782
57.55,0.7782
57.6,0.7782
57.65,0.7782
57.7,0.7782
57.75,0.7782
57.8,0.7782
57.85,0.7782
57.9,0.7782
57.95,0.7782
58,0.7782
58.05,0.7782
58.1,0.7782
58.15,0.7782
58.2,0.7782
58.25,0.7782
58.3,0.7782
58.35,0.7782
58.4,0.7782
58.45,0.7782
58.5,0.7782
58.55,0.7782
58.6,0.7782
58.65,0.7782
58.7,0.7782
58.75,0.7782
58.8,0.7782
58.85,0.7782
58.9,0.7782
58.95,0.7782
59,0.7782
59.05,0.7782
59.1,0.7782
59.15,0.7782
59.2,0.7782
59.25,0.7782
59.3,0.7782
59.35,0.7782
59.4,0.7782
59.45,0.7782
59.5,0.7782
59.55,0.7782
59.6,0.7782
59.65,0.7782
59.7,0.7782
59.75,0.7782
59.8,0.7782
59.85,0.7782
59.9,0.7782
59.95,0.7782
60,0.7782
60.05,0.7782
60.1,0.7782
60.15,0.7782
60.2,0.7782
60.25,0.7782
60.3,0.7782
60.35,0.7782
60.4,0.7782
60.45,0.7782
60.5,0.7782
60.55,0.7782
60.6,0.7782
60.65,0.7782
60.7,0.7782
60.75,0.7782
60.8,0.7782
60.85,0.7782
60.9,0.7782
60.95,0.7782
61,0.7782
61.05,0.7782
61.1,0.7782
61.15,0.7782
61.2,0.7782
61.25,0.7782
61.3,0.7782
61.35,0.7782
61.4,0.7782
61.45,0.7782
61.5,0.7782
61.55,0.7782
61.6,0.7782
61.65,0.7782
61.7,0.7782
61.75,0.7782
61.8,0.7782
61.85,0.7782
61.9,0.7782
61.95,0.7782
62,0.7782
62.05,0.7782
62.1,0.7782
62.15,0.7782
62.2,0.7782
62.25,0.7782
62.3,0.7782
62.35,0.7782
62.4,0.7782
62.45,0.7782
62.5,0.7782
62.55,0.7782
62.6,0.7782
62.65,0.7782
62.7,0.7782
62.75,0.7782
62.8,0.7782
62.85,0.7782
62.9,0.7782
62.95,0.7782
63,0.7782
63.05,0.7782
63.1,0.7782
63.15,0.7782
63.2,0.7782
63.25,0.7782
63.3,0.7782
63.35,0.7782
63.4,0.7782
63.45,0.7782
63.5,0.7782
63.55,0.7782
63.6,0.7782
63.65,0.7782
63.7,0.7782
63.75,0.7782
63.8,0.7782
63.85,0.7782
63.9,0.7782
63.95,0.7782
64,0.7782
64.05,0.7782
64.1,0.7782
64.15,0.7782
64.2,0.7782
64.25,0.7782
64.3,0.7782
64.35,0.7782
64.4,0.7782
64.45,0.7782
64.5,0.7782
64.55,0.7782
64.6,0.7782
64.65,0.7782
64.7,0.7782
64.75,0.7782
64.8,0.7782
64.85,0.7782
64.9,0.7782
64.95,0.7782
65,0.7782
65.05,0.7782
65.1,0.7782
65.15,0.7782
65.2,0.7782
65.25,0.7782
65.3,0.7782
65.35,0.7782
65.4,0.7782
65.45,0.7782
65.5,0.7782
65.55,0.7782
65.6,0.7782
65.65,0.7782
65.7,0.7782
65.75,0.7782
65.8,0.7782
65.85,0.7782
65.9,0.7782
65.95,0.7782
66,0.7782
66.05,0.7782
66.1,0.7782
66.15,0.7782
66.2,0.7782
66.25,0.7782
66.3,0.7782
66.35,0.7782
66.4,0.7782
66.45,0.7782
66.5,0.7782
66.55,0.7782
66.6,0.7782
66.65,0.7782
66.7,0.7782
66.75,0.7782
66.8,0.7782
66.85,0.7782
66.9,0.7782
66.95,0.7782
67,0.7782
67.05,0.7782
67.1,0.7782
67.15,0.7782
67.2,0.7782
67.25,0.7782
67.3,0.7782
67.35,0.7782
67.4,0.7782
67.45,0.7782
67.5,0.7782
67.55,0.7782
67.6,0.7782
67.65,0.7782
67.7,0.7782
67.75,0.7782
67.8,0.7782
67.85,0.7782
67.9,0.7782
67.95,0.7782
68,0.7782
68.05,0.7782
68.1,0.7782
68.15,0.7782
68.2,0.7782
68.25,0.7782
68.3,0.7782
68.35,0.7782
68.4,0.7782
68.45,0.7782
68.5,0.7782
68.55,0.7782
68.6,0.7782
68.65,0.7782
68.7,0.7782
68.75,0.7782
68.8,0.7782
68.85,0.7782
68.9,0.7782
68.95,0.7782
69,0.7782
69.05,0.7782
69.1,0.7782
69.15,0.7782
69.2,0.7782
69.25,0.7782
69.3,0.7782
69.35,0.7782
69.4,0.7782
69.45,0.7782
69.5,0.7782
69.55,0.7782
69.6,0.7782
69.65,0.7782
69.7,0.7782
69.75,0.7782
69.8,0.7782
69.85,0.7782
69.9,0.7782
69.95,0.7782
70,0.7782
70.05,0
70.1,0
70.15,0
70.2,0
70.25,0
70.3,0
70.35,0
70.4,0
70.45,0
70.5,0
70.55,0
70.6,0
70.65,0
70.7,0
70.75,0
70.8,0
70.85,0
70.9,0
70.95,0
71,0
71.05,0
71.1,0
71.15,0
71.2,0
71.25,0
71.3,0
71.35,0
71.4,0
71.45,0
71.5,0
71.55,0
71.6,0
71.65,0
71.7,0
71.75,0
71.8,0
71.85,0
71.9,0
71.95,0
72,0
72.05,0
72.1,0
72.15,0
72.2,0
72.25,0
72.3,0
72.35,0
72.4,0
72.45,0
72.5,0
72.55,0
72.6,0
72.65,0
72.7,0
72.75,0
72.8,0
72.85,0
72.9,0
72.95,0
73,0
73.05,0
73.1,0
73.15,0
73.2,0
73.25,0
73.3,0
73.35,0
73.4,0
73.45,0
73.5,0
73.55,0
73.6,0
73.65,0
73.7,0
73.75,0
73.8,0
73.85,0
73.9,0
73.95,0
74,0
74.05,0
74.1,0
74.15,0
74.2,0
74.25,0
74.3,0
74.35,0
74.4,0
74.45,0
74.5,0
74.55,0
74.6,0
74.65,0
74.7,0
74.75,0
74.8,0
74.85,0
74.9,0
74.95,0
75,0
75.05,0
75.1,0
75.15,0
75.2,0
75.25,0
75.3,0
75.35,0
75.4,0
75.45,0
75.5,0
75.55,0
75.6,0
75.65,0
75.7,0
75.75,0
75.8,0
75.85,0
75.9,0
75.95,0
76,0
76.05,0
76.1,0
76.15,0
76.2,0
76.25,0
76.3,0
76.35,0
76.4,0
76.45,0
76.5,0
76.55,0
76.6,0
76.65,0
76.7,0
76.75,0
76.8,0
76.85,0
76.9,0
76.95,0
77,0
77.05,0
77.1,0
77.15,0
77.2,0
77.25,0
77.3,0
77.35,0
77.4,0
77.45,0
77.5,0
77.55,0
77.6,0
77.65,0
77.7,0
77.75,0
77.8,0
77.85,0
77.9,0
77.95,0
78,0
78.05,0
78.1,0
78.15,0
78.2,0
78.25,0
78.3,0
78.35,0
78.4,0
78.45,0
78.5,0
78.55,0
78.6,0
78.65,0
78.7,0
78.75,0
78.8,0
78.85,0
78.9,0
78.95,0
79,0
79.05,0
79.1,0
79.15,0
79.2,0
79.25,0
79.3,0
79.35,0
79.4,0
79.45,0
79.5,0
79.55,0
79.6,0
79.65,0
79.7,0
79.75,0
79.8,0
79.85,0
79.9,0
79.95,0
80,0
80.05,0
80.1,0
80.15,0
80.2,0
80.25,0
80.3,0
80.35,0
80.4,0
80.45,0
80.5,0
80.55,0
80.6,0
80.65,0
80.7,0
80.75,0
80.8,0
80.85,0
80.9,0
80.95,0
81,0
81.05,0
81.1,0
81.15,0
81.2,0
81.25,0
81.3,0
81.35,0
81.4,0
81.45,0
81.5,0
81.55,0
81.6,0
81.65,0
81.7,0
81.75,0
81.8,0
81.85,0
81.9,0
81.95,0
82,0
82.05,0
82.1,0
82.15,0
82.2,0
82.25,0
82.3,0
82.35,0
82.4,0
82.45,0
82.5,0
82.55,0
82.6,0
82.65,0
82.7,0
82.75,0
82.8,0
82.85,0
82.9,0
82.95,0
83,0
83.05,0
83.1,0
83.15,0
83.2,0
83.25,0
83.3,0
83.35,0
83.4,0
83.45,0
83.5,0
83.55,0
83.6,0
83.65,0
83.7,0
83.75,0
83.8,0
83.85,0
83.9,0
83.95,0
84,0
84.05,0
84.1,0
84.15,0
84.2,0
84.25,0
84.3,0
84.35,0
84.4,0
84.45,0
84.5,0
84.55,0
84.6,0
84.65,0
84.7,0
84.75,0
84.8,0
84.85,0
84.9,0
84.95,0
85,0
85.05,0
85.1,0
85.15,0
85.2,0
85.25,0
85.3,0
85.35,0
85.4,0
85.45,0
85.5,0
85.55,0
85.6,0
85.65,0
85.7,0
85.75,0
85.8,0
85.85,0
85.9,0
85.95,0
86,0
86.05,0
86.1,0
86.15,0
86.2,0
86.25,0
86.3,0
86.35,0
86.4,0
86.45,0
86.5,0
86.55,0
86.6,0
86.65,0
86.7,0
86.75,0
86.8,0
86.85,0
86.9,0
86.95,0
87,0
87.05,0
87.1,0
87.15,0
87.2,0
87.25,0
87.3,0
87.35,0
87.4,0
87.45,0
87.5,0
87.55,0
87.6,0
87.65,0
87.7,0
87.75,0
87.8,0
87.85,0
87.9,0
87.95,0
88,0
88.05,0
88.1,0
88.15,0
88.2,0
88.25,0
88.3,0
88.35,0
88.4,0
88.45,0
88.5,0
88.55,0
88.6,0
88.65,0
88.7,0
88.75,0
88.8,0
88.85,0
88.9,0
88.95,0
89,0
89.05,0
89.1,0
89.15,0
89.2,0
89.25,0
89.3,0
89.35,0
89.4,0
89.45,0
89.5,0
89.55,0
89.6,0
89.65,0
89.7,0
89.75,0
89.8,0
89.85,0
89.9,0
89.95,0
90,0
90.05,0
90.1,0
90.15,0
90.2,0
90.25,0
90.3,0
90.35,0
90.4,0
90.45,0
90.5,0
90.55,0
90.6,0
90.65,0
90.7,0
90.75,0
90.8,0
90.85,0
90.9,0
90.95,0
91,0
91.05,0
91.1,0
91.15,0
91.2,0
91.25,0
91.3,0
91.35,0
91.4,0
91.45,0
91.5,0
91.55,0
91.6,0
91.65,0
91.7,0
91.75,0
91.8,0
91.85,0
91.9,0
91.95,0
92,0
92.05,0
92.1,0
92.15,0
92.2,0
92.25,0
92.3,0
92.35,0
92.4,0
92.45,0
92.5,0
92.55,0
92.6,0
92.65,0
92.7,0
92.75,0
92.8,0
92.85,0
92.9,0
92.95,0
93,0
93.05,0
93.1,0
93.15,0
93.2,0
93.25,0
93.3,0
93.35,0
93.4,0
93.45,0
93.5,0
93.55,0
93.6,0
93.65,0
93.7,0
93.75,0
93.8,0
93.85,0
93.9,0
93.95,0
94,0
94.05,0
94.1,0
94.15,0
94.2,0
94.25,0
94.3,0
94.35,0
94.4,0
94.45,0
94.5,0
94.55,0
94.6,0
94.65,0
94.7,0
94.75,0
94.8,0
94.85,0
94.9,0
94.95,0
95,0
95.05,0
95.1,0
95.15,0
95.2,0
95.25,0
95.3,0
95.35,0
95.4,0
95.45,0
95.5,0
95.55,0
95.6,0
95.65,0
95.7,0
95.75,0
95.8,0
95.85,0
95.9,0
95.95,0
96,0
96.05,0
96.1,0
96.15,0
96.2,0
96.25,0
96.3,0
96.35,0
96.4,0
96.45,0
96.5,0
96.55,0
96.6,0
96.65,0
96.7,0
96.75,0
96.8,0
96.85,0
96.9,0
96.95,0
97,0
97.05,0
97.1,0
97.15,0
97.2,0
97.25,0
97.3,0
97.35,0
97.4,0
97.45,0
97.5,0
97.55,0
97.6,0
97.65,0
97.7,0
97.75,0
97.8,0
97.85,0
97.9,0
97.95,0
98,0
98.05,0
98.1,0
98.15,0
98.2,0
98.25,0
98.3,0
98.35,0
98.4,0
98.45,0
98.5,0
98.55,0
98.6,0
98.65,0
98.7,0
98.75,0
98.8,0
98.85,0
98.9,0
98.95,0
99,0
99.05,0
99.1,0
99.15,0
99.2,0
99.25,0
99.3,0
99.35,0
99.4,0
99.45,0
99.5,0
99.55,0
99.6,0
99.65,0
99.7,0
99.75,0
99.8,0
99.85,0
99.9,0
99.95,0
100,0
100.05,0
100.1,0
100.15,0
100.2,0
100.25,0
100.3,0
100.35,0
100.4,0
100.45,0
100.5,0
100.55,0
100.6,0
100.65,0
100.7,0
100.75,0
100.8,0
100.85,0
100.9,0
100.95,0
101,0
101.05,0
101.1,0
101.15,0
101.2,0
101.25,0
101.3,0
101.35,0
101.4,0
101.45,0
101.5,0
101.55,0
101.6,0
101.65,0
101.7,0
101.75,0
101.8,0
101.85,0
101.9,0
101.95,0
102,0
102.05,0
102.1,0
102.15,0
102.2,0
102.25,0
102.3,0
102.35,0
102.4,0
102.45,0
102.5,0
102.55,0
102.6,0
102.65,0
102.7,0
102.75,0
102.8,0
102.85,0
102.9,0
102.95,0
103,0
103.05,0
103.1,0
103.15,0
103.2,0
103.25,0
103.3,0
103.35,0
103.4,0
103.45,0
103.5,0
103.55,0
103.6,0
103.65,0
103.7,0
103.75,0
103.8,0
103.85,0
103.9,0
103.95,0
104,0
104.05,0
104.1,0
104.15,0
104.2,0
104.25,0
104.3,0
104.35,0
104.4,0
104.45,0
104.5,0
104.55,0
104.6,0
104.65,0
104.7,0
104.75,0
104.8,0
104.85,0
104.9,0
104.95,0
105,0
105.05,0
105.1,0
105.15,0
105.2,0
105.25,0
105.3,0
105.35,0
105.4,0
105.45,0
105.5,0
105.55,0
105.6,0
105.65,0
105.7,0
105.75,0
105.8,0
105.85,0
105.9,0
105.95,0
106,0
106.05,0
106.1,0
106.15,0
106.2,0
106.25,0
106.3,0
106.35,0
106.4,0
106.45,0
106.5,0
106.55,0
106.6,0
106.65,0
106.7,0
106.75,0
106.8,0
106.85,0
106.9,0
106.95,0
107,0
107.05,0
107.1,0
107.15,0
107.2,0
107.25,0
107.3,0
107.35,0
107.4,0
107.45,0
107.5,0
107.55,0
107.6,0
107.65,0
107.7,0
107.75,0
107.8,0
107.85,0
107.9,0
107.95,0
108,0
108.05,0
108.1,0
108.15,0
108.2,0
108.25,0
108.3,0
108.35,0
108.4,0
108.45,0
108.5,0
108.55,0
108.6,0
108.65,0
108.7,0
108.75,0
108.8,0
108.85,0
108.9,0
108.95,0
109,0
109.05,0
109.1,0
109.15,0
109.2,0
109.25,0
109.3,0
109.35,0
109.4,0
109.45,0
109.5,0
109.55,0
109.6,0
109.65,0
109.7,0
109.75,0
109.8,0
109.85,0
109.9,0
109.95,0
110,0
110.05,0
110.1,0
110.15,0
110.2,0
110.25,0
110.3,0
110.35,0
110.4,0
110.45,0
110.5,0
110.55,0
110.6,0
110.65,0
110.7,0
110.75,0
110.8,0
110.85,0
110.9,0
110.95,0
111,0
111.05,0
111.1,0
111.15,0
111.2,0
111.25,0
111.3,0
111.35,0
111.4,0
111.45,0
111.5,0
111.55,0
111.6,0
111.65,0
111.7,0
111.75,0
111.8,0
111.85,0
111.9,0
111.95,0
112,0
112.05,0
112.1,0
112.15,0
112.2,0
112.25,0
112.3,0
112.35,0
112.4,0
112.45,0
112.5,0
112.55,0
112.6,0
112.65,0
112.7,0
112.75,0
112.8,0
112.85,0
112.9,0
112.95,0
113,0
113.05,0
113.1,0
113.15,0
113.2,0
113.25,0
113.3,0
113.35,0
113.4,0
113.45,0
113.5,0
113.55,0
113.6,0
113.65,0
113.7,0
113.75,0
113.8,0
113.85,0
113.9,0
113.95,0
114,0
114.05,0
114.1,0
114.15,0
114.2,0
114.25,0
114.3,0
114.35,0
114.4,0
114.45,0
114.5,0
114.55,0
114.6,0
114.65,0
114.7,0
114.75,0
114.8,0
114.85,0
114.9,0
114.95,0
115,0
115.05,0
115.1,0
115.15,0
115.2,0
115.25,0
115.3,0
115.35,0
115.4,0
115.45,0
115.5,0
115.55,0
115.6,0
115.65,0
115.7,0
115.75,0
115.8,0
115.85,0
115.9,0
115.95,0
116,0
116.05,0
116.1,0
116.15,0
116.2,0
116.25,0
116.3,0
116.35,0
116.4,0
116.45,0
116.5,0
116.55,0
116.6,0
116.65,0
116.7,0
116.75,0
116.8,0
116.85,0
116.9,0
116.95,0
117,0
117.05,0
117.1,0
117.15,0
117.2,0
117.25,0
117.3,0
117.35,0
117.4,0
117.45,0
117.5,0
117.55,0
117.6,0
117.65,0
117.7,0
117.75,0
117.8,0
117.85,0
117.9,0
117.95,0
118,0
118.05,0
118.1,0
118.15,0
118.2,0
118.25,0
118.3,0
118.35,0
118.4,0
118.45,0
118.5,0
118.55,0
118.6,0
118.65,0
118.7,0
118.75,0
118.8,0
118.85,0
118.9,0
118.95,0
119,0
119.05,0
119.1,0
119.15,0
119.2,0
119.25,0
119.3,0
119.35,0
119.4,0
119.45,0
119.5,0
119.55,0
119.6,0
119.65,0
119.7,0
119.75,0
119.8,0
119.85,0
119.9,0
119.95,0
120,0
120.05,0.7782
120.1,0.7782
120.15,0.7782
120.2,0.7782
120.25,0.7782
120.3,0.7782
120.35,0.7782
120.4,0.7782
120.45,0.7782
120.5,0.7782
120.55,0.7782
120.6,0.7782
120.65,0.7782
120.7,0.7782
120.75,0.7782
120.8,0.7782
120.85,0.7782
120.9,0.7782
120.95,0.7782
121,0.7782
121.05,0.7782
121.1,0.7782
121.15,0.7782
121.2,0.7782
121.25,0.7782
121.3,0.7782
121.35,0.7782
121.4,0.7782
121.45,0.7782
121.5,0.7782
121.55,0.7782
121.6,0.7782
121.65,0.7782
121.7,0.7782
121.75,0.7782
121.8,0.7782
121.85,0.7782
121.9,0.7782
121.95,0.7782
122,0.7782
122.05,0.7782
122.1,0.7782
122.15,0.7782
122.2,0.7782
122.25,0.7782
122.3,0.7782
122.35,0.7782
122.4,0.7782
122.45,0.7782
122.5,0.7782
122.55,0.7782
122.6,0.7782
122.65,0.7782
122.7,0.7782
122.75,0.7782
122.8,0.7782
122.85,0.7782
122.9,0.7782
122.95,0.7782
123,0.7782
123.05,0.7782
123.1,0.7782
123.15,0.7782
123.2,0.7782
123.25,0.7782
123.3,0.7782
123.35,0.7782
123.4,0.7782
123.45,0.7782
123.5,0.7782
123.55,0.7782
123.6,0.7782
123.65,0.7782
123.7,0.7782
123.75,0.7782
123.8,0.7782
123.85,0.7782
123.9,0.7782
123.95,0.7782
124,0.7782
124.05,0.7782
124.1,0.7782
124.15,0.7782
124.2,0.7782
124.25,0.7782
124.3,0.7782
124.35,0.7782
124.4,0.7782
124.45,0.7782
124.5,0.7782
124.55,0.7782
124.6,0.7782
124.65,0.7782
124.7,0.7782
124.75,0.7782
124.8,0.7782
124.85,0.7782
124.9,0.7782
124.95,0.7782
125,0.7782
125.05,0.7782
125.1,0.7782
125.15,0.7782
125.2,0.7782
125.25,0.7782
125.3,0.7782
125.35,0.7782
125.4,0.7782
125.45,0.7782
125.5,0.7782
125.55,0.7782
125.6,0.7782
125.65,0.7782
125.7,0.7782
125.75,0.7782
125.8,0.7782
125.85,0.7782
125.9,0.7782
125.95,0.7782
126,0.7782
126.05,0.7782
126.1,0.7782
126.15,0.7782
126.2,0.7782
126.25,0.7782
126.3,0.7782
126.35,0.7782
126.4,0.7782
126.45,0.7782
126.5,0.7782
126.55,0.7782
126.6,0.7782
126.65,0.7782
126.7,0.7782
126.75,0.7782
126.8,0.7782
126.85,0.7782
126.9,0.7782
126.95,0.7782
127,0.7782
127.05,0.7782
127.1,0.7782
127.15,0.7782
127.2,0.7782
127.25,0.7782
127.3,0.7782
127.35,0.7782
127.4,0.7782
127.45,0.7782
127.5,0.7782
127.55,0.7782
127.6,0.7782
127.65,0.7782
127.7,0.7782
127.75,0.7782
127.8,0.7782
127.85,0.7782
127.9,0.7782
127.95,0.7782
128,0.7782
128.05,0.7782
128.1,0.7782
128.15,0.7782
128.2,0.7782
128.25,0.7782
128.3,0.7782
128.35,0.7782
128.4,0.7782
128.45,0.7782
128.5,0.7782
128.55,0.7782
128.6,0.7782
128.65,0.7782
128.7,0.7782
128.75,0.7782
128.8,0.7782
128.85,0.7782
128.9,0.7782
128.95,0.7782
129,0.7782
129.05,0.7782
129.1,0.7782
129.15,0.7782
129.2,0.7782
129.25,0.7782
129.3,0.7782
129.35,0.7782
129.4,0.7782
129.45,0.7782
129.5,0.7782
129.55,0.7782
129.6,0.7782
129.65,0.7782
129.7,0.7782
129.75,0.7782
129.8,0.7782
129.85,0.7782
129.9,0.7782
129.95,0.7782
130,0.7782
130.05,0.7782
130.1,0.7782
130.15,0.7782
130.2,0.7782
130.25,0.7782
130.3,0.7782
130.35,0.7782
130.4,0.7782
130.45,0.7782
130.5,0.7782
130.55,0.7782
130.6,0.7782
130.65,0.7782
130.7,0.7782
130.75,0.7782
130.8,0.7782
130.85,0.7782
130.9,0.7782
130.95,0.7782
131,0.7782
131.05,0.7782
131.1,0.7782
131.15,0.7782
131.2,0.7782
131.25,0.7782
131.3,0.7782
131.35,0.7782
131.4,0.7782
131.45,0.7782
131.5,0.7782
131.55,0.7782
131.6,0.7782
131.65,0.7782
131.7,0.7782
131.75,0.7782
131.8,0.7782
131.85,0.7782
131.9,0.7782
131.95,0.7782
132,0.7782
132.05,0.7782
132.1,0.7782
132.15,0.7782
132.2,0.7782
132.25,0.7782
132.3,0.7782
132.35,0.7782
132.4,0.7782
132.45,0.7782
132.5,0.7782
132.55,0.7782
132.6,0.7782
132.65,0.7782
132.7,0.7782
132.75,0.7782
132.8,0.7782
132.85,0.7782
132.9,0.7782
132.95,0.7782
133,0.7782
133.05,0.7782
133.1,0.7782
133.15,0.7782
133.2,0.7782
133.25,0.7782
133.3,0.7782
133.35,0.7782
133.4,0.7782
133.45,0.7782
133.5,0.7782
133.55,0.7782
133.6,0.7782
133.65,0.7782
133.7,0.7782
133.75,0.7782
133.8,0.7782
133.85,0.7782
133.9,0.7782
133.95,0.7782
134,0.7782
134.05,0.7782
134.1,0.7782
134.15,0.7782
134.2,0.7782
134.25,0.7782
134.3,0.7782
134.35,0.7782
134.4,0.7782
134.45,0.7782
134.5,0.7782
134.55,0.7782
134.6,0.7782
134.65,0.7782
134.7,0.7782
134.75,0.7782
134.8,0.7782
134.85,0.7782
134.9,0.7782
134.95,0.7782
135,0.7782
135.05,0.7782
135.1,0.7782
135.15,0.7782
135.2,0.7782
135.25,0.7782
135.3,0.7782
135.35,0.7782
135.4,0.7782
135.45,0.7782
135.5,0.7782
135.55,0.7782
135.6,0.7782
135.65,0.7782
135.7,0.7782
135.75,0.7782
135.8,0.7782
135.85,0.7782
135.9,0.7782
135.95,0.7782
136,0.7782
136.05,0.7782
136.1,0.7782
136.15,0.7782
136.2,0.7782
136.25,0.7782
136.3,0.7782
136.35,0.7782
136.4,0.7782
136.45,0.7782
136.5,0.7782
136.55,0.7782
136.6,0.7782
136.65,0.7782
136.7,0.7782
136.75,0.7782
136.8,0.7782
136.85,0.7782
136.9,0.7782
136.95,0.7782
137,0.7782
137.05,0.7782
137.1,0.7782
137.15,0.7782
137.2,0.7782
137.25,0.7782
137.3,0.7782
137.35,0.7782
137.4,0.7782
137.45,0.7782
137.5,0.7782
137.55,0.7782
137.6,0.7782
137.65,0.7782
137.7,0.7782
137.75,0.7782
137.8,0.7782
137.85,0.7782
137.9,0.7782
137.95,0.7782
138,0.7782
138.05,0.7782
138.1,0.7782
138.15,0.7782
138.2,0.7782
138.25,0.7782
138.3,0.7782
138.35,0.7782
138.4,0.7782
138.45,0.7782
138.5,0.7782
138.55,0.7782
138.6,0.7782
138.65,0.7782
138.7,0.7782
138.75,0.7782
138.8,0.7782
138.85,0.7782
138.9,0.7782
138.95,0.7782
139,0.7782
139.05,0.7782
139.1,0.7782
139.15,0.7782
139.2,0.7782
139.25,0.7782
139.3,0.7782
139.35,0.7782
139.4,0.7782
139.45,0.7782
139.5,0.7782
139.55,0.7782
139.6,0.7782
139.65,0.7782
139.7,0.7782
139.75,0.7782
139.8,0.7782
139.85,0.7782
139.9,0.7782
139.95,0.7782
140,0.7782
140.05,0.7782
140.1,0.7782
140.15,0.7782
140.2,0.7782
140.25,0.7782
140.3,0.7782
140.35,0.7782
140.4,0.7782
140.45,0.7782
140.5,0.7782
140.55,0.7782
140.6,0.7782
140.65,0.7782
140.7,0.7782
140.75,0.7782
140.8,0.7782
140.85,0.7782
140.9,0.7782
140.95,0.7782
141,0.7782
141.05,0.7782
141.1,0.7782
141.15,0.7782
141.2,0.7782
141.25,0.7782
141.3,0.7782
141.35,0.7782
141.4,0.7782
141.45,0.7782
141.5,0.7782
141.55,0.7782
141.6,0.7782
141.65,0.7782
141.7,0.7782
141.75,0.7782
141.8,0.7782
141.85,0.7782
141.9,0.7782
141.95,0.7782
142,0.7782
142.05,0.7782
142.1,0.7782
142.15,0.7782
142.2,0.7782
142.25,0.7782
142.3,0.7782
142.35,0.7782
142.4,0.7782
142.45,0.7782
142.5,0.7782
142.55,0.7782
142.6,0.7782
142.65,0.7782
142.7,0.7782
142.75,0.7782
142.8,0.7782
142.85,0.7782
142.9,0.7782
142.95,0.7782
143,0.7782
143.05,0.7782
143.1,0.7782
143.15,0.7782
143.2,0.7782
143.25,0.7782
143.3,0.7782
143.35,0.7782
143.4,0.7782
143.45,0.7782
143.5,0.7782
143.55,0.7782
143.6,0.7782
143.65,0.7782
143.7,0.7782
143.75,0.7782
143.8,0.7782
143.85,0.7782
143.9,0.7782
143.95,0.7782
144,0.7782
144.05,0.7782
144.1,0.7782
144.15,0.7782
144.2,0.7782
144.25,0.7782
144.3,0.7782
144.35,0.7782
144.4,0.7782
144.45,0.7782
144.5,0.7782
144.55,0.7782
144.6,0.7782
144.65,0.7782
144.7,0.7782
144.75,0.7782
144.8,0.7782
144.85,0.7782
144.9,0.7782
144.95,0.7782
145,0.7782
145.05,0.7782
145.1,0.7782
145.15,0.7782
145.2,0.7782
145.25,0.7782
145.3,0.7782
145.35,0.7782
145.4,0.7782
145.45,0.7782
145.5,0.7782
145.55,0.7782
145.6,0.7782
145.65,0.7782
145.7,0.7782
145.75,0.7782
145.8,0.7782
145.85,0.7782
145.9,0.7782
145.95,0.7782
146,0.7782
146.05,0.7782
146.1,0.7782
146.15,0.7782
146.2,0.7782
146.25,0.7782
146.3,0.7782
146.35,0.7782
146.4,0.7782
146.45,0.7782
146.5,0.7782
146.55,0.7782
146.6,0.7782
146.65,0.7782
146.7,0.7782
146.75,0.7782
146.8,0.7782
146.85,0.7782
146.9,0.7782
146.95,0.7782
147,0.7782
147.05,0.7782
147.1,0.7782
147.15,0.7782
147.2,0.7782
147.25,0.7782
147.3,0.7782
147.35,0.7782
147.4,0.7782
147.45,0.7782
147.5,0.7782
147.55,0.7782
147.6,0.7782
147.65,0.7782
147.7,0.7782
147.75,0.7782
147.8,0.7782
147.85,0.7782
147.9,0.7782
147.95,0.7782
148,0.7782
148.05,0.7782
148.1,0.7782
148.15,0.7782
148.2,0.7782
148.25,0.7782
148.3,0.7782
148.35,0.7782
148.4,0.7782
148.45,0.7782
148.5,0.7782
148.55,0.7782
148.6,0.7782
148.65,0.7782
148.7,0.7782
148.75,0.7782
148.8,0.7782
148.85,0.7782
148.9,0.7782
148.95,0.7782
149,0.7782
149.05,0.7782
149.1,0.7782
149.15,0.7782
149.2,0.7782
149.25,0.7782
149.3,0.7782
149.35,0.7782
149.4,0.7782
149.45,0.7782
149.5,0.7782
149.55,0.7782
149.6,0.7782
149.65,0.7782
149.7,0.7782
149.75,0.7782
149.8,0.7782
149.85,0.7782
149.9,0.7782
149.95,0.7782
150,0.7782
150.05,0.7782
150.1,0.7782
150.15,0.7782
150.2,0.7782
150.25,0.7782
150.3,0.7782
150.35,0.7782
150.4,0.7782
150.45,0.7782
150.5,0.7782
150.55,0.7782
150.6,0.7782
150.65,0.7782
150.7,0.7782
150.75,0.7782
150.8,0.7782
150.85,0.7782
150.9,0.7782
150.95,0.7782
151,0.7782
151.05,0.7782
151.1,0.7782
151.15,0.7782
151.2,0.7782
151.25,0.7782
151.3,0.7782
151.35,0.7782
151.4,0.7782
151.45,0.7782
151.5,0.7782
151.55,0.7782
151.6,0.7782
151.65,0.7782
151.7,0.7782
151.75,0.7782
151.8,0.7782
151.85,0.7782
151.9,0.7782
151.95,0.7782
152,0.7782
152.05,0.7782
152.1,0.7782
152.15,0.7782
152.2,0.7782
152.25,0.7782
152.3,0.7782
152.35,0.7782
152.4,0.7782
152.45,0.7782
152.5,0.7782
152.55,0.7782
152.6,0.7782
152.65,0.7782
152.7,0.7782
152.75,0.7782
152.8,0.7782
152.85,0.7782
152.9,0.7782
152.95,0.7782
153,0.7782
153.05,0.7782
153.1,0.7782
153.15,0.7782
153.2,0.7782
153.25,0.7782
153.3,0.7782
153.35,0.7782
153.4,0.7782
153.45,0.7782
153.5,0.7782
153.55,0.7782
153.6,0.7782
153.65,0.7782
153.7,0.7782
153.75,0.7782
153.8,0.7782
153.85,0.7782
153.9,0.7782
153.95,0.7782
154,0.7782
154.05,0.7782
154.1,0.7782
154.15,0.7782
154.2,0.7782
154.25,0.7782
154.3,0.7782
154.35,0.7782
154.4,0.7782
154.45,0.7782
154.5,0.7782
154.55,0.7782
154.6,0.7782
154.65,0.7782
154.7,0.7782
154.75,0.7782
154.8,0.7782
154.85,0.7782
154.9,0.7782
154.95,0.7782
155,0.7782
155.05,0.7782
155.1,0.7782
155.15,0.7782
155.2,0.7782
155.25,0.7782
155.3,0.7782
155.35,0.7782
155.4,0.7782
155.45,0.7782
155.5,0.7782
155.55,0.7782
155.6,0.7782
155.65,0.7782
155.7,0.7782
155.75,0.7782
155.8,0.7782
155.85,0.7782
155.9,0.7782
155.95,0.7782
156,0.7782
156.05,0.7782
156.1,0.7782
156.15,0.7782
156.2,0.7782
156.25,0.7782
156.3,0.7782
156.35,0.7782
156.4,0.7782
156.45,0.7782
156.5,0.7782
156.55,0.7782
156.6,0.7782
156.65,0.7782
156.7,0.7782
156.75,0.7782
156.8,0.7782
156.85,0.7782
156.9,0.7782
156.95,0.7782
157,0.7782
157.05,0.7782
157.1,0.7782
157.15,0.7782
157.2,0.7782
157.25,0.7782
157.3,0.7782
157.35,0.7782
157.4,0.7782
157.45,0.7782
157.5,0.7782
157.55,0.7782
157.6,0.7782
157.65,0.7782
157.7,0.7782
157.75,0.7782
157.8,0.7782
157.85,0.7782
157.9,0.7782
157.95,0.7782
158,0.7782
158.05,0.7782
158.1,0.7782
158.15,0.7782
158.2,0.7782
158.25,0.7782
158.3,0.7782
158.35,0.7782
158.4,0.7782
158.45,0.7782
158.5,0.7782
158.55,0.7782
158.6,0.7782
158.65,0.7782
158.7,0.7782
158.75,0.7782
158.8,0.7782
158.85,0.7782
158.9,0.7782
158.95,0.7782
159,0.7782
159.05,0.7782
159.1,0.7782
159.15,0.7782
159.2,0.7782
159.25,0.7782
159.3,0.7782
159.35,0.7782
159.4,0.7782
159.45,0.7782
159.5,0.7782
159.55,0.7782
159.6,0.7782
159.65,0.7782
159.7,0.7782
159.75,0.7782
159.8,0.7782
159.85,0.7782
159.9,0.7782
159.95,0.7782
160,0.7782
160.05,0.7782
160.1,0.7782
160.15,0.7782
160.2,0.7782
160.25,0.7782
160.3,0.7782
160.35,0.7782
160.4,0.7782
160.45,0.7782
160.5,0.7782
160.55,0.7782
160.6,0.7782
160.65,0.7782
160.7,0.7782
160.75,0.7782
160.8,0.7782
160.85,0.7782
160.9,0.7782
160.95,0.7782
161,0.7782
161.05,0.7782
161.1,0.7782
161.15,0.7782
161.2,0.7782
161.25,0.7782
161.3,0.7782
161.35,0.7782
161.4,0.7782
161.45,0.7782
161.5,0.7782
161.55,0.7782
161.6,0.7782
161.65,0.7782
161.7,0.7782
161.75,0.7782
161.8,0.7782
161.85,0.7782
161.9,0.7782
161.95,0.7782
162,0.7782
162.05,0.7782
162.1,0.7782
162.15,0.7782
162.2,0.7782
162.25,0.7782
162.3,0.7782
162.35,0.7782
162.4,0.7782
162.45,0.7782
162.5,0.7782
162.55,0.7782
162.6,0.7782
162.65,0.7782
162.7,0.7782
162.75,0.7782
162.8,0.7782
162.85,0.7782
162.9,0.7782
162.95,0.7782
163,0.7782
163.05,0.7782
163.1,0.7782
163.15,0.7782
163.2,0.7782
163.25,0.7782
163.3,0.7782
163.35,0.7782
163.4,0.7782
163.45,0.7782
163.5,0.7782
163.55,0.7782
163.6,0.7782
163.65,0.7782
163.7,0.7782
163.75,0.7782
163.8,0.7782
163.85,0.7782
163.9,0.7782
163.95,0.7782
164,0.7782
164.05,0.7782
164.1,0.7782
164.15,0.7782
164.2,0.7782
164.25,0.7782
164.3,0.7782
164.35,0.7782
164.4,0.7782
164.45,0.7782
164.5,0.7782
164.55,0.7782
164.6,0.7782
164.65,0.7782
164.7,0.7782
164.75,0.7782
164.8,0.7782
164.85,0.7782
164.9,0.7782
164.95,0.7782
165,0.7782
165.05,0.7782
165.1,0.7782
165.15,0.7782
165.2,0.7782
165.25,0.7782
165.3,0.7782
165.35,0.7782
165.4,0.7782
165.45,0.7782
165.5,0.7782
165.55,0.7782
165.6,0.7782
165.65,0.7782
165.7,0.7782
165.75,0.7782
165.8,0.7782
165.85,0.7782
165.9,0.7782
165.95,0.7782
166,0.7782
166.05,0.7782
166.1,0.7782
166.15,0.7782
166.2,0.7782
166.25,0.7782
166.3,0.7782
166.35,0.7782
166.4,0.7782
166.45,0.7782
166.5,0.7782
166.55,0.7782
166.6,0.7782
166.65,0.7782
166.7,0.7782
166.75,0.7782
166.8,0.7782
166.85,0.7782
166.9,0.7782
166.95,0.7782
167,0.7782
167.05,0.7782
167.1,0.7782
167.15,0.7782
167.2,0.7782
167.25,0.7782
167.3,0.7782
167.35,0.7782
167.4,0.7782
167.45,0.7782
167.5,0.7782
167.55,0.7782
167.6,0.7782
167.65,0.7782
167.7,0.7782
167.75,0.7782
167.8,0.7782
167.85,0.7782
167.9,0.7782
167.95,0.7782
168,0.7782
168.05,0.7782
168.1,0.7782
168.15,0.7782
168.2,0.7782
168.25,0.7782
168.3,0.7782
168.35,0.7782
168.4,0.7782
168.45,0.7782
168.5,0.7782
168.55,0.7782
168.6,0.7782
168.65,0.7782
168.7,0.7782
168.75,0.7782
168.8,0.7782
168.85,0.7782
168.9,0.7782
168.95,0.7782
169,0.7782
169.05,0.7782
169.1,0.7782
169.15,0.7782
169.2,0.7782
169.25,0.7782
169.3,0.7782
169.35,0.7782
169.4,0.7782
169.45,0.7782
169.5,0.7782
169.55,0.7782
169.6,0.7782
169.65,0.7782
169.7,0.7782
169.75,0.7782
169.8,0.7782
169.85,0.7782
169.9,0.7782
169.95,0.7782
170,0.7782
170.05,0.7782
170.1,0.7782
170.15,0.7782
170.2,0.7782
170.25,0.7782
170.3,0.7782
170.35,0.7782
170.4,0.7782
170.45,0.7782
170.5,0.7782
170.55,0.7782
170.6,0.7782
170.65,0.7782
170.7,0.7782
170.75,0.7782
170.8,0.7782
170.85,0.7782
170.9,0.7782
170.95,0.7782
171,0.7782
171.05,0.7782
171.1,0.7782
171.15,0.7782
171.2,0.7782
171.25,0.7782
171.3,0.7782
171.35,0.7782
171.4,0.7782
171.45,0.7782
171.5,0.7782
171.55,0.7782
171.6,0.7782
171.65,0.7782
171.7,0.7782
171.75,0.7782
171.8,0.7782
171.85,0.7782
171.9,0.7782
171.95,0.7782
172,0.7782
172.05,0.7782
172.1,0.7782
172.15,0.7782
172.2,0.7782
172.25,0.7782
172.3,0.7782
172.35,0.7782
172.4,0.7782
172.45,0.7782
172.5,0.7782
172.55,0.7782
172.6,0.7782
172.65,0.7782
172.7,0.7782
172.75,0.7782
172.8,0.7782
172.85,0.7782
172.9,0.7782
172.95,0.7782
173,0.7782
173.05,0.7782
173.1,0.7782
173.15,0.7782
173.2,0.7782
173.25,0.7782
173.3,0.7782
173.35,0.7782
173.4,0.7782
173.45,0.7782
173.5,0.7782
173.55,0.7782
173.6,0.7782
173.65,0.7782
173.7,0.7782
173.75,0.7782
173.8,0.7782
173.85,0.7782
173.9,0.7782
173.95,0.7782
174,0.7782
174.05,0.7782
174.1,0.7782
174.15,0.7782
174.2,0.7782
174.25,0.7782
174.3,0.7782
174.35,0.7782
174.4,0.7782
174.45,0.7782
174.5,0.7782
174.55,0.7782
174.6,0.7782
174.65,0.7782
174.7,0.7782
174.75,0.7782
174.8,0.7782
174.85,0.7782
174.9,0.7782
174.95,0.7782
175,0.7782
175.05,0.7782
175.1,0.7782
175.15,0.7782
175.2,0.7782
175.25,0.7782
175.3,0.7782
175.35,0.7782
175.4,0.7782
175.45,0.7782
175.5,0.7782
175.55,0.7782
175.6,0.7782
175.65,0.7782
175.7,0.7782
175.75,0.7782
175.8,0.7782
175.85,0.7782
175.9,0.7782
175.95,0.7782
176,0.7782
176.05,0.7782
176.1,0.7782
176.15,0.7782
176.2,0.7782
176.25,0.7782
176.3,0.7782
176.35,0.7782
176.4,0.7782
176.45,0.7782
176.5,0.7782
176.55,0.7782
176.6,0.7782
176.65,0.7782
176.7,0.7782
176.75,0.7782
176.8,0.7782
176.85,0.7782
176.9,0.7782
176.95,0.7782
177,0.7782
177.05,0.7782
177.1,0.7782
177.15,0.7782
177.2,0.7782
177.25,0.7782
177.3,0.7782
177.35,0.7782
177.4,0.7782
177.45,0.7782
177.5,0.7782
177.55,0.7782
177.6,0.7782
177.65,0.7782
177.7,0.7782
177.75,0.7782
177.8,0.7782
177.85,0.7782
177.9,0.7782
177.95,0.7782
178,0.7782
178.05,0.7782
178.1,0.7782
178.15,0.7782
178.2,0.7782
178.25,0.7782
178.3,0.7782
178.35,0.7782
178.4,0.7782
178.45,0.7782
178.5,0.7782
178.55,0.7782
178.6,0.7782
178.65,0.7782
178.7,0.7782
178.75,0.7782
178.8,0.7782
178.85,0.7782
178.9,0.7782
178.95,0.7782
179,0.7782
179.05,0.7782
179.1,0.7782
179.15,0.7782
179.2,0.7782
179.25,0.7782
179.3,0.7782
179.35,0.7782
179.4,0.7782
179.45,0.7782
179.5,0.7782
179.55,0.7782
179.6,0.7782
179.65,0.7782
179.7,0.7782
179.75,0.7782
179.8,0.7782
179.85,0.7782
179.9,0.7782
179.95,0.7782
180,0.7782
180.05,0.7782
180.1,0.7782
180.15,0.7782
180.2,0.7782
180.25,0.7782
180.3,0.7782
180.35,0.7782
180.4,0.7782
180.45,0.7782
180.5,0.7782
180.55,0.7782
180.6,0.7782
180.65,0.7782
180.7,0.7782
180.75,0.7782
180.8,0.7782
180.85,0.7782
180.9,0.7782
180.95,0.7782
181,0.7782
181.05,0.7782
181.1,0.7782
181.15,0.7782
181.2,0.7782
181.25,0.7782
181.3,0.7782
181.35,0.7782
181.4,0.7782
181.45,0.7782
181.5,0.7782
181.55,0.7782
181.6,0.7782
181.65,0.7782
181.7,0.7782
181.75,0.7782
181.8,0.7782
181.85,0.7782
181.9,0.7782
181.95,0.7782
182,0.7782
182.05,0.7782
182.1,0.7782
182.15,0.7782
182.2,0.7782
182.25,0.7782
182.3,0.7782
182.35,0.7782
182.4,0.7782
182.45,0.7782
182.5,0.7782
182.55,0.7782
182.6,0.7782
182.65,0.7782
182.7,0.7782
182.75,0.7782
182.8,0.7782
182.85,0.7782
182.9,0.7782
182.95,0.7782
183,0.7782
183.05,0.7782
183.1,0.7782
183.15,0.7782
183.2,0.7782
183.25,0.7782
183.3,0.7782
183.35,0.7782
183.4,0.7782
183.45,0.7782
183.5,0.7782
183.55,0.7782
183.6,0.7782
183.65,0.7782
183.7,0.7782
183.75,0.7782
183.8,0.7782
183.85,0.7782
183.9,0.7782
183.95,0.7782
184,0.7782
184.05,0.7782
184.1,0.7782
184.15,0.7782
184.2,0.7782
184.25,0.7782
184.3,0.7782
184.35,0.7782
184.4,0.7782
184.45,0.7782
184.5,0.7782
184.55,0.7782
184.6,0.7782
184.65,0.7782
184.7,0.7782
184.75,0.7782
184.8,0.7782
184.85,0.7782
184.9,0.7782
184.95,0.7782
185,0.7782
185.05,0.7782
185.1,0.7782
185.15,0.7782
185.2,0.7782
185.25,0.7782
185.3,0.7782
185.35,0.7782
185.4,0.7782
185.45,0.7782
185.5,0.7782
185.55,0.7782
185.6,0.7782
185.65,0.7782
185.7,0.7782
185.75,0.7782
185.8,0.7782
185.85,0.7782
185.9,0.7782
185.95,0.7782
186,0.7782
186.05,0.7782
186.1,0.7782
186.15,0.7782
186.2,0.7782
186.25,0.7782
186.3,0.7782
186.35,0.7782
186.4,0.7782
186.45,0.7782
186.5,0.7782
186.55,0.7782
186.6,0.7782
186.65,0.7782
186.7,0.7782
186.75,0.7782
186.8,0.7782
186.85,0.7782
186.9,0.7782
186.95,0.7782
187,0.7782
187.05,0.7782
187.1,0.7782
187.15,0.7782
187.2,0.7782
187.25,0.7782
187.3,0.7782
187.35,0.7782
187.4,0.7782
187.45,0.7782
187.5,0.7782
187.55,0.7782
187.6,0.7782
187.65,0.7782
187.7,0.7782
187.75,0.7782
187.8,0.7782
187.85,0.7782
187.9,0.7782
187.95,0.7782
188,0.7782
188.05,0.7782
188.1,0.7782
188.15,0.7782
188.2,0.7782
188.25,0.7782
188.3,0.7782
188.35,0.7782
188.4,0.7782
188.45,0.7782
188.5,0.7782
188.55,0.7782
188.6,0.7782
188.65,0.7782
188.7,0.7782
188.75,0.7782
188.8,0.7782
188.85,0.7782
188.9,0.7782
188.95,0.7782
189,0.7782
189.05,0.7782
189.1,0.7782
189.15,0.7782
189.2,0.7782
189.25,0.7782
189.3,0.7782
189.35,0.7782
189.4,0.7782
189.45,0.7782
189.5,0.7782
189.55,0.7782
189.6,0.7782
189.65,0.7782
189.7,0.7782
189.75,0.7782
189.8,0.7782
189.85,0.7782
189.9,0.7782
189.95,0.7782
190,0.7782
